district,agro_climatic_zone,soil_type,season,crop,area_hectares,nitrogen_kgha,phosphorus_kgha,potassium_kgha,soil_ph,organic_carbon_pct,rainfall_mm,temperature_celsius,irrigation_type,yield_qha
Koraput,Eastern Ghat High Land,Red Laterite,Kharif,Maize,2.18,97.3,21.8,32.6,5.18,0.41,1303.5,23.7,Borewell,8.2
Sambalpur,Western Central Table Land,Black Soil,Kharif,Maize,1.66,62.1,42.1,24.8,6.58,0.26,1412.8,26.9,Canal,4.22
Cuttack,East & South Eastern Coastal Plain,Alluvial,Rabi,Mustard,1.51,102.1,1.6,46.8,6.72,0.47,115.1,22.6,Borewell,2.5
Mayurbhanj,North Central Plateau,Sandy Loam,Kharif,Maize,3.92,104.6,22.6,20.1,6.09,0.37,1543.3,26.8,Rainfed,10.95
Mayurbhanj,North Central Plateau,Sandy Loam,Kharif,Ragi (Mandia),2.21,86.1,31.5,26.3,5.81,0.59,1290.3,24.9,Rainfed,6.49
Mayurbhanj,North Central Plateau,Sandy Loam,Rabi,Mustard,0.56,41.5,25.7,35.0,6.16,0.69,218.5,22.7,Borewell,4.85
Mayurbhanj,North Central Plateau,Sandy Loam,Kharif,Paddy (Kharif),0.48,88.2,51.5,56.0,6.02,0.6,1364.7,27.0,Borewell,18.87
Koraput,Eastern Ghat High Land,Sandy Loam,Kharif,Ragi (Mandia),1.26,69.2,57.0,49.3,5.13,0.61,1564.7,21.3,Rainfed,13.18
Balasore,North Eastern Coastal Plain,Sandy Loam,Kharif,Groundnut,1.15,17.1,60.1,46.2,5.91,0.43,1212.7,25.5,Borewell,8.83
Balasore,North Eastern Coastal Plain,Alluvial,Kharif,Paddy (Kharif),0.61,96.6,24.6,35.1,6.17,0.47,1513.4,28.2,Borewell,11.31
Cuttack,East & South Eastern Coastal Plain,Alluvial,Kharif,Paddy (Kharif),1.6,84.3,37.0,38.7,7.46,0.62,1701.4,28.6,Borewell,19.89
Mayurbhanj,North Central Plateau,Red Laterite,Kharif,Paddy (Kharif),0.8,80.3,50.3,74.0,6.23,0.49,1517.8,24.9,Rainfed,21.07
Ganjam,South Eastern Coastal Plain,Alluvial,Rabi,Green Gram (Moong),2.32,54.1,29.0,15.2,6.27,0.41,138.6,25.7,Rainfed,4.87
Sundargarh,North Western Plateau,Sandy Loam,Rabi,Mustard,2.15,46.8,18.1,42.2,5.65,0.57,188.3,25.2,Rainfed,3.55
Puri,East & South Eastern Coastal Plain,Alluvial,Rabi,Green Gram (Moong),1.86,0.0,54.7,39.9,6.85,0.58,101.5,25.7,Borewell,2.5
Mayurbhanj,North Central Plateau,Sandy Loam,Kharif,Maize,0.85,69.9,39.2,53.2,5.5,0.57,1447.3,26.5,Rainfed,16.94
Bargarh,Western Central Table Land,Black Soil,Kharif,Paddy (Kharif),0.77,100.6,41.9,55.7,7.14,0.39,1277.7,29.6,Canal,20.4
Balasore,North Eastern Coastal Plain,Sandy Loam,Kharif,Paddy (Kharif),2.51,64.8,64.5,32.2,5.93,0.31,1293.2,27.7,Borewell,22.86
Ganjam,South Eastern Coastal Plain,Red Laterite,Rabi,Green Gram (Moong),1.87,104.8,48.0,37.0,6.79,0.63,173.9,25.0,Rainfed,5.14
Sambalpur,Western Central Table Land,Red Laterite,Kharif,Maize,0.51,90.9,58.3,10.1,6.18,0.48,1435.2,29.8,Rainfed,7.6
Puri,East & South Eastern Coastal Plain,Alluvial,Rabi,Paddy (Rabi),0.89,99.3,72.3,43.5,7.25,0.53,266.9,23.1,Borewell,19.36
Kalahandi,Western Undulating Zone,Black Soil,Kharif,Ragi (Mandia),1.21,32.7,51.9,7.2,6.29,0.89,1159.5,28.5,Borewell,3.73
Bargarh,Western Central Table Land,Black Soil,Rabi,Paddy (Rabi),1.04,113.1,50.0,61.3,7.18,0.49,218.4,27.8,Canal,26.7
Puri,East & South Eastern Coastal Plain,Coastal Saline,Kharif,Groundnut,2.74,40.1,51.0,56.6,6.88,0.87,1374.0,28.2,Rainfed,9.91
Bargarh,Western Central Table Land,Black Soil,Rabi,Paddy (Rabi),3.87,72.2,35.4,69.9,6.46,0.55,154.6,24.1,Rainfed,20.2
Balasore,North Eastern Coastal Plain,Sandy Loam,Kharif,Paddy (Kharif),2.11,118.1,36.7,53.2,6.39,0.57,1499.5,29.3,Rainfed,21.39
Sundargarh,North Western Plateau,Red Laterite,Kharif,Ragi (Mandia),2.3,31.5,30.5,23.1,4.51,0.32,1068.1,22.0,Rainfed,7.14
Balasore,North Eastern Coastal Plain,Alluvial,Kharif,Groundnut,5.2,0.0,74.8,45.4,6.16,0.55,1751.0,27.6,Borewell,2.5
Bargarh,Western Central Table Land,Black Soil,Kharif,Paddy (Kharif),1.8,109.2,61.2,37.8,6.62,0.63,1170.7,28.2,Rainfed,24.96
Ganjam,South Eastern Coastal Plain,Alluvial,Kharif,Ragi (Mandia),3.71,35.0,24.3,44.1,6.59,0.55,1427.3,28.0,Rainfed,8.52
Bargarh,Western Central Table Land,Black Soil,Kharif,Paddy (Kharif),3.1,86.3,49.0,37.9,6.14,0.64,1339.1,27.4,Canal,17.61
Bargarh,Western Central Table Land,Black Soil,Kharif,Paddy (Kharif),2.65,111.5,24.7,56.8,6.86,0.53,917.7,27.7,Canal,16.22
Sundargarh,North Western Plateau,Sandy Loam,Rabi,Mustard,1.69,45.8,24.4,55.3,5.9,0.33,56.2,21.3,Rainfed,5.15
Mayurbhanj,North Central Plateau,Red Laterite,Kharif,Paddy (Kharif),1.86,117.2,22.7,36.0,5.42,0.53,1557.1,27.0,Borewell,16.81
Balasore,North Eastern Coastal Plain,Sandy Loam,Rabi,Paddy (Rabi),1.88,91.3,36.9,55.0,6.14,0.45,144.5,23.5,Rainfed,18.6
Kalahandi,Western Undulating Zone,Red Laterite,Kharif,Groundnut,3.16,28.7,35.7,46.0,6.22,0.7,1267.8,31.6,Borewell,7.66
Kalahandi,Western Undulating Zone,Black Soil,Kharif,Groundnut,2.37,30.5,43.6,19.6,6.49,0.86,1609.9,29.8,Rainfed,2.5
Bargarh,Western Central Table Land,Alluvial,Kharif,Paddy (Kharif),0.43,98.9,60.7,23.4,6.78,0.55,1366.0,27.1,Canal,16.44
Cuttack,East & South Eastern Coastal Plain,Alluvial,Rabi,Mustard,0.71,73.6,22.6,10.8,6.63,0.6,81.9,27.0,Borewell,6.92
Ganjam,South Eastern Coastal Plain,Red Laterite,Kharif,Ragi (Mandia),1.18,30.2,26.7,54.6,6.41,0.54,1291.0,28.3,Borewell,9.57
Ganjam,South Eastern Coastal Plain,Alluvial,Kharif,Groundnut,1.61,44.1,56.6,44.6,6.61,0.57,1457.4,28.6,Borewell,10.19
Ganjam,South Eastern Coastal Plain,Alluvial,Rabi,Green Gram (Moong),0.48,11.4,35.8,52.6,6.77,0.22,184.1,27.7,Rainfed,5.62
Ganjam,South Eastern Coastal Plain,Alluvial,Kharif,Paddy (Kharif),4.82,59.2,52.9,35.2,7.02,0.84,1138.0,27.0,Borewell,15.92
Koraput,Eastern Ghat High Land,Red Laterite,Kharif,Ragi (Mandia),1.72,48.4,32.9,37.5,5.72,0.82,1648.4,23.4,Rainfed,9.0
Puri,East & South Eastern Coastal Plain,Coastal Saline,Kharif,Paddy (Kharif),2.31,64.9,48.7,86.8,6.57,0.67,1013.4,26.5,Borewell,22.36
Koraput,Eastern Ghat High Land,Sandy Loam,Kharif,Maize,2.29,77.5,68.0,47.0,5.05,0.54,1490.3,24.5,Borewell,16.94
Sundargarh,North Western Plateau,Sandy Loam,Rabi,Mustard,1.39,71.7,39.7,37.7,5.36,0.6,188.5,24.7,Borewell,4.28
Puri,East & South Eastern Coastal Plain,Alluvial,Kharif,Paddy (Kharif),4.19,96.5,54.9,78.1,7.39,0.63,953.4,29.3,Borewell,27.53
Balasore,North Eastern Coastal Plain,Alluvial,Rabi,Green Gram (Moong),0.28,0.8,34.4,27.6,6.46,0.64,234.8,23.8,Borewell,2.5
Kalahandi,Western Undulating Zone,Red Laterite,Kharif,Ragi (Mandia),2.81,30.0,48.0,24.4,6.45,0.65,516.4,30.5,Borewell,12.32
Mayurbhanj,North Central Plateau,Sandy Loam,Kharif,Paddy (Kharif),0.78,120.5,59.1,20.5,6.14,0.7,1561.8,23.8,Borewell,23.02
Ganjam,South Eastern Coastal Plain,Alluvial,Kharif,Ragi (Mandia),1.84,51.0,50.0,33.9,6.31,0.52,1068.2,28.9,Rainfed,14.14
Kalahandi,Western Undulating Zone,Red Laterite,Kharif,Maize,3.46,91.1,44.0,32.9,6.08,0.48,1347.5,30.3,Borewell,11.81
Sundargarh,North Western Plateau,Red Laterite,Kharif,Ragi (Mandia),2.28,29.2,3.2,0.0,5.08,0.52,1256.9,27.1,Rainfed,2.5
Sundargarh,North Western Plateau,Sandy Loam,Kharif,Ragi (Mandia),1.88,90.7,40.8,21.0,5.22,0.65,1117.6,27.0,Borewell,10.38
Bargarh,Western Central Table Land,Black Soil,Kharif,Paddy (Kharif),0.88,78.0,44.5,36.8,7.04,0.46,1549.9,24.5,Canal,10.96
Kalahandi,Western Undulating Zone,Red Laterite,Kharif,Maize,0.62,81.8,62.9,41.0,6.0,0.52,1347.4,29.1,Rainfed,20.65
Sundargarh,North Western Plateau,Red Laterite,Kharif,Ragi (Mandia),2.43,47.1,32.0,9.2,4.9,0.56,1299.5,26.4,Borewell,6.08
Puri,East & South Eastern Coastal Plain,Alluvial,Kharif,Groundnut,2.05,30.1,40.0,60.3,6.51,0.41,1512.0,28.3,Borewell,12.55
Sambalpur,Western Central Table Land,Red Laterite,Rabi,Paddy (Rabi),1.06,71.4,60.6,28.8,6.87,0.75,35.1,27.6,Canal,18.45
Kalahandi,Western Undulating Zone,Black Soil,Kharif,Ragi (Mandia),1.44,48.6,6.2,50.5,6.19,0.6,1122.8,27.5,Rainfed,3.19
Kalahandi,Western Undulating Zone,Black Soil,Kharif,Maize,1.55,112.1,78.1,50.8,6.32,0.31,1166.6,31.0,Rainfed,26.95
Koraput,Eastern Ghat High Land,Red Laterite,Kharif,Maize,2.88,59.2,36.1,42.2,5.89,0.48,1355.5,23.2,Borewell,15.86
Puri,East & South Eastern Coastal Plain,Alluvial,Kharif,Paddy (Kharif),2.22,94.1,33.0,55.5,6.49,0.62,1545.8,25.5,Borewell,22.3
Sambalpur,Western Central Table Land,Black Soil,Kharif,Paddy (Kharif),0.96,126.4,35.1,30.8,6.06,0.35,1810.6,27.5,Canal,14.97
Bargarh,Western Central Table Land,Alluvial,Kharif,Paddy (Kharif),1.46,92.6,56.4,54.3,7.02,0.71,1450.1,29.2,Canal,25.04
Ganjam,South Eastern Coastal Plain,Alluvial,Kharif,Paddy (Kharif),0.45,47.0,41.1,50.4,6.74,0.47,1114.9,27.9,Borewell,12.77
Sambalpur,Western Central Table Land,Black Soil,Rabi,Green Gram (Moong),1.47,48.5,52.6,0.0,6.27,0.75,164.8,26.3,Canal,2.5
Koraput,Eastern Ghat High Land,Sandy Loam,Kharif,Ragi (Mandia),0.6,69.1,29.0,4.8,5.17,0.71,1517.1,23.6,Borewell,5.52
Cuttack,East & South Eastern Coastal Plain,Alluvial,Rabi,Green Gram (Moong),6.42,15.6,44.0,0.0,6.37,0.43,159.5,23.8,Rainfed,2.5
Sambalpur,Western Central Table Land,Red Laterite,Rabi,Paddy (Rabi),1.12,86.4,59.6,47.5,5.82,0.37,110.5,24.4,Rainfed,22.15
Sambalpur,Western Central Table Land,Red Laterite,Kharif,Paddy (Kharif),1.71,91.6,37.8,36.0,6.67,0.31,1222.5,29.8,Canal,23.54
Bargarh,Western Central Table Land,Black Soil,Kharif,Groundnut,1.03,22.1,65.8,27.6,7.28,0.65,1171.1,28.4,Canal,6.92
Sundargarh,North Western Plateau,Red Laterite,Kharif,Ragi (Mandia),1.36,29.1,13.2,24.9,5.02,0.68,1241.3,27.3,Borewell,3.99
Cuttack,East & South Eastern Coastal Plain,Alluvial,Rabi,Paddy (Rabi),3.18,122.8,45.0,58.9,6.84,0.83,226.5,24.7,Rainfed,28.93
Sundargarh,North Western Plateau,Sandy Loam,Kharif,Ragi (Mandia),1.89,47.9,28.2,22.7,5.08,0.71,1679.1,27.5,Borewell,6.46
Bargarh,Western Central Table Land,Alluvial,Kharif,Paddy (Kharif),0.99,116.1,41.7,27.2,6.72,0.58,1228.2,27.7,Rainfed,19.63
Puri,East & South Eastern Coastal Plain,Coastal Saline,Rabi,Paddy (Rabi),2.98,131.2,43.3,51.9,6.74,0.28,126.5,25.0,Rainfed,28.45
Ganjam,South Eastern Coastal Plain,Red Laterite,Rabi,Green Gram (Moong),1.47,48.6,41.5,32.5,6.94,0.54,130.3,23.8,Rainfed,5.55
Cuttack,East & South Eastern Coastal Plain,Sandy Loam,Kharif,Paddy (Kharif),1.32,66.5,23.6,34.6,6.2,0.83,1647.5,27.2,Rainfed,10.26
Bargarh,Western Central Table Land,Black Soil,Kharif,Paddy (Kharif),0.95,97.5,51.4,53.5,6.77,0.72,1380.6,27.1,Rainfed,25.86
Balasore,North Eastern Coastal Plain,Sandy Loam,Kharif,Groundnut,3.28,64.6,49.4,28.5,6.57,0.45,1152.1,27.8,Borewell,6.99
Bargarh,Western Central Table Land,Black Soil,Kharif,Paddy (Kharif),2.85,109.8,62.8,48.9,6.91,0.54,1384.4,28.0,Canal,26.35
Kalahandi,Western Undulating Zone,Black Soil,Kharif,Groundnut,2.15,0.0,46.5,39.8,6.82,0.58,1053.5,28.4,Borewell,2.5
Ganjam,South Eastern Coastal Plain,Alluvial,Kharif,Ragi (Mandia),0.71,51.3,15.9,35.5,7.19,0.69,1340.5,27.3,Rainfed,9.06
Koraput,Eastern Ghat High Land,Sandy Loam,Kharif,Ragi (Mandia),5.23,49.5,21.9,6.8,5.81,0.46,1746.4,25.1,Rainfed,8.37
Cuttack,East & South Eastern Coastal Plain,Sandy Loam,Rabi,Green Gram (Moong),1.14,19.5,70.0,45.9,6.78,0.46,186.2,22.0,Borewell,7.12
Cuttack,East & South Eastern Coastal Plain,Alluvial,Kharif,Paddy (Kharif),0.57,84.0,64.4,56.4,6.47,0.72,2133.1,28.0,Rainfed,34.94
Ganjam,South Eastern Coastal Plain,Red Laterite,Kharif,Paddy (Kharif),2.01,107.6,47.5,53.0,6.13,0.46,961.6,27.3,Rainfed,24.45
Mayurbhanj,North Central Plateau,Red Laterite,Rabi,Mustard,4.09,68.3,28.5,19.0,6.25,0.16,256.6,20.0,Borewell,7.51
Koraput,Eastern Ghat High Land,Red Laterite,Kharif,Maize,2.67,89.7,54.9,39.3,4.95,0.72,1495.4,20.4,Borewell,14.24
Sundargarh,North Western Plateau,Red Laterite,Kharif,Ragi (Mandia),2.32,42.3,20.5,56.2,4.81,0.5,1426.2,28.9,Rainfed,5.54
Puri,East & South Eastern Coastal Plain,Coastal Saline,Rabi,Paddy (Rabi),1.97,126.1,48.9,51.2,7.35,0.56,40.1,24.6,Borewell,25.9
Sundargarh,North Western Plateau,Red Laterite,Kharif,Ragi (Mandia),1.69,52.0,25.9,26.8,4.71,0.39,1476.0,25.8,Borewell,5.95
Kalahandi,Western Undulating Zone,Black Soil,Kharif,Maize,1.01,104.0,52.3,34.0,6.18,0.58,1172.5,29.8,Rainfed,20.18
Balasore,North Eastern Coastal Plain,Alluvial,Rabi,Mustard,1.87,54.4,34.8,51.5,6.14,0.7,145.4,25.2,Rainfed,8.65
Kalahandi,Western Undulating Zone,Black Soil,Kharif,Groundnut,0.62,0.0,37.4,29.9,6.48,0.49,1402.8,31.3,Rainfed,4.46
Cuttack,East & South Eastern Coastal Plain,Alluvial,Rabi,Mustard,0.49,82.2,20.4,63.8,6.49,0.8,163.5,26.0,Borewell,6.7
Ganjam,South Eastern Coastal Plain,Red Laterite,Kharif,Paddy (Kharif),1.51,36.8,37.5,69.4,6.13,0.58,1324.8,30.2,Rainfed,13.84
Koraput,Eastern Ghat High Land,Red Laterite,Kharif,Maize,0.64,97.9,55.5,23.3,5.94,0.34,1504.5,23.8,Rainfed,20.69
Ganjam,South Eastern Coastal Plain,Red Laterite,Kharif,Groundnut,2.82,22.0,47.8,35.5,6.49,0.31,1376.7,27.3,Borewell,8.94
Ganjam,South Eastern Coastal Plain,Red Laterite,Kharif,Paddy (Kharif),1.39,115.4,31.0,46.0,6.98,0.48,1306.9,31.6,Borewell,24.3
Ganjam,South Eastern Coastal Plain,Red Laterite,Kharif,Groundnut,2.02,0.0,55.3,66.0,6.76,0.59,1040.0,29.7,Rainfed,2.5
Cuttack,East & South Eastern Coastal Plain,Sandy Loam,Rabi,Mustard,5.4,69.1,27.4,28.1,6.17,0.65,233.5,26.9,Borewell,4.17
Sundargarh,North Western Plateau,Red Laterite,Rabi,Mustard,1.83,28.4,3.2,44.6,5.45,0.43,226.2,24.5,Rainfed,2.92
Koraput,Eastern Ghat High Land,Sandy Loam,Kharif,Ragi (Mandia),2.56,22.4,41.3,1.7,4.94,0.3,1498.7,24.9,Rainfed,2.5
Mayurbhanj,North Central Plateau,Red Laterite,Kharif,Ragi (Mandia),1.0,77.0,8.1,50.1,5.1,0.61,1592.2,26.6,Rainfed,2.69
Puri,East & South Eastern Coastal Plain,Alluvial,Kharif,Paddy (Kharif),3.4,49.9,12.3,37.5,7.34,0.32,1607.7,28.9,Borewell,9.07
Puri,East & South Eastern Coastal Plain,Coastal Saline,Rabi,Paddy (Rabi),0.66,121.1,58.2,33.9,6.92,0.6,106.6,21.0,Borewell,24.78
Puri,East & South Eastern Coastal Plain,Alluvial,Rabi,Paddy (Rabi),2.05,136.8,14.8,50.4,6.91,0.25,248.6,26.3,Rainfed,17.38
Cuttack,East & South Eastern Coastal Plain,Alluvial,Rabi,Mustard,1.82,71.8,17.4,30.4,6.54,0.44,159.5,23.6,Rainfed,5.41
Kalahandi,Western Undulating Zone,Black Soil,Kharif,Ragi (Mandia),0.73,70.5,13.8,30.3,6.31,0.47,688.9,29.6,Rainfed,7.77
Puri,East & South Eastern Coastal Plain,Alluvial,Rabi,Paddy (Rabi),0.76,143.7,67.1,46.8,6.68,0.64,249.4,23.3,Borewell,29.39
Sundargarh,North Western Plateau,Sandy Loam,Rabi,Mustard,0.89,89.7,19.7,18.9,5.1,0.78,189.4,21.6,Borewell,3.64
Balasore,North Eastern Coastal Plain,Alluvial,Kharif,Groundnut,2.44,51.6,45.6,63.2,6.22,0.37,1740.5,26.1,Borewell,6.07
Kalahandi,Western Undulating Zone,Red Laterite,Kharif,Groundnut,4.28,47.7,55.8,66.1,6.48,0.32,739.1,28.4,Borewell,12.48
Koraput,Eastern Ghat High Land,Sandy Loam,Kharif,Ragi (Mandia),5.39,74.0,32.5,40.2,5.26,0.63,1464.2,23.9,Rainfed,9.53
Sundargarh,North Western Plateau,Sandy Loam,Kharif,Ragi (Mandia),0.47,36.7,35.4,29.5,5.16,0.87,1215.5,27.3,Rainfed,6.24
Bargarh,Western Central Table Land,Alluvial,Kharif,Groundnut,1.6,0.0,52.6,53.5,7.18,0.64,1296.7,26.9,Rainfed,2.5
Balasore,North Eastern Coastal Plain,Sandy Loam,Rabi,Paddy (Rabi),1.56,125.6,47.0,48.2,6.1,0.45,217.7,23.4,Rainfed,21.15
Mayurbhanj,North Central Plateau,Red Laterite,Kharif,Ragi (Mandia),1.19,26.4,30.1,12.6,5.81,0.67,1544.4,23.3,Borewell,7.1
Sambalpur,Western Central Table Land,Black Soil,Rabi,Paddy (Rabi),1.09,127.9,62.0,41.3,6.38,0.6,210.3,23.0,Rainfed,30.01
Mayurbhanj,North Central Plateau,Sandy Loam,Kharif,Ragi (Mandia),1.39,31.8,37.7,50.9,5.75,0.5,1566.0,25.6,Borewell,9.94
Sambalpur,Western Central Table Land,Red Laterite,Rabi,Green Gram (Moong),3.26,43.7,13.4,21.2,6.51,0.9,205.2,25.2,Canal,4.55
Mayurbhanj,North Central Plateau,Red Laterite,Kharif,Ragi (Mandia),2.36,78.3,19.1,28.9,6.09,0.41,1191.9,24.7,Rainfed,9.26
Sundargarh,North Western Plateau,Red Laterite,Rabi,Mustard,4.04,67.0,40.8,46.8,6.22,0.6,153.6,25.7,Rainfed,6.33
Puri,East & South Eastern Coastal Plain,Coastal Saline,Kharif,Groundnut,1.54,62.0,39.5,67.5,6.51,0.77,1262.5,27.0,Borewell,17.44
Cuttack,East & South Eastern Coastal Plain,Alluvial,Rabi,Mustard,3.84,81.0,21.3,42.4,7.3,0.79,110.9,24.0,Rainfed,5.71
Ganjam,South Eastern Coastal Plain,Alluvial,Kharif,Ragi (Mandia),1.12,40.5,12.6,12.4,5.73,0.67,1218.9,30.5,Borewell,5.35
Sundargarh,North Western Plateau,Sandy Loam,Rabi,Mustard,0.73,65.8,46.1,25.4,5.95,0.5,273.1,26.3,Rainfed,5.41
Sambalpur,Western Central Table Land,Red Laterite,Rabi,Green Gram (Moong),0.68,29.4,42.8,13.8,7.09,0.8,191.7,22.0,Canal,2.5
Balasore,North Eastern Coastal Plain,Sandy Loam,Rabi,Paddy (Rabi),0.68,149.0,73.3,43.1,6.38,0.55,181.3,21.5,Rainfed,30.01
Mayurbhanj,North Central Plateau,Red Laterite,Kharif,Paddy (Kharif),1.02,88.5,48.4,62.4,6.11,0.45,1447.4,26.8,Borewell,23.2
Puri,East & South Eastern Coastal Plain,Coastal Saline,Rabi,Paddy (Rabi),0.36,112.4,61.0,36.6,7.37,0.52,229.6,23.6,Rainfed,22.43
Balasore,North Eastern Coastal Plain,Alluvial,Rabi,Paddy (Rabi),3.29,80.7,83.8,51.2,6.01,0.64,180.9,22.2,Borewell,22.61
Koraput,Eastern Ghat High Land,Red Laterite,Kharif,Maize,1.96,49.7,53.4,61.4,5.41,0.7,1510.3,22.8,Rainfed,9.08
Kalahandi,Western Undulating Zone,Black Soil,Kharif,Ragi (Mandia),1.32,31.5,39.0,20.5,6.16,0.72,1158.1,26.3,Rainfed,7.35
Balasore,North Eastern Coastal Plain,Sandy Loam,Kharif,Groundnut,3.13,19.4,45.9,26.6,6.13,0.6,1534.7,25.9,Rainfed,6.68
Puri,East & South Eastern Coastal Plain,Coastal Saline,Rabi,Green Gram (Moong),2.67,17.2,27.7,12.1,6.33,0.39,129.3,26.6,Borewell,2.5
Balasore,North Eastern Coastal Plain,Sandy Loam,Rabi,Mustard,1.12,62.6,43.8,39.8,6.85,0.37,139.9,22.8,Borewell,6.13
Puri,East & South Eastern Coastal Plain,Coastal Saline,Rabi,Paddy (Rabi),2.02,109.8,54.2,55.5,6.8,0.72,123.0,22.7,Borewell,29.19
Balasore,North Eastern Coastal Plain,Alluvial,Kharif,Paddy (Kharif),4.37,82.2,49.7,40.6,6.48,0.58,2002.0,27.5,Rainfed,19.97
Sundargarh,North Western Plateau,Sandy Loam,Kharif,Ragi (Mandia),0.36,62.0,13.2,16.5,5.13,0.7,1263.8,29.4,Borewell,4.22
Sundargarh,North Western Plateau,Sandy Loam,Kharif,Ragi (Mandia),3.93,64.7,20.6,14.9,5.48,0.48,1156.1,27.8,Borewell,8.48
Kalahandi,Western Undulating Zone,Red Laterite,Kharif,Maize,1.18,107.5,53.1,50.3,6.02,0.77,945.5,29.9,Borewell,24.05
Kalahandi,Western Undulating Zone,Red Laterite,Kharif,Maize,0.76,97.4,19.6,52.7,6.25,0.72,1051.2,28.1,Rainfed,11.73
Sundargarh,North Western Plateau,Sandy Loam,Kharif,Ragi (Mandia),2.02,29.4,40.2,17.0,5.56,0.64,1519.7,27.5,Rainfed,5.37
Puri,East & South Eastern Coastal Plain,Alluvial,Kharif,Groundnut,0.38,1.5,63.3,75.7,7.0,0.39,1576.2,26.8,Rainfed,2.5
Sambalpur,Western Central Table Land,Red Laterite,Kharif,Paddy (Kharif),1.11,127.9,43.8,37.3,6.22,0.44,1355.5,26.3,Rainfed,20.54
Cuttack,East & South Eastern Coastal Plain,Sandy Loam,Rabi,Paddy (Rabi),5.1,126.3,51.1,26.0,6.21,0.8,144.6,19.7,Borewell,21.87
Sambalpur,Western Central Table Land,Red Laterite,Rabi,Green Gram (Moong),1.69,22.3,33.4,17.1,6.28,0.32,178.3,22.0,Canal,2.5
Cuttack,East & South Eastern Coastal Plain,Sandy Loam,Rabi,Mustard,0.5,60.2,45.2,21.3,6.87,0.52,47.5,24.2,Borewell,5.8
Balasore,North Eastern Coastal Plain,Alluvial,Kharif,Paddy (Kharif),2.35,80.4,46.0,40.6,6.76,0.56,1578.3,29.2,Borewell,18.24
Mayurbhanj,North Central Plateau,Sandy Loam,Rabi,Mustard,2.5,63.2,52.6,43.5,6.34,0.48,110.1,19.0,Borewell,6.98
Mayurbhanj,North Central Plateau,Sandy Loam,Rabi,Mustard,1.24,63.7,36.2,13.6,5.72,0.45,244.7,23.4,Rainfed,4.78
Cuttack,East & South Eastern Coastal Plain,Sandy Loam,Rabi,Mustard,1.59,55.4,28.2,1.8,6.34,0.55,42.4,25.3,Borewell,2.5
Balasore,North Eastern Coastal Plain,Sandy Loam,Rabi,Green Gram (Moong),3.35,25.8,54.7,11.6,6.43,0.43,80.3,26.2,Borewell,4.9
Koraput,Eastern Ghat High Land,Red Laterite,Kharif,Maize,0.39,124.8,34.7,33.8,5.81,0.7,1207.1,22.9,Rainfed,14.6
Cuttack,East & South Eastern Coastal Plain,Alluvial,Rabi,Green Gram (Moong),1.37,41.2,62.6,1.5,6.01,0.43,124.5,27.4,Rainfed,2.5
Sambalpur,Western Central Table Land,Black Soil,Kharif,Paddy (Kharif),1.54,87.6,43.8,39.4,6.33,0.48,989.2,27.5,Canal,20.46
Koraput,Eastern Ghat High Land,Sandy Loam,Kharif,Maize,1.78,76.3,54.6,79.5,5.1,0.56,1038.9,24.5,Borewell,13.24
Cuttack,East & South Eastern Coastal Plain,Sandy Loam,Rabi,Paddy (Rabi),0.87,91.0,50.9,57.4,6.38,0.36,95.6,24.4,Borewell,31.09
Puri,East & South Eastern Coastal Plain,Alluvial,Rabi,Green Gram (Moong),0.79,63.1,55.8,13.3,7.2,0.68,83.5,29.1,Borewell,3.07
Cuttack,East & South Eastern Coastal Plain,Sandy Loam,Rabi,Green Gram (Moong),4.1,18.9,44.6,44.4,7.15,0.47,138.3,27.5,Borewell,5.52
Puri,East & South Eastern Coastal Plain,Coastal Saline,Kharif,Groundnut,2.33,39.1,39.8,53.6,6.59,0.42,819.3,29.4,Borewell,10.81
Sambalpur,Western Central Table Land,Red Laterite,Kharif,Maize,3.79,99.8,30.6,54.4,7.09,0.57,1129.5,26.7,Canal,17.19
Sambalpur,Western Central Table Land,Black Soil,Kharif,Maize,0.83,91.0,39.5,57.2,6.83,0.72,1243.7,29.4,Canal,19.37
Koraput,Eastern Ghat High Land,Red Laterite,Kharif,Maize,1.41,103.2,41.3,44.7,5.28,0.58,1208.0,25.0,Rainfed,14.88
Sambalpur,Western Central Table Land,Red Laterite,Kharif,Paddy (Kharif),0.39,87.0,22.4,51.7,6.64,0.67,1198.9,28.6,Rainfed,14.98
Cuttack,East & South Eastern Coastal Plain,Alluvial,Rabi,Mustard,1.38,15.9,38.9,11.4,6.85,0.51,60.8,26.2,Rainfed,2.5
Bargarh,Western Central Table Land,Alluvial,Kharif,Groundnut,1.91,70.1,61.5,12.1,7.26,0.52,1624.1,26.9,Canal,2.5
Puri,East & South Eastern Coastal Plain,Alluvial,Kharif,Paddy (Kharif),0.91,81.0,37.7,47.3,7.41,0.45,1249.7,27.8,Rainfed,20.42
Koraput,Eastern Ghat High Land,Sandy Loam,Kharif,Maize,0.73,96.3,52.1,56.0,5.57,0.52,1437.9,20.7,Rainfed,13.49
Mayurbhanj,North Central Plateau,Sandy Loam,Rabi,Mustard,1.83,30.8,37.3,17.8,5.6,0.79,165.3,23.4,Rainfed,2.5
Cuttack,East & South Eastern Coastal Plain,Sandy Loam,Rabi,Green Gram (Moong),1.23,41.6,35.7,5.1,6.6,0.4,156.3,23.5,Rainfed,2.5
Balasore,North Eastern Coastal Plain,Sandy Loam,Rabi,Mustard,1.16,58.3,39.4,13.9,6.57,0.71,115.5,22.7,Rainfed,6.51
Kalahandi,Western Undulating Zone,Black Soil,Kharif,Ragi (Mandia),2.56,30.7,5.2,0.0,6.27,0.53,1130.9,29.2,Rainfed,2.5
Sundargarh,North Western Plateau,Red Laterite,Kharif,Ragi (Mandia),2.34,58.1,23.5,17.7,5.2,0.64,993.8,26.5,Rainfed,5.97
Kalahandi,Western Undulating Zone,Black Soil,Kharif,Ragi (Mandia),1.22,71.6,14.6,0.0,6.12,0.58,1166.4,29.7,Rainfed,2.5
Cuttack,East & South Eastern Coastal Plain,Sandy Loam,Kharif,Paddy (Kharif),1.72,69.4,39.5,42.3,6.69,0.21,1427.3,25.0,Borewell,17.06
Ganjam,South Eastern Coastal Plain,Red Laterite,Kharif,Groundnut,1.74,68.6,40.6,59.4,6.14,0.68,1441.6,28.6,Rainfed,9.73
Cuttack,East & South Eastern Coastal Plain,Alluvial,Rabi,Green Gram (Moong),2.64,0.0,51.9,29.6,6.15,0.79,145.8,25.8,Borewell,2.5
Sundargarh,North Western Plateau,Sandy Loam,Rabi,Mustard,2.05,44.2,20.2,48.8,5.37,0.3,166.5,24.2,Rainfed,2.5
Cuttack,East & South Eastern Coastal Plain,Sandy Loam,Rabi,Paddy (Rabi),1.74,111.1,54.6,43.6,6.76,0.61,63.0,24.3,Borewell,23.59
Ganjam,South Eastern Coastal Plain,Red Laterite,Kharif,Ragi (Mandia),2.17,84.8,39.7,20.2,6.97,0.42,1006.8,27.1,Rainfed,11.34
Puri,East & South Eastern Coastal Plain,Coastal Saline,Kharif,Groundnut,1.32,0.0,58.5,63.2,6.99,0.55,1291.5,27.6,Rainfed,2.5
Sundargarh,North Western Plateau,Red Laterite,Kharif,Ragi (Mandia),9.38,55.3,1.1,18.7,4.79,0.44,963.5,29.4,Rainfed,2.5
Bargarh,Western Central Table Land,Black Soil,Kharif,Paddy (Kharif),2.46,102.1,81.9,32.9,6.26,0.85,1472.4,28.2,Canal,27.57
Puri,East & South Eastern Coastal Plain,Coastal Saline,Rabi,Green Gram (Moong),1.65,0.0,34.0,21.3,7.44,0.42,75.7,22.6,Rainfed,2.5
Mayurbhanj,North Central Plateau,Red Laterite,Kharif,Maize,2.91,123.3,43.3,0.0,6.11,0.66,1774.5,27.1,Borewell,2.5
Balasore,North Eastern Coastal Plain,Alluvial,Kharif,Paddy (Kharif),0.97,104.2,58.9,42.6,6.45,0.42,1401.6,25.6,Borewell,27.89
Sundargarh,North Western Plateau,Red Laterite,Kharif,Ragi (Mandia),3.45,69.0,33.1,18.1,4.93,0.37,1111.6,26.1,Rainfed,10.24
Balasore,North Eastern Coastal Plain,Sandy Loam,Kharif,Paddy (Kharif),1.62,77.5,53.0,46.6,6.12,0.62,1712.6,24.7,Borewell,25.82
Balasore,North Eastern Coastal Plain,Sandy Loam,Rabi,Mustard,0.75,58.9,36.3,24.7,6.1,0.63,137.3,23.0,Borewell,6.43
Ganjam,South Eastern Coastal Plain,Alluvial,Rabi,Green Gram (Moong),1.14,0.0,46.2,31.7,6.94,0.47,198.0,24.9,Rainfed,2.5
Puri,East & South Eastern Coastal Plain,Coastal Saline,Kharif,Groundnut,1.46,0.0,45.0,63.4,7.0,0.54,1538.0,30.5,Rainfed,2.5
Kalahandi,Western Undulating Zone,Black Soil,Kharif,Ragi (Mandia),1.8,31.0,34.7,19.1,6.69,0.48,931.2,30.7,Rainfed,8.46
Koraput,Eastern Ghat High Land,Red Laterite,Kharif,Ragi (Mandia),4.7,10.9,30.7,9.6,5.27,0.57,1129.5,25.3,Rainfed,2.5
Balasore,North Eastern Coastal Plain,Alluvial,Rabi,Green Gram (Moong),1.05,16.4,47.6,17.7,5.8,0.49,227.0,26.1,Rainfed,3.16
Kalahandi,Western Undulating Zone,Black Soil,Kharif,Ragi (Mandia),2.02,44.1,30.4,25.6,6.14,0.55,1188.7,27.6,Rainfed,8.89
Koraput,Eastern Ghat High Land,Red Laterite,Kharif,Ragi (Mandia),0.53,70.9,7.0,26.3,4.79,0.53,1479.2,22.7,Borewell,2.5
Cuttack,East & South Eastern Coastal Plain,Alluvial,Rabi,Mustard,0.59,82.3,8.0,43.9,6.89,0.73,221.1,24.5,Borewell,4.36
Mayurbhanj,North Central Plateau,Red Laterite,Kharif,Ragi (Mandia),1.92,51.0,21.4,20.1,5.5,0.8,1142.8,28.2,Rainfed,6.87
Ganjam,South Eastern Coastal Plain,Red Laterite,Kharif,Groundnut,2.32,50.8,54.9,54.5,6.31,0.42,601.4,29.1,Rainfed,16.03
Sambalpur,Western Central Table Land,Red Laterite,Kharif,Maize,2.17,82.8,40.3,26.3,6.6,0.51,1183.6,30.6,Canal,12.05
Ganjam,South Eastern Coastal Plain,Alluvial,Kharif,Paddy (Kharif),0.43,109.6,19.4,44.2,7.15,0.51,1326.0,24.5,Rainfed,16.93
Bargarh,Western Central Table Land,Alluvial,Kharif,Paddy (Kharif),0.9,107.8,41.2,61.6,6.2,0.59,1415.4,26.5,Canal,27.47
Kalahandi,Western Undulating Zone,Black Soil,Kharif,Groundnut,4.83,0.0,40.3,50.1,5.93,0.48,971.8,31.7,Rainfed,2.5
Kalahandi,Western Undulating Zone,Black Soil,Kharif,Ragi (Mandia),2.56,45.4,42.8,23.4,6.5,0.69,1302.7,30.8,Rainfed,7.15
Ganjam,South Eastern Coastal Plain,Red Laterite,Kharif,Groundnut,0.96,32.2,51.2,16.7,7.05,0.53,1494.9,25.0,Rainfed,2.5
Kalahandi,Western Undulating Zone,Black Soil,Kharif,Ragi (Mandia),1.55,45.3,24.5,19.5,6.02,0.24,622.6,28.3,Rainfed,9.91
Koraput,Eastern Ghat High Land,Red Laterite,Kharif,Ragi (Mandia),2.28,71.2,0.0,33.3,5.54,0.45,1514.5,24.0,Rainfed,2.5
Cuttack,East & South Eastern Coastal Plain,Sandy Loam,Rabi,Mustard,0.81,56.8,21.7,18.9,6.1,0.64,118.1,25.8,Rainfed,7.05
Bargarh,Western Central Table Land,Alluvial,Rabi,Paddy (Rabi),4.55,81.5,64.2,46.4,6.94,0.55,99.2,25.2,Canal,20.44
Koraput,Eastern Ghat High Land,Sandy Loam,Kharif,Maize,1.81,97.1,52.5,0.0,5.23,0.36,1451.9,27.4,Borewell,2.5
Balasore,North Eastern Coastal Plain,Sandy Loam,Rabi,Green Gram (Moong),2.3,38.1,54.9,18.5,6.53,0.71,136.7,22.3,Borewell,7.11
Cuttack,East & South Eastern Coastal Plain,Alluvial,Rabi,Paddy (Rabi),0.87,130.7,56.9,50.7,6.58,0.51,123.6,24.4,Borewell,32.78
Puri,East & South Eastern Coastal Plain,Alluvial,Kharif,Groundnut,1.09,0.0,29.4,47.2,6.72,0.45,1251.8,29.1,Borewell,2.8
Sambalpur,Western Central Table Land,Black Soil,Rabi,Paddy (Rabi),1.34,143.3,69.6,56.2,6.5,0.59,165.0,27.0,Rainfed,33.12
Koraput,Eastern Ghat High Land,Red Laterite,Kharif,Maize,0.83,114.1,29.5,62.0,5.02,0.5,1328.4,25.9,Rainfed,11.48
Ganjam,South Eastern Coastal Plain,Alluvial,Kharif,Paddy (Kharif),0.86,63.0,58.2,57.9,7.23,0.61,1010.7,28.6,Rainfed,13.48
Bargarh,Western Central Table Land,Black Soil,Rabi,Paddy (Rabi),0.33,113.5,28.6,47.8,7.26,0.66,237.4,26.9,Canal,20.07
Ganjam,South Eastern Coastal Plain,Alluvial,Rabi,Green Gram (Moong),2.19,51.6,33.6,19.0,6.92,0.41,181.0,21.9,Borewell,4.98
Kalahandi,Western Undulating Zone,Black Soil,Kharif,Ragi (Mandia),1.28,91.7,14.9,28.5,6.8,0.57,1000.5,33.2,Rainfed,4.56
Bargarh,Western Central Table Land,Black Soil,Kharif,Groundnut,1.35,49.5,50.5,33.4,6.79,0.4,1276.9,29.5,Canal,5.2
Puri,East & South Eastern Coastal Plain,Alluvial,Kharif,Paddy (Kharif),0.52,60.2,37.3,55.6,7.72,0.48,1438.2,28.4,Rainfed,7.43
Balasore,North Eastern Coastal Plain,Alluvial,Rabi,Green Gram (Moong),2.29,5.6,56.7,37.6,6.71,0.54,277.8,23.5,Borewell,4.23
Ganjam,South Eastern Coastal Plain,Alluvial,Kharif,Ragi (Mandia),3.45,20.9,56.3,22.3,6.58,0.74,958.4,29.1,Borewell,6.56
Mayurbhanj,North Central Plateau,Red Laterite,Kharif,Ragi (Mandia),1.77,54.8,19.1,28.7,6.14,0.45,1416.4,26.8,Rainfed,8.36
Puri,East & South Eastern Coastal Plain,Alluvial,Kharif,Groundnut,1.43,38.8,38.7,63.4,6.7,0.64,1248.4,28.2,Rainfed,10.53
Mayurbhanj,North Central Plateau,Sandy Loam,Kharif,Maize,1.13,72.5,60.2,44.7,5.92,0.25,1815.6,26.9,Borewell,13.04
Puri,East & South Eastern Coastal Plain,Coastal Saline,Rabi,Paddy (Rabi),1.25,117.3,50.3,58.1,7.06,0.43,86.9,21.8,Borewell,21.98
Puri,East & South Eastern Coastal Plain,Coastal Saline,Kharif,Paddy (Kharif),1.18,71.3,53.0,18.2,7.22,0.55,1456.7,26.2,Rainfed,7.59
Cuttack,East & South Eastern Coastal Plain,Sandy Loam,Rabi,Mustard,1.55,59.1,32.6,15.1,6.54,0.71,219.0,23.0,Borewell,3.48
Sambalpur,Western Central Table Land,Black Soil,Rabi,Green Gram (Moong),2.1,23.0,23.4,12.5,6.63,0.73,156.9,27.6,Canal,4.93
Koraput,Eastern Ghat High Land,Red Laterite,Kharif,Ragi (Mandia),1.47,59.5,0.0,25.6,5.53,0.44,1668.9,25.1,Rainfed,2.5
Kalahandi,Western Undulating Zone,Black Soil,Kharif,Maize,3.71,106.4,37.3,29.3,5.79,0.36,957.5,30.8,Borewell,9.9
Cuttack,East & South Eastern Coastal Plain,Alluvial,Rabi,Paddy (Rabi),1.77,69.2,61.7,52.0,7.03,0.42,59.9,26.7,Borewell,22.8
Ganjam,South Eastern Coastal Plain,Alluvial,Kharif,Ragi (Mandia),3.48,37.1,24.6,11.4,6.94,0.24,1099.1,27.1,Rainfed,4.13
Bargarh,Western Central Table Land,Alluvial,Kharif,Paddy (Kharif),2.68,78.4,64.4,39.2,5.84,0.48,1368.9,27.6,Canal,16.1
Mayurbhanj,North Central Plateau,Red Laterite,Kharif,Maize,1.18,80.0,60.1,33.2,6.51,0.6,1329.0,27.5,Rainfed,14.8
Sundargarh,North Western Plateau,Sandy Loam,Kharif,Ragi (Mandia),0.34,40.1,42.6,17.0,5.15,0.38,1425.3,28.1,Rainfed,4.62
Balasore,North Eastern Coastal Plain,Sandy Loam,Rabi,Paddy (Rabi),3.83,108.6,51.3,53.8,6.45,0.52,201.7,20.9,Rainfed,22.46
Sambalpur,Western Central Table Land,Red Laterite,Rabi,Paddy (Rabi),3.1,104.5,59.1,79.1,5.73,0.56,131.0,23.0,Canal,20.68
Cuttack,East & South Eastern Coastal Plain,Sandy Loam,Rabi,Paddy (Rabi),1.0,82.5,43.4,32.7,6.52,0.43,179.4,21.9,Rainfed,17.62
Ganjam,South Eastern Coastal Plain,Red Laterite,Kharif,Groundnut,0.22,7.5,42.2,40.3,6.79,0.66,1170.3,27.9,Rainfed,7.44
Sundargarh,North Western Plateau,Sandy Loam,Kharif,Ragi (Mandia),0.43,25.7,13.5,15.9,4.76,0.72,1174.4,24.2,Borewell,3.21
Kalahandi,Western Undulating Zone,Red Laterite,Kharif,Ragi (Mandia),4.2,75.3,50.5,1.0,6.35,0.45,783.9,28.1,Borewell,2.5
Cuttack,East & South Eastern Coastal Plain,Sandy Loam,Rabi,Paddy (Rabi),2.44,121.1,52.5,36.3,6.7,0.62,251.0,25.1,Borewell,24.41
Koraput,Eastern Ghat High Land,Red Laterite,Kharif,Maize,1.33,58.0,38.0,33.8,5.52,0.53,1777.5,21.4,Borewell,12.14
Ganjam,South Eastern Coastal Plain,Red Laterite,Kharif,Ragi (Mandia),2.03,19.3,16.8,40.6,6.85,0.36,1234.3,26.9,Borewell,6.97
Mayurbhanj,North Central Plateau,Sandy Loam,Kharif,Paddy (Kharif),1.47,99.0,42.4,50.0,5.52,0.21,1930.6,22.8,Borewell,15.32
Kalahandi,Western Undulating Zone,Black Soil,Kharif,Maize,0.49,112.1,51.1,15.8,6.58,0.48,1119.8,29.2,Rainfed,7.4
Cuttack,East & South Eastern Coastal Plain,Sandy Loam,Rabi,Mustard,2.36,29.8,20.1,25.7,6.75,0.73,113.0,26.1,Borewell,5.5
Puri,East & South Eastern Coastal Plain,Alluvial,Kharif,Groundnut,1.13,31.2,37.7,33.3,6.91,0.47,1387.9,26.8,Rainfed,4.0
Cuttack,East & South Eastern Coastal Plain,Sandy Loam,Rabi,Paddy (Rabi),0.75,116.7,60.5,44.0,6.19,0.23,144.1,18.9,Rainfed,23.74
Mayurbhanj,North Central Plateau,Red Laterite,Kharif,Ragi (Mandia),2.12,71.8,32.5,37.5,5.7,0.57,1253.7,25.4,Rainfed,12.43
Mayurbhanj,North Central Plateau,Sandy Loam,Kharif,Ragi (Mandia),1.19,51.6,20.3,44.2,6.27,0.48,1739.3,24.6,Borewell,10.35
Puri,East & South Eastern Coastal Plain,Alluvial,Kharif,Groundnut,0.66,14.5,38.2,46.6,7.0,0.77,1651.7,30.3,Borewell,5.78
Balasore,North Eastern Coastal Plain,Sandy Loam,Rabi,Mustard,1.0,46.9,28.5,31.3,6.27,0.47,128.8,23.6,Borewell,5.14
Kalahandi,Western Undulating Zone,Black Soil,Kharif,Ragi (Mandia),0.69,6.7,59.0,44.5,5.92,0.69,1110.3,27.8,Rainfed,2.5
Bargarh,Western Central Table Land,Black Soil,Kharif,Paddy (Kharif),1.24,108.5,39.8,1.4,6.76,0.42,1232.5,29.5,Canal,2.5
Cuttack,East & South Eastern Coastal Plain,Sandy Loam,Kharif,Paddy (Kharif),0.95,97.5,30.4,18.9,6.26,0.8,1535.0,26.9,Borewell,6.64
Sambalpur,Western Central Table Land,Red Laterite,Kharif,Paddy (Kharif),2.74,83.1,53.5,38.0,6.68,0.5,1064.4,29.5,Canal,23.27
Sundargarh,North Western Plateau,Sandy Loam,Rabi,Mustard,2.08,49.8,15.5,30.2,6.03,0.54,234.5,22.2,Borewell,7.18
Balasore,North Eastern Coastal Plain,Alluvial,Rabi,Paddy (Rabi),1.66,135.2,52.9,63.9,5.76,0.43,192.6,21.8,Rainfed,22.73
Ganjam,South Eastern Coastal Plain,Red Laterite,Rabi,Green Gram (Moong),1.85,14.0,25.9,14.8,7.57,0.47,201.0,24.6,Borewell,4.14
Kalahandi,Western Undulating Zone,Red Laterite,Kharif,Groundnut,0.61,6.4,67.5,61.7,6.3,0.4,1089.9,29.0,Borewell,5.47
Sundargarh,North Western Plateau,Sandy Loam,Rabi,Mustard,1.61,64.2,44.1,11.2,5.2,0.36,257.3,27.0,Rainfed,2.5
Balasore,North Eastern Coastal Plain,Sandy Loam,Rabi,Paddy (Rabi),1.53,119.7,39.7,53.4,6.34,0.67,48.5,23.7,Rainfed,24.88
Bargarh,Western Central Table Land,Black Soil,Kharif,Paddy (Kharif),3.38,93.2,41.9,53.2,7.44,0.51,1198.4,28.4,Canal,22.78
Koraput,Eastern Ghat High Land,Red Laterite,Kharif,Maize,1.86,133.8,40.8,34.3,5.13,0.59,1455.3,22.1,Borewell,17.07
Cuttack,East & South Eastern Coastal Plain,Sandy Loam,Rabi,Paddy (Rabi),1.66,86.1,43.9,13.9,6.92,0.78,156.1,24.6,Borewell,10.37
Ganjam,South Eastern Coastal Plain,Alluvial,Kharif,Paddy (Kharif),2.82,126.5,56.0,65.2,7.1,0.54,1074.1,28.5,Rainfed,22.7
Puri,East & South Eastern Coastal Plain,Alluvial,Kharif,Paddy (Kharif),1.53,99.9,74.2,29.8,7.48,0.37,1328.9,27.4,Rainfed,26.72
Sundargarh,North Western Plateau,Sandy Loam,Rabi,Mustard,0.97,25.9,33.6,46.6,5.37,0.41,188.5,27.0,Borewell,3.52
Puri,East & South Eastern Coastal Plain,Alluvial,Rabi,Paddy (Rabi),2.6,122.6,69.6,29.9,7.18,0.79,195.9,22.6,Borewell,16.58
Balasore,North Eastern Coastal Plain,Sandy Loam,Rabi,Mustard,2.56,62.1,34.9,33.0,6.22,0.68,189.8,25.0,Borewell,4.21
Koraput,Eastern Ghat High Land,Sandy Loam,Kharif,Maize,0.4,98.6,36.3,40.0,5.73,0.43,1461.6,23.5,Borewell,11.92
Ganjam,South Eastern Coastal Plain,Red Laterite,Kharif,Ragi (Mandia),5.39,103.8,17.4,0.0,6.76,0.63,1592.8,27.8,Borewell,2.5
Sambalpur,Western Central Table Land,Red Laterite,Kharif,Maize,3.76,91.0,38.0,24.6,6.82,0.53,1526.1,30.5,Canal,11.48
Cuttack,East & South Eastern Coastal Plain,Alluvial,Rabi,Green Gram (Moong),1.26,46.5,44.4,19.3,6.34,0.58,110.1,24.9,Rainfed,5.71
Balasore,North Eastern Coastal Plain,Alluvial,Rabi,Mustard,0.75,91.0,35.6,22.7,5.83,0.53,210.5,22.9,Rainfed,2.82
Sambalpur,Western Central Table Land,Red Laterite,Kharif,Maize,2.65,94.8,61.3,35.6,6.55,0.46,1060.1,28.6,Canal,19.53
Sambalpur,Western Central Table Land,Red Laterite,Kharif,Maize,0.89,116.1,45.8,39.5,6.5,0.54,1327.8,28.2,Canal,18.19
Bargarh,Western Central Table Land,Black Soil,Kharif,Paddy (Kharif),1.49,93.1,67.2,55.4,6.85,0.46,1094.6,26.7,Canal,25.32
Cuttack,East & South Eastern Coastal Plain,Sandy Loam,Rabi,Paddy (Rabi),2.19,122.7,48.4,29.1,6.09,0.5,162.9,23.2,Borewell,20.25
Sundargarh,North Western Plateau,Sandy Loam,Rabi,Mustard,1.54,49.3,41.5,5.4,6.04,0.64,167.2,25.3,Rainfed,2.5
Sambalpur,Western Central Table Land,Black Soil,Rabi,Green Gram (Moong),3.1,60.3,47.4,20.9,6.25,0.69,82.9,24.4,Canal,5.73
Sambalpur,Western Central Table Land,Black Soil,Rabi,Paddy (Rabi),1.06,106.0,45.0,67.7,6.79,0.54,122.4,25.4,Rainfed,24.24
Kalahandi,Western Undulating Zone,Black Soil,Kharif,Ragi (Mandia),5.62,50.9,32.4,17.2,6.14,0.52,899.4,31.6,Borewell,6.74
Bargarh,Western Central Table Land,Black Soil,Kharif,Paddy (Kharif),1.57,112.8,66.5,35.0,6.61,0.86,1318.7,25.9,Canal,32.56
Balasore,North Eastern Coastal Plain,Alluvial,Kharif,Paddy (Kharif),1.02,78.5,61.0,19.0,5.99,0.16,1524.1,25.1,Rainfed,19.63
Sambalpur,Western Central Table Land,Red Laterite,Kharif,Maize,3.95,101.0,48.5,57.8,6.44,0.3,1186.0,28.1,Canal,15.62
Bargarh,Western Central Table Land,Black Soil,Kharif,Groundnut,1.06,27.6,50.0,46.6,6.25,0.27,1415.3,28.7,Canal,10.17
Mayurbhanj,North Central Plateau,Red Laterite,Kharif,Maize,0.59,116.5,31.8,39.3,5.49,0.5,1106.4,23.9,Borewell,15.41
Cuttack,East & South Eastern Coastal Plain,Alluvial,Rabi,Green Gram (Moong),0.49,9.3,47.2,11.5,6.89,0.41,280.7,21.5,Borewell,2.5
Sundargarh,North Western Plateau,Red Laterite,Rabi,Mustard,1.69,44.7,17.1,48.6,5.32,0.36,136.2,25.9,Borewell,4.9
Sundargarh,North Western Plateau,Sandy Loam,Rabi,Mustard,0.82,87.7,32.5,32.1,4.88,0.7,136.1,22.9,Rainfed,2.5
Sundargarh,North Western Plateau,Red Laterite,Rabi,Mustard,2.99,75.4,26.6,30.2,5.16,0.35,125.3,23.8,Rainfed,4.91
Koraput,Eastern Ghat High Land,Red Laterite,Kharif,Ragi (Mandia),0.49,46.2,19.4,22.7,4.91,0.52,1385.0,24.2,Borewell,8.6
Cuttack,East & South Eastern Coastal Plain,Alluvial,Rabi,Paddy (Rabi),2.56,99.0,30.1,37.5,7.05,0.66,121.7,23.6,Rainfed,18.39
Sundargarh,North Western Plateau,Red Laterite,Rabi,Mustard,1.04,61.2,32.2,31.7,5.44,0.52,138.4,28.0,Borewell,6.24
Koraput,Eastern Ghat High Land,Sandy Loam,Kharif,Ragi (Mandia),1.62,53.3,30.1,25.1,5.56,0.43,982.7,21.9,Rainfed,9.2
Sambalpur,Western Central Table Land,Red Laterite,Kharif,Maize,0.85,115.2,58.8,48.8,6.46,0.49,1198.0,28.3,Rainfed,24.56
Cuttack,East & South Eastern Coastal Plain,Alluvial,Rabi,Paddy (Rabi),3.73,102.3,64.7,55.1,6.53,0.82,140.0,25.1,Borewell,27.92
Sundargarh,North Western Plateau,Red Laterite,Kharif,Ragi (Mandia),1.42,90.7,21.1,13.3,5.25,0.65,1261.0,25.4,Rainfed,3.18
Kalahandi,Western Undulating Zone,Red Laterite,Kharif,Maize,1.17,107.5,48.8,42.0,6.38,0.69,1149.1,27.0,Borewell,19.06
Koraput,Eastern Ghat High Land,Red Laterite,Kharif,Ragi (Mandia),1.19,54.7,17.1,1.7,5.0,0.55,1749.2,22.6,Rainfed,2.5
Sambalpur,Western Central Table Land,Black Soil,Rabi,Paddy (Rabi),0.64,146.3,62.6,24.9,5.69,0.56,207.6,24.3,Rainfed,16.35
Mayurbhanj,North Central Plateau,Sandy Loam,Kharif,Paddy (Kharif),1.38,50.1,46.5,53.3,5.85,0.41,1654.6,27.1,Rainfed,17.22
Bargarh,Western Central Table Land,Black Soil,Kharif,Paddy (Kharif),0.71,112.0,55.8,32.7,6.52,0.68,1253.6,27.9,Rainfed,19.6
Bargarh,Western Central Table Land,Black Soil,Kharif,Paddy (Kharif),2.75,92.3,73.6,49.2,6.56,0.25,1296.0,28.9,Canal,19.86
Bargarh,Western Central Table Land,Alluvial,Rabi,Paddy (Rabi),1.81,107.4,51.6,33.3,6.2,0.6,119.3,24.8,Canal,19.84
Kalahandi,Western Undulating Zone,Black Soil,Kharif,Maize,0.62,90.0,63.5,56.9,6.29,0.8,788.2,29.8,Rainfed,23.22
Koraput,Eastern Ghat High Land,Red Laterite,Kharif,Ragi (Mandia),2.1,40.9,28.6,21.4,5.24,0.64,1714.0,23.6,Borewell,6.42
Sambalpur,Western Central Table Land,Red Laterite,Rabi,Paddy (Rabi),0.81,90.4,57.2,50.5,6.07,0.57,41.9,25.9,Rainfed,26.88
Kalahandi,Western Undulating Zone,Red Laterite,Kharif,Maize,3.4,81.9,61.2,46.8,6.05,0.45,1108.8,32.3,Borewell,19.29
Kalahandi,Western Undulating Zone,Black Soil,Kharif,Maize,3.36,91.6,45.4,44.2,6.62,0.33,1324.1,29.2,Rainfed,14.56
Puri,East & South Eastern Coastal Plain,Coastal Saline,Kharif,Groundnut,0.76,51.0,46.1,44.9,6.96,0.48,1634.9,25.7,Borewell,13.23
Bargarh,Western Central Table Land,Alluvial,Rabi,Paddy (Rabi),2.58,85.6,66.1,52.1,6.69,0.67,125.3,23.7,Canal,25.94
Mayurbhanj,North Central Plateau,Red Laterite,Kharif,Ragi (Mandia),0.49,37.2,17.5,41.0,5.89,0.33,1912.6,28.9,Borewell,5.35
Sambalpur,Western Central Table Land,Red Laterite,Rabi,Green Gram (Moong),2.54,0.0,19.3,8.9,6.01,0.57,231.5,25.6,Rainfed,2.5
Sundargarh,North Western Plateau,Red Laterite,Kharif,Ragi (Mandia),0.5,30.8,9.7,38.2,5.3,0.55,1258.7,27.7,Rainfed,4.1
Bargarh,Western Central Table Land,Black Soil,Kharif,Paddy (Kharif),2.58,116.3,37.2,47.4,7.2,0.52,1402.9,29.1,Canal,22.39
Bargarh,Western Central Table Land,Alluvial,Kharif,Paddy (Kharif),4.11,118.4,29.1,52.3,6.47,0.44,1045.3,28.8,Canal,24.78
Puri,East & South Eastern Coastal Plain,Alluvial,Rabi,Green Gram (Moong),0.84,21.3,53.3,4.8,6.79,0.16,210.9,23.8,Borewell,2.5
Puri,East & South Eastern Coastal Plain,Coastal Saline,Kharif,Groundnut,1.5,18.1,59.1,56.5,7.06,0.4,1857.9,27.7,Rainfed,7.88
Cuttack,East & South Eastern Coastal Plain,Sandy Loam,Rabi,Paddy (Rabi),3.01,118.3,67.2,41.0,6.48,0.43,20.0,25.5,Rainfed,24.65
Balasore,North Eastern Coastal Plain,Alluvial,Rabi,Green Gram (Moong),1.26,60.4,23.7,27.8,5.95,0.6,154.4,23.1,Borewell,5.25
Mayurbhanj,North Central Plateau,Sandy Loam,Kharif,Paddy (Kharif),1.74,118.9,46.8,46.9,6.11,0.39,1461.2,25.5,Rainfed,22.18
Ganjam,South Eastern Coastal Plain,Red Laterite,Kharif,Paddy (Kharif),3.68,94.2,52.1,66.7,6.18,0.6,1506.7,30.5,Borewell,25.54
Mayurbhanj,North Central Plateau,Sandy Loam,Kharif,Ragi (Mandia),6.15,68.4,14.7,27.1,6.09,0.64,966.9,27.6,Rainfed,8.81
Sambalpur,Western Central Table Land,Red Laterite,Rabi,Paddy (Rabi),1.3,121.2,44.2,62.2,6.8,0.66,124.1,24.8,Rainfed,29.79
Balasore,North Eastern Coastal Plain,Alluvial,Rabi,Mustard,0.64,49.3,38.9,30.3,5.45,0.46,75.7,23.7,Rainfed,3.8
Koraput,Eastern Ghat High Land,Red Laterite,Kharif,Maize,3.16,98.1,80.4,18.6,5.33,0.47,1152.9,21.8,Rainfed,10.61
Ganjam,South Eastern Coastal Plain,Red Laterite,Rabi,Green Gram (Moong),0.86,0.0,42.0,38.0,6.77,0.71,163.6,23.0,Rainfed,2.5
Kalahandi,Western Undulating Zone,Black Soil,Kharif,Ragi (Mandia),2.65,56.6,38.1,18.8,6.19,0.31,855.5,29.6,Rainfed,11.2
Sambalpur,Western Central Table Land,Red Laterite,Rabi,Green Gram (Moong),0.46,9.8,45.8,0.0,6.35,0.69,170.0,22.9,Rainfed,2.5
Ganjam,South Eastern Coastal Plain,Alluvial,Kharif,Groundnut,0.76,33.4,32.7,41.9,7.29,0.39,877.1,27.7,Rainfed,9.73
Koraput,Eastern Ghat High Land,Sandy Loam,Kharif,Ragi (Mandia),1.34,0.0,27.0,45.2,5.19,0.7,1699.5,22.6,Borewell,2.5
Ganjam,South Eastern Coastal Plain,Alluvial,Kharif,Ragi (Mandia),1.42,66.9,34.1,37.2,6.78,0.7,904.9,27.0,Borewell,14.01
Sundargarh,North Western Plateau,Sandy Loam,Kharif,Ragi (Mandia),2.67,60.0,34.3,55.9,5.81,0.75,1470.0,26.6,Borewell,17.54
Sambalpur,Western Central Table Land,Black Soil,Rabi,Green Gram (Moong),1.3,0.0,41.7,10.5,5.84,0.38,178.5,22.5,Rainfed,2.5
Bargarh,Western Central Table Land,Alluvial,Kharif,Groundnut,4.39,31.4,45.0,74.9,6.84,0.54,1309.5,30.2,Canal,11.62
Bargarh,Western Central Table Land,Black Soil,Rabi,Paddy (Rabi),4.36,117.1,72.7,47.7,6.9,0.53,102.9,24.7,Canal,27.1
Kalahandi,Western Undulating Zone,Black Soil,Kharif,Ragi (Mandia),2.02,44.1,0.0,18.5,6.2,0.62,1306.4,28.9,Borewell,2.5
Puri,East & South Eastern Coastal Plain,Alluvial,Rabi,Green Gram (Moong),1.34,15.5,34.6,17.8,6.87,0.55,113.7,22.0,Borewell,4.41
Bargarh,Western Central Table Land,Alluvial,Kharif,Paddy (Kharif),4.55,82.3,27.1,43.9,6.76,0.56,1430.4,27.0,Canal,17.5
Mayurbhanj,North Central Plateau,Red Laterite,Kharif,Paddy (Kharif),3.35,84.4,40.7,56.0,4.95,0.68,838.3,27.4,Rainfed,14.63
Kalahandi,Western Undulating Zone,Red Laterite,Kharif,Ragi (Mandia),0.69,41.2,41.6,50.4,6.44,0.8,999.8,32.2,Rainfed,9.72
Kalahandi,Western Undulating Zone,Red Laterite,Kharif,Maize,2.61,112.3,76.0,32.8,6.25,0.56,1617.0,32.9,Rainfed,16.19
Kalahandi,Western Undulating Zone,Red Laterite,Kharif,Ragi (Mandia),1.22,38.3,21.3,12.4,6.02,0.51,1200.4,29.8,Rainfed,2.5
Cuttack,East & South Eastern Coastal Plain,Sandy Loam,Kharif,Paddy (Kharif),0.8,80.9,38.4,38.0,6.81,0.47,1663.9,29.5,Borewell,17.15
Mayurbhanj,North Central Plateau,Sandy Loam,Kharif,Ragi (Mandia),2.15,0.3,12.4,19.3,5.54,0.51,1620.2,27.6,Rainfed,2.5
Puri,East & South Eastern Coastal Plain,Alluvial,Kharif,Groundnut,1.05,19.6,46.2,53.6,6.83,0.5,1420.4,30.2,Rainfed,8.73
Ganjam,South Eastern Coastal Plain,Red Laterite,Kharif,Paddy (Kharif),3.79,89.9,41.5,69.1,6.67,0.19,1043.6,25.6,Rainfed,19.22
Cuttack,East & South Eastern Coastal Plain,Sandy Loam,Rabi,Paddy (Rabi),1.03,112.8,36.2,38.1,6.21,0.39,259.0,22.7,Borewell,17.87
Mayurbhanj,North Central Plateau,Red Laterite,Kharif,Ragi (Mandia),0.62,73.8,11.2,5.0,5.3,0.23,1321.4,26.8,Rainfed,2.5
Kalahandi,Western Undulating Zone,Black Soil,Kharif,Ragi (Mandia),1.16,47.6,42.1,8.8,6.14,0.55,1343.6,28.6,Rainfed,4.38
Mayurbhanj,North Central Plateau,Red Laterite,Kharif,Paddy (Kharif),0.41,40.1,32.1,72.2,6.2,0.92,1103.8,26.7,Borewell,9.31
Koraput,Eastern Ghat High Land,Sandy Loam,Kharif,Ragi (Mandia),4.33,40.2,30.7,22.1,5.54,0.54,1310.0,23.7,Borewell,12.31
Koraput,Eastern Ghat High Land,Red Laterite,Kharif,Ragi (Mandia),0.37,64.3,33.1,18.8,5.19,0.6,1456.9,23.9,Rainfed,10.75
Puri,East & South Eastern Coastal Plain,Coastal Saline,Kharif,Paddy (Kharif),1.0,89.8,38.4,20.6,7.36,0.27,1332.6,27.5,Rainfed,10.28
Sambalpur,Western Central Table Land,Red Laterite,Rabi,Paddy (Rabi),6.52,113.5,52.5,40.0,6.6,0.43,171.9,23.8,Canal,22.46
Kalahandi,Western Undulating Zone,Red Laterite,Kharif,Ragi (Mandia),2.07,22.7,45.4,22.3,5.13,0.51,647.8,27.9,Rainfed,7.3
Cuttack,East & South Eastern Coastal Plain,Alluvial,Rabi,Green Gram (Moong),1.94,0.0,45.9,38.1,6.87,0.67,180.6,26.7,Rainfed,2.5
Ganjam,South Eastern Coastal Plain,Red Laterite,Kharif,Ragi (Mandia),2.36,61.7,36.7,40.7,6.64,0.71,1211.7,27.5,Borewell,10.23
Balasore,North Eastern Coastal Plain,Sandy Loam,Rabi,Green Gram (Moong),1.87,20.2,64.2,3.9,6.79,0.55,172.9,22.2,Rainfed,2.5
Koraput,Eastern Ghat High Land,Sandy Loam,Kharif,Maize,2.19,125.9,58.4,9.6,5.64,0.52,1496.1,25.7,Borewell,6.51
Kalahandi,Western Undulating Zone,Black Soil,Kharif,Ragi (Mandia),1.08,28.3,25.9,0.0,5.86,0.51,1188.7,29.4,Rainfed,2.5
Bargarh,Western Central Table Land,Black Soil,Kharif,Groundnut,3.88,0.0,61.9,56.3,6.98,0.46,1093.6,29.2,Rainfed,4.11
Sambalpur,Western Central Table Land,Black Soil,Rabi,Paddy (Rabi),3.27,124.2,49.9,42.9,6.7,0.7,155.8,25.6,Rainfed,23.05
Koraput,Eastern Ghat High Land,Sandy Loam,Kharif,Ragi (Mandia),1.5,41.8,25.1,49.3,4.84,0.48,1479.1,22.1,Rainfed,5.79
Sundargarh,North Western Plateau,Red Laterite,Rabi,Mustard,1.11,56.5,47.5,38.3,5.61,0.55,138.9,21.1,Borewell,7.2
Puri,East & South Eastern Coastal Plain,Alluvial,Rabi,Paddy (Rabi),1.7,89.4,47.5,36.3,7.23,0.46,91.4,25.3,Rainfed,21.7
Kalahandi,Western Undulating Zone,Red Laterite,Kharif,Groundnut,0.61,20.0,34.8,34.2,6.35,0.15,963.3,32.4,Borewell,5.95
Ganjam,South Eastern Coastal Plain,Red Laterite,Rabi,Green Gram (Moong),2.46,21.9,61.3,0.0,6.48,0.57,50.7,23.6,Borewell,2.5
Bargarh,Western Central Table Land,Alluvial,Rabi,Paddy (Rabi),2.23,124.2,64.6,44.2,6.33,0.39,49.1,26.5,Canal,27.75
Puri,East & South Eastern Coastal Plain,Coastal Saline,Rabi,Paddy (Rabi),2.62,128.9,44.5,54.8,6.67,0.55,124.2,23.8,Rainfed,28.29
Sundargarh,North Western Plateau,Sandy Loam,Kharif,Ragi (Mandia),1.02,90.9,26.8,31.1,4.79,0.28,1158.4,26.0,Rainfed,8.97
Balasore,North Eastern Coastal Plain,Sandy Loam,Rabi,Paddy (Rabi),2.89,79.7,47.2,40.8,6.72,0.75,159.5,23.8,Borewell,20.36
Ganjam,South Eastern Coastal Plain,Red Laterite,Kharif,Paddy (Kharif),3.36,83.4,46.1,24.9,6.36,0.68,1448.5,26.7,Borewell,15.5
Mayurbhanj,North Central Plateau,Sandy Loam,Kharif,Ragi (Mandia),2.76,61.4,39.3,0.0,6.24,0.57,1683.2,27.8,Borewell,2.5
Mayurbhanj,North Central Plateau,Red Laterite,Kharif,Paddy (Kharif),1.14,103.2,39.5,36.0,5.69,0.73,1928.6,27.3,Rainfed,12.48
Koraput,Eastern Ghat High Land,Sandy Loam,Kharif,Ragi (Mandia),0.71,82.3,34.6,17.2,5.34,0.67,1549.1,23.5,Rainfed,10.07
Koraput,Eastern Ghat High Land,Sandy Loam,Kharif,Maize,1.83,94.5,48.5,57.5,4.94,0.52,1379.0,23.0,Rainfed,12.82
Kalahandi,Western Undulating Zone,Black Soil,Kharif,Maize,3.59,99.6,50.3,25.8,6.5,0.62,741.0,28.8,Borewell,16.06
Ganjam,South Eastern Coastal Plain,Alluvial,Kharif,Ragi (Mandia),1.54,22.0,7.5,20.6,6.47,0.31,1312.3,29.0,Borewell,5.05
Bargarh,Western Central Table Land,Alluvial,Kharif,Paddy (Kharif),2.53,91.6,37.3,45.4,6.89,0.54,1517.8,30.2,Canal,16.42
Koraput,Eastern Ghat High Land,Sandy Loam,Kharif,Maize,0.98,101.8,49.5,75.8,5.54,0.6,1636.9,23.6,Rainfed,16.68
Cuttack,East & South Eastern Coastal Plain,Alluvial,Rabi,Paddy (Rabi),2.95,92.1,55.1,39.1,6.9,0.64,199.8,24.3,Borewell,26.32
Balasore,North Eastern Coastal Plain,Alluvial,Rabi,Mustard,0.7,60.7,10.9,40.5,6.53,0.43,20.0,23.7,Rainfed,3.14
Sambalpur,Western Central Table Land,Black Soil,Kharif,Maize,1.97,102.5,52.5,38.5,6.19,0.39,1189.0,28.0,Canal,18.75
Sambalpur,Western Central Table Land,Black Soil,Rabi,Green Gram (Moong),1.27,33.6,21.7,0.0,6.33,0.66,135.3,21.3,Canal,2.5
Balasore,North Eastern Coastal Plain,Alluvial,Kharif,Paddy (Kharif),0.74,91.1,53.9,61.2,6.41,0.66,1468.1,25.4,Borewell,16.04
Bargarh,Western Central Table Land,Black Soil,Kharif,Groundnut,0.44,34.2,49.1,71.8,6.46,0.32,1252.2,27.9,Canal,12.11
Ganjam,South Eastern Coastal Plain,Alluvial,Kharif,Paddy (Kharif),1.83,81.8,54.4,41.4,6.93,0.4,1136.8,26.4,Rainfed,16.67
Sundargarh,North Western Plateau,Sandy Loam,Rabi,Mustard,2.78,76.2,4.3,28.6,4.98,0.37,96.0,27.8,Rainfed,2.5
Koraput,Eastern Ghat High Land,Red Laterite,Kharif,Maize,2.79,96.5,47.4,27.3,5.62,0.51,1397.2,24.5,Borewell,12.9
Sambalpur,Western Central Table Land,Black Soil,Rabi,Paddy (Rabi),1.52,113.0,46.4,37.0,6.8,0.34,177.1,26.3,Rainfed,18.6
Balasore,North Eastern Coastal Plain,Alluvial,Rabi,Mustard,1.92,93.2,48.4,20.1,6.19,0.4,180.3,19.8,Rainfed,9.33
Sambalpur,Western Central Table Land,Black Soil,Rabi,Green Gram (Moong),1.86,76.1,47.4,22.2,6.64,0.16,121.8,24.6,Canal,4.74
Kalahandi,Western Undulating Zone,Black Soil,Kharif,Ragi (Mandia),2.01,92.5,37.0,19.3,5.71,0.51,614.0,27.9,Borewell,9.03
Kalahandi,Western Undulating Zone,Black Soil,Kharif,Groundnut,0.62,0.0,45.6,46.4,6.28,0.68,922.8,31.0,Rainfed,2.5
Sambalpur,Western Central Table Land,Red Laterite,Kharif,Maize,3.52,102.7,57.0,14.3,6.17,0.61,1381.4,28.0,Rainfed,13.5
Sambalpur,Western Central Table Land,Black Soil,Kharif,Maize,2.41,88.8,87.7,52.4,6.62,0.51,1228.8,29.8,Canal,25.19
Koraput,Eastern Ghat High Land,Red Laterite,Kharif,Maize,1.18,118.2,52.2,20.9,5.22,0.75,1442.3,24.1,Rainfed,14.22
Mayurbhanj,North Central Plateau,Sandy Loam,Kharif,Maize,1.64,131.1,56.3,32.5,5.49,0.64,1483.5,25.2,Rainfed,14.62
Mayurbhanj,North Central Plateau,Sandy Loam,Kharif,Ragi (Mandia),0.74,19.6,26.2,38.7,5.77,0.7,1481.0,25.9,Borewell,8.15
Sambalpur,Western Central Table Land,Red Laterite,Kharif,Paddy (Kharif),1.62,107.3,59.3,38.9,6.25,0.36,1398.0,29.9,Canal,26.17
Bargarh,Western Central Table Land,Black Soil,Rabi,Paddy (Rabi),2.81,104.5,42.6,33.8,6.83,0.41,222.2,23.3,Canal,23.68
Kalahandi,Western Undulating Zone,Black Soil,Kharif,Maize,0.91,54.1,29.4,19.4,5.21,0.4,967.2,31.2,Rainfed,11.23
Sundargarh,North Western Plateau,Sandy Loam,Kharif,Ragi (Mandia),1.86,55.5,17.1,11.1,4.66,0.64,1639.5,24.6,Borewell,2.5
Sundargarh,North Western Plateau,Red Laterite,Kharif,Ragi (Mandia),0.82,118.5,36.3,12.3,4.46,0.66,1313.8,25.0,Borewell,3.51
Puri,East & South Eastern Coastal Plain,Coastal Saline,Rabi,Green Gram (Moong),0.85,55.2,50.3,20.1,6.84,0.53,145.7,25.7,Borewell,6.13
Ganjam,South Eastern Coastal Plain,Alluvial,Kharif,Groundnut,2.35,8.8,47.4,26.0,6.68,0.54,830.0,29.8,Borewell,4.16
Puri,East & South Eastern Coastal Plain,Coastal Saline,Rabi,Paddy (Rabi),0.61,116.4,78.1,59.2,7.25,0.36,258.3,25.3,Rainfed,23.82
Cuttack,East & South Eastern Coastal Plain,Alluvial,Rabi,Green Gram (Moong),5.3,41.2,28.2,22.0,6.36,0.42,209.7,25.9,Borewell,2.5
Koraput,Eastern Ghat High Land,Sandy Loam,Kharif,Maize,1.51,111.2,51.3,44.5,5.89,0.58,1820.5,21.0,Borewell,17.48
Puri,East & South Eastern Coastal Plain,Alluvial,Rabi,Paddy (Rabi),2.76,80.5,60.4,46.9,6.96,0.5,178.4,24.3,Rainfed,19.37
Kalahandi,Western Undulating Zone,Red Laterite,Kharif,Groundnut,1.48,29.4,51.4,50.6,6.41,0.32,1369.7,32.1,Rainfed,14.96
Sundargarh,North Western Plateau,Red Laterite,Rabi,Mustard,1.97,32.8,24.4,24.9,5.54,0.67,93.6,27.0,Rainfed,4.18
Sambalpur,Western Central Table Land,Black Soil,Rabi,Green Gram (Moong),0.49,29.9,23.1,12.5,6.72,0.51,153.8,26.1,Canal,2.5
Bargarh,Western Central Table Land,Black Soil,Kharif,Groundnut,4.61,7.7,46.2,27.9,6.76,0.35,1669.5,29.5,Rainfed,4.91
Mayurbhanj,North Central Plateau,Red Laterite,Kharif,Ragi (Mandia),3.5,49.1,5.3,23.0,5.63,0.93,1614.3,27.6,Rainfed,6.13
Ganjam,South Eastern Coastal Plain,Red Laterite,Rabi,Green Gram (Moong),1.01,40.1,41.1,2.5,6.22,0.52,171.5,24.8,Rainfed,2.5
Sundargarh,North Western Plateau,Red Laterite,Kharif,Ragi (Mandia),2.77,54.1,4.7,36.2,5.77,0.66,1641.2,27.1,Rainfed,3.64
Balasore,North Eastern Coastal Plain,Alluvial,Kharif,Paddy (Kharif),2.91,64.1,43.6,59.8,6.26,0.67,1679.5,26.2,Rainfed,17.08
Bargarh,Western Central Table Land,Black Soil,Kharif,Groundnut,1.52,81.1,59.1,36.8,6.12,0.45,1552.7,27.4,Canal,7.88
Sundargarh,North Western Plateau,Red Laterite,Rabi,Mustard,0.74,42.3,47.2,18.2,5.5,0.6,84.6,23.2,Rainfed,4.17
Mayurbhanj,North Central Plateau,Sandy Loam,Rabi,Mustard,1.6,65.6,21.3,18.0,6.15,0.58,20.0,24.0,Borewell,3.59
Mayurbhanj,North Central Plateau,Sandy Loam,Kharif,Maize,1.2,104.5,76.6,9.8,6.63,0.6,1522.8,24.3,Rainfed,3.45
Kalahandi,Western Undulating Zone,Red Laterite,Kharif,Maize,1.36,81.4,59.0,40.5,5.93,0.67,494.3,29.2,Rainfed,14.49
Kalahandi,Western Undulating Zone,Black Soil,Kharif,Maize,1.19,135.4,52.9,59.7,6.14,0.49,1680.6,28.2,Rainfed,20.61
Sambalpur,Western Central Table Land,Red Laterite,Rabi,Paddy (Rabi),0.5,96.8,28.2,62.3,6.84,0.55,185.4,23.8,Canal,22.29
Mayurbhanj,North Central Plateau,Red Laterite,Kharif,Ragi (Mandia),2.3,44.8,0.0,37.7,6.7,0.57,1778.4,25.8,Rainfed,2.5
Kalahandi,Western Undulating Zone,Red Laterite,Kharif,Groundnut,1.33,0.0,60.1,69.4,6.58,0.47,1772.9,30.3,Rainfed,2.5
Balasore,North Eastern Coastal Plain,Sandy Loam,Kharif,Paddy (Kharif),0.47,77.0,39.9,64.7,6.13,0.64,1512.7,24.3,Borewell,18.92
Ganjam,South Eastern Coastal Plain,Red Laterite,Kharif,Ragi (Mandia),3.48,58.1,31.1,11.5,6.53,0.34,1061.7,28.2,Borewell,2.5
Kalahandi,Western Undulating Zone,Black Soil,Kharif,Groundnut,2.09,6.7,69.6,55.5,5.92,0.91,1393.7,29.7,Borewell,5.24
Sundargarh,North Western Plateau,Sandy Loam,Rabi,Mustard,1.52,35.3,27.4,40.9,5.74,0.7,199.8,24.3,Rainfed,5.34
Ganjam,South Eastern Coastal Plain,Alluvial,Kharif,Paddy (Kharif),0.47,84.4,48.6,62.9,6.46,0.47,1018.7,26.7,Rainfed,22.75
Sambalpur,Western Central Table Land,Black Soil,Kharif,Paddy (Kharif),1.25,66.8,51.0,19.5,6.38,0.67,1237.7,28.4,Rainfed,13.14
Ganjam,South Eastern Coastal Plain,Red Laterite,Rabi,Green Gram (Moong),3.78,0.0,42.7,36.4,5.95,0.45,111.3,24.0,Borewell,2.5
Bargarh,Western Central Table Land,Alluvial,Kharif,Groundnut,0.96,20.8,29.0,70.4,6.82,0.41,1245.3,25.7,Canal,6.01
Sambalpur,Western Central Table Land,Black Soil,Kharif,Paddy (Kharif),1.42,106.3,81.0,11.3,7.0,0.61,1245.1,28.8,Rainfed,13.04
Balasore,North Eastern Coastal Plain,Alluvial,Rabi,Paddy (Rabi),0.7,81.8,27.6,54.7,6.56,0.52,117.0,26.6,Borewell,23.01
Sambalpur,Western Central Table Land,Black Soil,Rabi,Paddy (Rabi),1.2,113.6,51.4,52.2,6.05,0.45,225.5,21.8,Canal,26.43
Koraput,Eastern Ghat High Land,Sandy Loam,Kharif,Maize,1.29,73.9,44.4,48.0,4.74,0.6,1418.2,23.8,Rainfed,7.69
Kalahandi,Western Undulating Zone,Black Soil,Kharif,Groundnut,1.35,22.1,50.9,38.1,5.56,0.83,1651.5,29.2,Rainfed,2.5
Puri,East & South Eastern Coastal Plain,Coastal Saline,Rabi,Green Gram (Moong),3.68,0.0,51.1,26.3,6.59,0.49,181.6,24.9,Borewell,2.5
Puri,East & South Eastern Coastal Plain,Alluvial,Rabi,Green Gram (Moong),0.83,36.9,49.5,17.9,6.91,0.58,179.2,21.8,Borewell,5.13
Sundargarh,North Western Plateau,Sandy Loam,Rabi,Mustard,1.65,63.6,60.3,20.7,5.54,0.61,155.5,26.0,Rainfed,4.14
Ganjam,South Eastern Coastal Plain,Alluvial,Kharif,Paddy (Kharif),1.37,82.2,51.4,33.6,6.7,0.65,1096.5,29.3,Rainfed,22.95
Balasore,North Eastern Coastal Plain,Alluvial,Kharif,Paddy (Kharif),1.45,85.2,59.4,54.2,5.7,0.56,1622.6,25.6,Rainfed,20.18
Ganjam,South Eastern Coastal Plain,Red Laterite,Kharif,Ragi (Mandia),1.4,41.1,32.2,34.3,6.47,0.79,1288.0,26.1,Borewell,8.89
Koraput,Eastern Ghat High Land,Red Laterite,Kharif,Ragi (Mandia),2.61,37.7,40.7,12.1,5.75,0.5,1497.8,21.9,Rainfed,2.5
Ganjam,South Eastern Coastal Plain,Alluvial,Kharif,Paddy (Kharif),1.14,103.8,27.6,22.5,6.74,0.63,1096.3,27.0,Borewell,11.35
Sambalpur,Western Central Table Land,Red Laterite,Rabi,Green Gram (Moong),2.64,37.7,34.0,8.1,6.76,0.42,256.8,25.8,Canal,4.78
Mayurbhanj,North Central Plateau,Sandy Loam,Rabi,Mustard,0.62,107.0,22.9,40.9,6.13,0.35,282.2,23.8,Rainfed,5.32
Sundargarh,North Western Plateau,Sandy Loam,Rabi,Mustard,3.43,83.2,29.5,41.6,5.81,0.44,162.9,21.6,Rainfed,6.24
Bargarh,Western Central Table Land,Black Soil,Rabi,Paddy (Rabi),0.32,89.2,22.2,40.8,7.23,0.85,168.5,24.8,Canal,13.12
Koraput,Eastern Ghat High Land,Sandy Loam,Kharif,Maize,1.55,141.8,64.3,64.7,4.93,0.55,1478.2,22.9,Rainfed,21.78
Sambalpur,Western Central Table Land,Red Laterite,Kharif,Maize,0.5,108.4,65.7,13.9,6.83,0.44,1061.3,29.0,Rainfed,11.78
Koraput,Eastern Ghat High Land,Sandy Loam,Kharif,Maize,1.22,109.5,42.8,23.4,5.51,0.45,1158.9,22.5,Borewell,12.81
Mayurbhanj,North Central Plateau,Red Laterite,Rabi,Mustard,1.31,52.8,35.5,27.7,6.14,0.52,279.6,22.2,Borewell,5.99
Ganjam,South Eastern Coastal Plain,Alluvial,Rabi,Green Gram (Moong),0.61,76.0,25.9,22.0,6.93,0.73,131.3,24.7,Rainfed,5.72
Balasore,North Eastern Coastal Plain,Sandy Loam,Kharif,Paddy (Kharif),1.21,101.9,46.0,64.8,6.48,0.5,1740.1,24.4,Borewell,24.53
Koraput,Eastern Ghat High Land,Red Laterite,Kharif,Ragi (Mandia),3.9,32.0,38.1,41.4,5.07,0.6,1290.7,22.6,Rainfed,12.34
Puri,East & South Eastern Coastal Plain,Alluvial,Rabi,Paddy (Rabi),1.09,126.0,52.3,61.2,6.6,0.44,309.8,24.4,Borewell,27.41
Kalahandi,Western Undulating Zone,Red Laterite,Kharif,Ragi (Mandia),1.22,44.5,36.0,45.3,6.39,0.29,1078.0,26.7,Rainfed,12.55
Puri,East & South Eastern Coastal Plain,Alluvial,Rabi,Paddy (Rabi),1.19,84.0,50.4,67.7,6.91,0.44,280.2,23.6,Rainfed,20.84
Kalahandi,Western Undulating Zone,Red Laterite,Kharif,Ragi (Mandia),5.4,52.4,14.1,39.4,6.72,0.44,845.5,29.0,Rainfed,5.07
Sundargarh,North Western Plateau,Sandy Loam,Kharif,Ragi (Mandia),2.13,52.8,20.2,23.0,4.67,0.59,1380.2,27.7,Rainfed,4.88
Ganjam,South Eastern Coastal Plain,Red Laterite,Rabi,Green Gram (Moong),0.96,0.2,36.0,22.5,7.08,0.29,40.7,21.3,Borewell,2.5
Bargarh,Western Central Table Land,Alluvial,Kharif,Paddy (Kharif),4.59,96.2,48.6,15.4,6.83,0.71,1422.5,27.4,Rainfed,12.74
Bargarh,Western Central Table Land,Black Soil,Rabi,Paddy (Rabi),1.86,129.8,70.8,33.4,7.06,0.34,212.2,23.2,Canal,15.63
Balasore,North Eastern Coastal Plain,Alluvial,Rabi,Paddy (Rabi),1.07,127.7,44.5,58.3,6.07,0.59,77.4,24.5,Borewell,24.66
Kalahandi,Western Undulating Zone,Red Laterite,Kharif,Groundnut,0.88,17.2,50.4,60.5,6.41,0.62,1320.8,27.6,Rainfed,10.85
Puri,East & South Eastern Coastal Plain,Coastal Saline,Rabi,Paddy (Rabi),1.59,116.4,37.1,66.4,6.74,0.52,201.6,24.7,Rainfed,22.42
Bargarh,Western Central Table Land,Black Soil,Kharif,Paddy (Kharif),1.86,42.2,44.1,62.9,6.72,0.84,1786.5,28.2,Canal,21.47
Ganjam,South Eastern Coastal Plain,Alluvial,Kharif,Paddy (Kharif),3.65,108.1,29.4,45.3,6.55,0.39,1710.0,28.6,Rainfed,22.67
Sambalpur,Western Central Table Land,Red Laterite,Rabi,Green Gram (Moong),1.01,26.4,44.4,30.0,5.91,0.29,171.1,23.7,Canal,2.78
Balasore,North Eastern Coastal Plain,Sandy Loam,Rabi,Green Gram (Moong),3.65,0.0,27.5,0.0,5.67,0.54,169.6,22.8,Rainfed,2.5
Bargarh,Western Central Table Land,Black Soil,Rabi,Paddy (Rabi),2.27,55.8,39.0,46.1,6.46,0.41,234.6,27.2,Canal,15.35
Balasore,North Eastern Coastal Plain,Alluvial,Rabi,Paddy (Rabi),0.41,104.1,71.0,58.6,6.43,0.73,187.3,24.1,Rainfed,28.72
Balasore,North Eastern Coastal Plain,Alluvial,Rabi,Paddy (Rabi),4.75,98.2,54.8,66.2,6.24,0.51,167.8,25.1,Borewell,27.79
Cuttack,East & South Eastern Coastal Plain,Alluvial,Rabi,Paddy (Rabi),1.64,108.5,14.7,47.7,6.61,0.71,223.6,23.7,Borewell,9.78
Koraput,Eastern Ghat High Land,Sandy Loam,Kharif,Ragi (Mandia),2.15,61.5,12.8,14.6,5.28,0.42,1622.3,23.5,Rainfed,4.02
Puri,East & South Eastern Coastal Plain,Alluvial,Rabi,Paddy (Rabi),2.18,107.5,58.5,64.9,7.16,0.39,63.1,26.4,Rainfed,26.45
Puri,East & South Eastern Coastal Plain,Coastal Saline,Rabi,Paddy (Rabi),2.54,138.0,59.6,63.3,7.34,0.69,145.5,26.4,Borewell,27.12
Sundargarh,North Western Plateau,Sandy Loam,Kharif,Ragi (Mandia),0.52,36.8,41.3,-0.0,5.47,0.68,1036.1,27.2,Borewell,2.5
Ganjam,South Eastern Coastal Plain,Red Laterite,Kharif,Paddy (Kharif),1.48,103.3,47.4,31.2,6.89,0.57,1273.0,29.9,Borewell,22.83
Puri,East & South Eastern Coastal Plain,Coastal Saline,Rabi,Paddy (Rabi),0.66,117.4,41.7,64.6,7.4,0.73,160.0,24.1,Rainfed,22.35
Puri,East & South Eastern Coastal Plain,Coastal Saline,Kharif,Groundnut,0.72,20.4,39.3,70.8,7.47,0.9,1685.7,29.3,Rainfed,2.94
Sambalpur,Western Central Table Land,Red Laterite,Kharif,Paddy (Kharif),1.32,79.5,61.4,56.5,6.73,0.54,1175.1,28.8,Canal,23.04
Bargarh,Western Central Table Land,Black Soil,Kharif,Groundnut,1.79,30.3,27.9,61.9,6.88,0.58,1282.4,30.3,Rainfed,8.4
Bargarh,Western Central Table Land,Black Soil,Kharif,Paddy (Kharif),1.18,95.6,38.7,64.8,7.0,0.4,1099.4,28.1,Canal,18.5
Koraput,Eastern Ghat High Land,Sandy Loam,Kharif,Ragi (Mandia),1.57,26.7,23.1,18.7,5.2,0.57,1541.0,25.4,Borewell,5.01
Puri,East & South Eastern Coastal Plain,Coastal Saline,Rabi,Paddy (Rabi),0.72,128.2,63.6,45.8,7.31,0.66,283.2,24.5,Rainfed,23.82
Balasore,North Eastern Coastal Plain,Alluvial,Rabi,Mustard,3.08,71.3,50.4,23.0,5.98,0.66,160.5,24.1,Borewell,6.62
Balasore,North Eastern Coastal Plain,Alluvial,Rabi,Mustard,2.46,52.0,63.4,32.7,6.42,0.66,143.6,21.5,Rainfed,5.55
Bargarh,Western Central Table Land,Black Soil,Kharif,Paddy (Kharif),0.97,94.9,61.8,43.0,6.95,0.4,1462.8,27.0,Rainfed,28.27
Koraput,Eastern Ghat High Land,Red Laterite,Kharif,Maize,2.2,71.5,40.8,28.5,5.48,0.79,1381.1,23.9,Rainfed,10.56
Sambalpur,Western Central Table Land,Red Laterite,Kharif,Maize,2.46,86.0,69.3,37.5,6.54,0.8,1327.5,28.7,Canal,22.19
Balasore,North Eastern Coastal Plain,Sandy Loam,Rabi,Mustard,1.2,35.1,34.9,16.6,6.19,0.58,223.8,21.4,Borewell,4.44
Sambalpur,Western Central Table Land,Red Laterite,Rabi,Paddy (Rabi),1.38,131.9,76.3,60.8,6.13,0.56,232.1,28.2,Rainfed,32.5
Sundargarh,North Western Plateau,Red Laterite,Kharif,Ragi (Mandia),1.66,20.5,42.2,42.2,5.48,0.62,1329.8,28.1,Borewell,10.16
Cuttack,East & South Eastern Coastal Plain,Alluvial,Kharif,Paddy (Kharif),1.73,109.7,34.2,21.2,6.81,0.34,1896.1,27.5,Rainfed,7.91
Bargarh,Western Central Table Land,Alluvial,Rabi,Paddy (Rabi),0.95,119.5,61.8,41.1,6.65,0.5,111.6,28.5,Rainfed,23.56
Balasore,North Eastern Coastal Plain,Alluvial,Rabi,Mustard,2.43,51.7,6.5,31.6,6.56,0.33,168.6,25.1,Rainfed,2.5
Koraput,Eastern Ghat High Land,Sandy Loam,Kharif,Ragi (Mandia),0.49,17.5,1.5,27.9,5.31,0.35,1353.1,26.6,Borewell,2.5
Cuttack,East & South Eastern Coastal Plain,Sandy Loam,Kharif,Paddy (Kharif),0.78,133.0,44.1,33.8,7.13,0.29,1697.1,28.1,Rainfed,14.57
Puri,East & South Eastern Coastal Plain,Coastal Saline,Kharif,Paddy (Kharif),1.52,65.3,45.5,16.3,7.34,0.47,1753.8,27.5,Rainfed,12.85
Ganjam,South Eastern Coastal Plain,Red Laterite,Kharif,Paddy (Kharif),2.89,91.9,58.6,75.8,6.26,0.34,1384.0,27.6,Borewell,26.98
Kalahandi,Western Undulating Zone,Red Laterite,Kharif,Groundnut,1.56,24.0,57.8,47.8,5.88,0.81,1423.6,29.9,Rainfed,9.18
Kalahandi,Western Undulating Zone,Black Soil,Kharif,Maize,1.35,61.8,27.7,56.3,6.18,0.58,924.0,28.6,Rainfed,12.37
Mayurbhanj,North Central Plateau,Sandy Loam,Rabi,Mustard,2.23,44.8,49.1,38.3,6.17,0.82,290.8,22.3,Rainfed,6.57
Kalahandi,Western Undulating Zone,Red Laterite,Kharif,Maize,0.77,83.1,53.4,44.0,5.92,0.59,977.8,28.0,Borewell,17.58
Kalahandi,Western Undulating Zone,Black Soil,Kharif,Maize,1.62,91.8,32.8,59.5,5.99,0.48,1159.9,28.7,Borewell,17.93
Sambalpur,Western Central Table Land,Black Soil,Rabi,Green Gram (Moong),2.54,23.4,37.3,18.1,6.23,0.65,145.6,25.7,Canal,4.34
Kalahandi,Western Undulating Zone,Red Laterite,Kharif,Maize,1.48,131.9,45.6,36.4,5.84,0.65,1481.4,30.2,Rainfed,20.2
Kalahandi,Western Undulating Zone,Black Soil,Kharif,Ragi (Mandia),3.09,66.1,39.4,9.4,6.92,0.34,832.3,27.5,Rainfed,4.06
Puri,East & South Eastern Coastal Plain,Coastal Saline,Kharif,Paddy (Kharif),1.39,105.2,29.8,42.7,7.83,0.43,1771.0,29.2,Rainfed,14.4
Ganjam,South Eastern Coastal Plain,Alluvial,Rabi,Green Gram (Moong),2.78,35.2,18.2,41.3,6.09,0.43,116.1,26.3,Rainfed,3.49
Koraput,Eastern Ghat High Land,Red Laterite,Kharif,Ragi (Mandia),3.48,46.8,22.7,25.5,5.08,0.53,1415.1,21.0,Rainfed,4.75
Puri,East & South Eastern Coastal Plain,Alluvial,Kharif,Paddy (Kharif),2.63,61.8,37.8,53.5,6.96,0.25,1495.0,26.8,Borewell,16.42
Sundargarh,North Western Plateau,Sandy Loam,Rabi,Mustard,1.07,16.5,27.9,24.5,4.67,0.73,132.4,25.5,Borewell,3.22
Bargarh,Western Central Table Land,Alluvial,Kharif,Groundnut,1.14,11.5,34.9,52.7,6.99,0.36,1268.5,29.7,Canal,4.46
Puri,East & South Eastern Coastal Plain,Coastal Saline,Rabi,Green Gram (Moong),1.89,29.7,57.8,19.6,6.92,0.53,74.7,24.3,Rainfed,7.68
Kalahandi,Western Undulating Zone,Black Soil,Kharif,Maize,0.76,117.8,51.6,20.7,6.8,0.41,871.5,29.9,Borewell,9.63
Ganjam,South Eastern Coastal Plain,Alluvial,Kharif,Paddy (Kharif),2.73,66.5,82.0,38.9,7.64,0.67,1323.9,30.5,Borewell,21.75
Ganjam,South Eastern Coastal Plain,Red Laterite,Kharif,Groundnut,0.42,34.6,45.2,39.7,6.17,0.82,949.7,27.2,Rainfed,7.99
Mayurbhanj,North Central Plateau,Red Laterite,Kharif,Maize,2.24,69.1,4.5,43.6,6.06,0.82,1527.1,28.8,Borewell,6.67
Ganjam,South Eastern Coastal Plain,Alluvial,Kharif,Groundnut,2.79,5.2,39.3,43.1,6.21,0.67,1257.8,29.3,Borewell,5.53
Bargarh,Western Central Table Land,Alluvial,Rabi,Paddy (Rabi),1.22,120.5,70.9,59.6,6.56,0.37,268.1,24.6,Canal,28.27
Ganjam,South Eastern Coastal Plain,Alluvial,Kharif,Ragi (Mandia),0.83,71.9,65.1,29.5,6.53,0.24,1488.6,26.8,Borewell,10.11
Koraput,Eastern Ghat High Land,Red Laterite,Kharif,Ragi (Mandia),1.86,56.2,0.0,14.1,5.5,0.37,1334.5,24.0,Rainfed,2.5
Puri,East & South Eastern Coastal Plain,Coastal Saline,Rabi,Paddy (Rabi),3.28,140.7,46.1,51.5,7.4,0.39,196.1,25.3,Borewell,21.13
Puri,East & South Eastern Coastal Plain,Coastal Saline,Kharif,Paddy (Kharif),2.34,63.1,64.9,68.3,7.54,0.62,1611.7,28.7,Borewell,30.02
Ganjam,South Eastern Coastal Plain,Red Laterite,Rabi,Green Gram (Moong),0.39,37.8,55.7,24.2,6.21,0.49,190.1,24.7,Borewell,5.28
Balasore,North Eastern Coastal Plain,Alluvial,Rabi,Mustard,1.75,59.6,24.4,5.8,6.06,0.65,165.1,26.1,Borewell,2.66
Cuttack,East & South Eastern Coastal Plain,Sandy Loam,Rabi,Green Gram (Moong),1.84,54.5,50.4,13.9,5.66,0.32,159.0,26.1,Rainfed,3.99
Mayurbhanj,North Central Plateau,Red Laterite,Kharif,Paddy (Kharif),0.9,101.2,69.9,40.8,6.03,0.39,1223.7,23.5,Borewell,27.9
Puri,East & South Eastern Coastal Plain,Coastal Saline,Kharif,Groundnut,0.69,36.1,49.5,60.9,6.65,0.58,1542.2,31.0,Borewell,11.09
Puri,East & South Eastern Coastal Plain,Coastal Saline,Kharif,Paddy (Kharif),0.55,50.6,41.0,48.7,7.18,0.59,1651.4,23.5,Borewell,14.78
Bargarh,Western Central Table Land,Alluvial,Rabi,Paddy (Rabi),3.85,142.3,41.3,22.4,6.72,0.37,239.7,25.7,Canal,12.34
Mayurbhanj,North Central Plateau,Red Laterite,Kharif,Maize,2.63,127.3,67.1,55.4,5.19,0.59,1631.3,26.4,Borewell,17.36
Puri,East & South Eastern Coastal Plain,Coastal Saline,Rabi,Paddy (Rabi),2.18,134.0,83.1,28.4,7.37,0.55,146.5,24.4,Borewell,16.68
Kalahandi,Western Undulating Zone,Red Laterite,Kharif,Maize,2.44,115.7,57.2,29.6,6.47,0.5,1685.9,28.8,Rainfed,16.47
Ganjam,South Eastern Coastal Plain,Red Laterite,Kharif,Groundnut,2.61,10.2,51.9,45.3,6.6,0.5,883.0,26.6,Borewell,10.25
Balasore,North Eastern Coastal Plain,Alluvial,Rabi,Mustard,0.45,42.6,37.6,25.5,6.5,0.39,182.6,23.9,Rainfed,5.71
Ganjam,South Eastern Coastal Plain,Red Laterite,Rabi,Green Gram (Moong),1.97,13.9,46.8,13.9,6.78,0.54,64.7,23.4,Borewell,2.86
Puri,East & South Eastern Coastal Plain,Coastal Saline,Kharif,Paddy (Kharif),1.97,118.3,47.0,43.7,7.35,0.75,1624.7,29.0,Rainfed,21.75
Ganjam,South Eastern Coastal Plain,Red Laterite,Kharif,Groundnut,0.8,0.0,53.0,39.1,6.67,0.38,841.3,28.9,Borewell,2.5
Bargarh,Western Central Table Land,Black Soil,Kharif,Paddy (Kharif),1.3,110.6,29.3,62.5,6.96,0.75,1514.4,28.3,Canal,13.92
Balasore,North Eastern Coastal Plain,Sandy Loam,Rabi,Mustard,0.55,8.2,39.1,35.2,7.07,0.53,165.4,20.9,Borewell,2.5
Balasore,North Eastern Coastal Plain,Sandy Loam,Kharif,Paddy (Kharif),0.85,88.2,69.4,57.9,6.26,0.71,1284.0,29.5,Rainfed,31.3
Koraput,Eastern Ghat High Land,Red Laterite,Kharif,Maize,1.6,137.0,37.6,42.2,5.03,0.82,1263.9,22.9,Rainfed,13.86
Sundargarh,North Western Plateau,Red Laterite,Kharif,Ragi (Mandia),1.49,41.4,3.0,2.6,5.66,0.29,1488.5,26.4,Borewell,2.5
Sambalpur,Western Central Table Land,Red Laterite,Kharif,Maize,1.08,85.3,45.6,45.6,6.31,0.48,1252.6,25.1,Rainfed,18.21
Cuttack,East & South Eastern Coastal Plain,Sandy Loam,Rabi,Paddy (Rabi),4.1,72.6,50.0,48.4,6.98,0.36,165.1,24.1,Rainfed,25.76
Sundargarh,North Western Plateau,Red Laterite,Rabi,Mustard,1.32,97.6,4.5,26.8,4.79,0.38,209.6,23.6,Rainfed,2.85
Balasore,North Eastern Coastal Plain,Alluvial,Rabi,Mustard,1.84,69.5,21.9,46.7,6.8,0.71,90.0,19.0,Borewell,7.31
Kalahandi,Western Undulating Zone,Black Soil,Kharif,Ragi (Mandia),1.28,72.3,25.2,5.6,6.42,0.56,707.8,32.7,Rainfed,7.23
Bargarh,Western Central Table Land,Black Soil,Rabi,Paddy (Rabi),0.83,97.1,30.1,43.2,6.76,0.46,109.8,21.2,Canal,13.85
Ganjam,South Eastern Coastal Plain,Red Laterite,Kharif,Paddy (Kharif),1.73,155.5,43.4,71.5,6.54,0.54,1365.5,29.3,Borewell,25.71
Ganjam,South Eastern Coastal Plain,Alluvial,Kharif,Ragi (Mandia),0.51,40.7,29.1,52.4,6.7,0.42,1338.8,26.4,Borewell,10.79
Puri,East & South Eastern Coastal Plain,Coastal Saline,Rabi,Paddy (Rabi),0.41,85.3,17.3,68.7,7.29,0.91,71.7,26.6,Rainfed,15.44
Kalahandi,Western Undulating Zone,Red Laterite,Kharif,Groundnut,2.62,65.6,77.1,53.9,6.42,0.43,584.2,29.4,Rainfed,10.8
Bargarh,Western Central Table Land,Black Soil,Rabi,Paddy (Rabi),2.41,123.8,34.0,32.9,7.33,0.72,145.1,25.8,Rainfed,16.89
Sundargarh,North Western Plateau,Sandy Loam,Kharif,Ragi (Mandia),0.91,84.0,2.6,0.0,5.23,0.8,1562.3,32.3,Borewell,2.5
Kalahandi,Western Undulating Zone,Black Soil,Kharif,Ragi (Mandia),2.05,81.5,15.4,48.5,5.78,0.46,957.9,28.6,Borewell,9.87
Puri,East & South Eastern Coastal Plain,Alluvial,Rabi,Paddy (Rabi),2.22,102.1,38.0,36.6,7.31,0.38,195.6,24.1,Rainfed,18.78
Ganjam,South Eastern Coastal Plain,Red Laterite,Kharif,Ragi (Mandia),0.92,42.7,24.5,23.3,6.62,0.37,1217.8,28.6,Borewell,7.26
Kalahandi,Western Undulating Zone,Black Soil,Kharif,Groundnut,0.56,26.7,56.5,40.9,5.81,0.15,861.8,28.9,Rainfed,11.91
Puri,East & South Eastern Coastal Plain,Coastal Saline,Rabi,Paddy (Rabi),1.9,100.6,63.5,69.5,6.95,0.35,217.6,26.1,Rainfed,20.7
Cuttack,East & South Eastern Coastal Plain,Alluvial,Rabi,Green Gram (Moong),2.75,35.1,7.9,24.2,6.52,0.39,229.1,25.2,Borewell,3.16
Koraput,Eastern Ghat High Land,Red Laterite,Kharif,Ragi (Mandia),2.27,10.7,22.3,21.5,5.62,0.63,1408.4,22.4,Rainfed,2.5
Mayurbhanj,North Central Plateau,Red Laterite,Rabi,Mustard,1.52,89.7,30.3,34.8,6.47,0.72,220.1,21.7,Borewell,10.32
Cuttack,East & South Eastern Coastal Plain,Alluvial,Rabi,Mustard,2.87,56.0,31.7,42.3,7.09,0.51,184.6,23.2,Borewell,6.66
Ganjam,South Eastern Coastal Plain,Red Laterite,Kharif,Groundnut,2.62,16.1,33.0,54.8,6.02,0.35,1181.9,28.3,Borewell,12.53
Mayurbhanj,North Central Plateau,Sandy Loam,Kharif,Ragi (Mandia),2.42,81.2,45.4,45.1,5.72,0.64,1564.1,26.5,Rainfed,14.07
Kalahandi,Western Undulating Zone,Black Soil,Kharif,Groundnut,2.44,20.3,67.5,64.7,6.99,0.15,1767.1,31.2,Borewell,10.71
Kalahandi,Western Undulating Zone,Red Laterite,Kharif,Maize,1.16,87.6,47.7,36.7,6.55,0.79,832.9,31.7,Borewell,16.5
Koraput,Eastern Ghat High Land,Red Laterite,Kharif,Maize,0.93,117.6,42.2,40.2,5.56,0.32,1381.4,25.2,Rainfed,10.33
Balasore,North Eastern Coastal Plain,Sandy Loam,Rabi,Paddy (Rabi),1.12,109.4,77.3,60.3,6.64,0.51,189.1,26.4,Rainfed,24.91
Puri,East & South Eastern Coastal Plain,Alluvial,Kharif,Paddy (Kharif),2.35,59.5,34.6,56.5,7.58,0.71,1575.4,25.5,Borewell,20.88
Cuttack,East & South Eastern Coastal Plain,Sandy Loam,Rabi,Mustard,1.92,35.6,3.8,26.8,7.04,0.46,163.2,25.6,Borewell,2.5
Sambalpur,Western Central Table Land,Red Laterite,Rabi,Paddy (Rabi),4.12,117.0,43.5,48.9,6.1,0.5,206.5,25.5,Rainfed,26.58
Cuttack,East & South Eastern Coastal Plain,Sandy Loam,Rabi,Green Gram (Moong),2.3,0.0,55.4,0.0,6.46,0.58,238.8,22.3,Borewell,2.5
Puri,East & South Eastern Coastal Plain,Alluvial,Rabi,Paddy (Rabi),1.13,105.4,34.8,22.8,7.7,0.65,61.4,29.9,Rainfed,6.63
Puri,East & South Eastern Coastal Plain,Coastal Saline,Rabi,Paddy (Rabi),1.33,79.9,51.8,53.9,7.26,0.41,197.7,24.5,Borewell,22.83
Mayurbhanj,North Central Plateau,Red Laterite,Kharif,Maize,2.5,89.7,71.4,5.6,5.62,0.55,1566.6,27.5,Rainfed,6.8
Bargarh,Western Central Table Land,Alluvial,Kharif,Paddy (Kharif),1.17,115.6,41.0,29.5,6.08,0.43,1398.7,26.5,Rainfed,14.61
Kalahandi,Western Undulating Zone,Black Soil,Kharif,Groundnut,1.42,59.2,51.6,31.6,6.15,0.4,1121.2,28.7,Borewell,6.7
Mayurbhanj,North Central Plateau,Sandy Loam,Kharif,Paddy (Kharif),1.03,105.1,16.1,76.8,6.02,0.56,2033.8,25.6,Borewell,21.31
Bargarh,Western Central Table Land,Alluvial,Rabi,Paddy (Rabi),1.14,152.2,55.0,33.0,7.4,0.67,209.3,24.8,Canal,26.73
Sambalpur,Western Central Table Land,Black Soil,Kharif,Maize,5.81,76.2,53.8,0.0,6.79,0.62,1443.7,28.8,Canal,2.5
Puri,East & South Eastern Coastal Plain,Coastal Saline,Kharif,Paddy (Kharif),0.67,107.8,42.3,63.9,7.67,0.71,1555.2,27.4,Borewell,23.47
Bargarh,Western Central Table Land,Alluvial,Kharif,Paddy (Kharif),1.13,119.0,59.2,78.5,6.22,0.64,1228.8,27.9,Canal,28.49
Mayurbhanj,North Central Plateau,Sandy Loam,Kharif,Maize,4.82,98.2,59.1,31.2,6.05,0.82,2039.5,26.5,Rainfed,15.13
Kalahandi,Western Undulating Zone,Red Laterite,Kharif,Maize,2.59,85.6,62.2,41.2,6.26,0.53,1327.0,33.1,Rainfed,20.05
Cuttack,East & South Eastern Coastal Plain,Sandy Loam,Rabi,Green Gram (Moong),1.26,3.0,50.1,25.7,6.03,0.5,97.5,23.6,Borewell,2.5
Sambalpur,Western Central Table Land,Black Soil,Kharif,Paddy (Kharif),2.98,109.0,25.6,41.6,6.87,0.55,1374.4,27.4,Canal,14.46
Cuttack,East & South Eastern Coastal Plain,Sandy Loam,Rabi,Paddy (Rabi),0.71,68.7,39.8,58.2,6.89,0.44,120.5,25.0,Rainfed,18.51
Ganjam,South Eastern Coastal Plain,Red Laterite,Kharif,Ragi (Mandia),1.78,32.5,7.5,10.3,6.02,0.77,1396.1,28.0,Borewell,2.5
Ganjam,South Eastern Coastal Plain,Red Laterite,Kharif,Paddy (Kharif),1.8,116.9,52.3,44.5,6.46,0.9,1363.8,31.1,Rainfed,24.15
Balasore,North Eastern Coastal Plain,Sandy Loam,Rabi,Mustard,1.27,86.6,21.6,36.2,6.24,0.55,115.4,24.4,Borewell,4.67
Kalahandi,Western Undulating Zone,Red Laterite,Kharif,Maize,0.85,88.9,66.5,59.7,5.88,0.57,1324.7,29.9,Borewell,23.88
Sambalpur,Western Central Table Land,Red Laterite,Rabi,Green Gram (Moong),1.22,0.0,40.9,33.5,6.63,0.38,244.1,23.0,Canal,2.5
Kalahandi,Western Undulating Zone,Red Laterite,Kharif,Groundnut,0.64,33.2,62.6,62.7,6.62,0.57,1011.0,29.0,Borewell,13.76
Mayurbhanj,North Central Plateau,Sandy Loam,Kharif,Ragi (Mandia),1.4,51.6,16.6,35.9,5.76,0.53,1950.8,25.2,Rainfed,7.61
Cuttack,East & South Eastern Coastal Plain,Alluvial,Rabi,Paddy (Rabi),3.82,123.9,18.6,45.9,6.84,0.29,57.7,25.4,Borewell,11.57
Kalahandi,Western Undulating Zone,Red Laterite,Kharif,Maize,1.79,113.4,55.3,34.7,6.75,0.19,1025.9,28.6,Borewell,17.6
Sundargarh,North Western Plateau,Red Laterite,Rabi,Mustard,1.01,66.1,40.9,22.1,5.25,0.5,183.7,20.8,Rainfed,6.4
Sundargarh,North Western Plateau,Sandy Loam,Kharif,Ragi (Mandia),2.51,59.0,33.3,11.2,5.13,0.61,1128.2,25.4,Borewell,4.53
Kalahandi,Western Undulating Zone,Black Soil,Kharif,Groundnut,2.48,25.8,47.6,33.8,6.73,0.43,1148.1,29.9,Borewell,8.81
Kalahandi,Western Undulating Zone,Black Soil,Kharif,Groundnut,1.92,18.3,32.7,69.1,6.1,0.69,1455.0,29.4,Rainfed,8.14
Koraput,Eastern Ghat High Land,Sandy Loam,Kharif,Maize,2.69,74.1,73.1,36.9,5.7,0.3,1263.8,22.1,Rainfed,16.48
Sundargarh,North Western Plateau,Sandy Loam,Kharif,Ragi (Mandia),1.81,0.0,23.3,19.4,5.58,0.55,1241.6,30.2,Borewell,2.5
Koraput,Eastern Ghat High Land,Red Laterite,Kharif,Maize,1.36,85.6,51.8,53.6,5.41,0.61,1289.9,24.6,Borewell,12.58
Sambalpur,Western Central Table Land,Black Soil,Kharif,Paddy (Kharif),0.46,99.9,44.0,33.1,6.17,0.58,1312.8,28.9,Rainfed,18.03
Cuttack,East & South Eastern Coastal Plain,Alluvial,Rabi,Green Gram (Moong),3.1,40.8,30.3,0.0,6.36,0.57,52.2,22.2,Borewell,2.5
Sambalpur,Western Central Table Land,Black Soil,Rabi,Paddy (Rabi),2.95,111.0,66.6,54.6,6.66,0.84,180.5,28.0,Canal,26.45
Bargarh,Western Central Table Land,Black Soil,Rabi,Paddy (Rabi),0.66,124.2,35.8,70.0,6.11,0.53,104.6,23.8,Canal,23.29
Balasore,North Eastern Coastal Plain,Alluvial,Rabi,Green Gram (Moong),0.92,14.3,30.6,49.6,6.35,0.78,216.5,25.3,Borewell,6.13
Kalahandi,Western Undulating Zone,Red Laterite,Kharif,Groundnut,1.64,0.0,49.6,63.4,6.43,0.63,1374.9,30.1,Borewell,2.5
Sundargarh,North Western Plateau,Red Laterite,Rabi,Mustard,0.45,76.1,49.0,34.2,5.1,0.52,92.4,25.4,Rainfed,5.14
Balasore,North Eastern Coastal Plain,Sandy Loam,Rabi,Green Gram (Moong),2.03,25.2,0.0,7.9,6.27,0.54,136.5,25.5,Borewell,2.5
Bargarh,Western Central Table Land,Alluvial,Kharif,Paddy (Kharif),1.92,103.5,51.7,48.4,6.11,0.55,1273.6,28.9,Canal,27.79
Cuttack,East & South Eastern Coastal Plain,Sandy Loam,Kharif,Paddy (Kharif),1.28,84.9,65.7,31.9,6.85,0.4,1789.8,29.7,Borewell,13.68
Koraput,Eastern Ghat High Land,Sandy Loam,Kharif,Maize,3.18,112.0,28.6,31.8,5.07,0.54,1288.6,23.0,Borewell,5.37
Balasore,North Eastern Coastal Plain,Alluvial,Rabi,Paddy (Rabi),3.07,81.1,43.8,50.5,6.04,0.56,74.4,23.5,Rainfed,22.24
Bargarh,Western Central Table Land,Black Soil,Rabi,Paddy (Rabi),0.66,150.7,49.0,32.4,6.8,0.4,142.5,25.3,Canal,26.06
Ganjam,South Eastern Coastal Plain,Red Laterite,Kharif,Ragi (Mandia),2.17,44.9,22.3,31.1,6.53,0.63,1112.7,29.3,Borewell,10.16
Sambalpur,Western Central Table Land,Red Laterite,Kharif,Maize,5.77,132.4,66.6,0.0,6.57,0.49,1100.5,30.0,Rainfed,3.47
Sundargarh,North Western Plateau,Sandy Loam,Kharif,Ragi (Mandia),3.53,33.9,34.9,11.4,5.29,0.4,1179.6,27.5,Rainfed,2.5
Sundargarh,North Western Plateau,Red Laterite,Kharif,Ragi (Mandia),2.67,39.3,22.6,0.0,5.74,0.71,1179.8,26.1,Rainfed,2.5
Sambalpur,Western Central Table Land,Black Soil,Kharif,Maize,4.04,81.0,51.0,50.7,6.0,0.79,1269.2,28.0,Rainfed,18.63
Sambalpur,Western Central Table Land,Red Laterite,Kharif,Maize,0.44,95.8,56.8,34.3,6.74,0.61,1243.9,27.9,Rainfed,18.17
Sundargarh,North Western Plateau,Red Laterite,Rabi,Mustard,2.37,67.0,41.3,19.1,5.59,0.55,207.8,26.4,Rainfed,2.5
Puri,East & South Eastern Coastal Plain,Coastal Saline,Rabi,Green Gram (Moong),0.98,24.2,53.7,0.0,7.07,0.72,85.0,25.8,Borewell,2.5
Balasore,North Eastern Coastal Plain,Sandy Loam,Rabi,Paddy (Rabi),1.26,116.5,41.1,55.2,6.56,0.6,136.8,25.3,Borewell,26.51
Koraput,Eastern Ghat High Land,Sandy Loam,Kharif,Ragi (Mandia),6.44,3.9,22.0,20.2,5.65,0.63,1179.3,26.4,Rainfed,2.55
Ganjam,South Eastern Coastal Plain,Alluvial,Kharif,Ragi (Mandia),1.04,35.0,13.9,27.9,6.41,0.42,1576.7,27.0,Borewell,2.5
Sambalpur,Western Central Table Land,Red Laterite,Rabi,Paddy (Rabi),3.75,79.0,38.4,53.2,6.75,0.41,82.0,25.6,Canal,22.36
Puri,East & South Eastern Coastal Plain,Alluvial,Kharif,Groundnut,2.79,16.9,61.5,51.7,7.51,0.4,1554.1,27.4,Borewell,8.28
Sundargarh,North Western Plateau,Sandy Loam,Rabi,Mustard,0.85,54.0,38.0,24.2,5.25,0.62,162.1,21.2,Rainfed,5.18
Sambalpur,Western Central Table Land,Red Laterite,Rabi,Green Gram (Moong),0.97,28.2,22.3,34.5,6.39,0.67,87.6,22.9,Canal,2.5
Ganjam,South Eastern Coastal Plain,Alluvial,Rabi,Green Gram (Moong),2.18,45.4,26.9,28.7,6.61,0.76,196.1,25.9,Rainfed,5.81
Ganjam,South Eastern Coastal Plain,Red Laterite,Kharif,Ragi (Mandia),7.09,39.8,23.8,14.7,6.58,0.59,1545.7,28.1,Borewell,6.28
Puri,East & South Eastern Coastal Plain,Coastal Saline,Kharif,Groundnut,2.09,0.0,57.2,80.4,7.31,0.54,1342.4,28.0,Borewell,2.5
Bargarh,Western Central Table Land,Alluvial,Rabi,Paddy (Rabi),1.35,99.3,29.2,33.1,6.86,0.35,128.5,29.3,Canal,19.07
Sundargarh,North Western Plateau,Sandy Loam,Kharif,Ragi (Mandia),2.38,42.6,25.0,20.9,5.23,0.63,1254.0,27.5,Borewell,8.78
Kalahandi,Western Undulating Zone,Red Laterite,Kharif,Ragi (Mandia),1.87,63.2,12.3,27.1,6.46,0.5,1000.1,28.7,Rainfed,9.39
Mayurbhanj,North Central Plateau,Sandy Loam,Kharif,Paddy (Kharif),1.91,97.6,54.4,61.1,6.08,0.59,827.7,24.9,Borewell,23.96
Kalahandi,Western Undulating Zone,Red Laterite,Kharif,Groundnut,0.68,34.8,55.8,35.9,5.9,0.33,1106.1,32.0,Rainfed,10.1
Puri,East & South Eastern Coastal Plain,Alluvial,Rabi,Paddy (Rabi),3.12,139.7,79.4,49.4,7.01,0.34,289.5,27.0,Borewell,31.21
Sambalpur,Western Central Table Land,Red Laterite,Kharif,Maize,1.87,52.2,28.0,31.6,6.23,0.52,1398.2,25.4,Canal,8.98
Koraput,Eastern Ghat High Land,Sandy Loam,Kharif,Ragi (Mandia),6.05,5.7,26.9,17.2,5.14,0.42,1253.4,23.4,Borewell,5.29
Sambalpur,Western Central Table Land,Red Laterite,Rabi,Green Gram (Moong),1.79,13.5,34.9,22.8,6.21,0.62,232.6,24.5,Rainfed,5.7
Koraput,Eastern Ghat High Land,Sandy Loam,Kharif,Maize,2.71,151.4,46.5,47.8,5.04,0.53,1590.1,21.8,Borewell,11.91
Mayurbhanj,North Central Plateau,Sandy Loam,Kharif,Maize,4.05,133.0,45.6,55.5,5.33,0.57,1323.7,25.1,Rainfed,12.13
Cuttack,East & South Eastern Coastal Plain,Alluvial,Kharif,Paddy (Kharif),1.13,37.5,37.1,17.8,7.34,0.7,1240.8,29.4,Borewell,2.5
Cuttack,East & South Eastern Coastal Plain,Alluvial,Kharif,Paddy (Kharif),0.85,50.5,16.8,60.3,6.49,0.84,933.1,27.0,Borewell,14.45
Cuttack,East & South Eastern Coastal Plain,Alluvial,Rabi,Green Gram (Moong),1.47,40.8,53.3,31.8,6.62,0.33,167.6,21.2,Borewell,5.82
Ganjam,South Eastern Coastal Plain,Alluvial,Kharif,Groundnut,0.81,21.3,74.6,67.8,7.0,0.75,1254.1,26.3,Rainfed,10.96
Sambalpur,Western Central Table Land,Red Laterite,Rabi,Green Gram (Moong),0.77,40.6,68.4,15.2,6.22,0.6,51.2,22.2,Canal,6.71
Cuttack,East & South Eastern Coastal Plain,Sandy Loam,Rabi,Paddy (Rabi),0.42,98.4,60.9,28.1,6.36,0.72,174.1,21.9,Borewell,18.39
Sundargarh,North Western Plateau,Sandy Loam,Rabi,Mustard,2.34,118.0,46.1,47.4,5.25,0.56,157.8,22.4,Rainfed,4.02
Ganjam,South Eastern Coastal Plain,Alluvial,Rabi,Green Gram (Moong),0.82,7.4,41.5,39.1,6.49,0.55,186.4,24.7,Rainfed,3.22
Ganjam,South Eastern Coastal Plain,Alluvial,Kharif,Groundnut,0.81,0.0,47.4,80.4,6.64,0.56,1173.3,29.5,Rainfed,2.5
Sambalpur,Western Central Table Land,Black Soil,Rabi,Green Gram (Moong),0.78,31.5,36.4,13.4,6.14,0.82,86.3,27.3,Rainfed,2.5
Balasore,North Eastern Coastal Plain,Alluvial,Kharif,Paddy (Kharif),3.45,81.7,36.8,58.8,6.28,0.76,1754.5,24.7,Rainfed,16.47
Cuttack,East & South Eastern Coastal Plain,Sandy Loam,Rabi,Green Gram (Moong),0.64,40.4,34.6,22.7,6.42,0.32,97.8,25.0,Borewell,5.26
Sambalpur,Western Central Table Land,Black Soil,Kharif,Maize,8.35,82.9,22.4,35.2,6.22,0.69,1590.8,29.0,Canal,13.15
Mayurbhanj,North Central Plateau,Sandy Loam,Kharif,Maize,0.94,55.8,40.5,56.0,5.26,0.39,1376.9,26.6,Borewell,12.11
Cuttack,East & South Eastern Coastal Plain,Alluvial,Rabi,Green Gram (Moong),1.08,40.2,13.0,7.7,6.65,0.61,143.6,24.4,Borewell,2.5
Koraput,Eastern Ghat High Land,Red Laterite,Kharif,Ragi (Mandia),0.41,98.5,26.1,0.0,5.63,0.86,1647.4,22.4,Borewell,2.5
Bargarh,Western Central Table Land,Alluvial,Rabi,Paddy (Rabi),1.1,117.5,58.7,59.6,6.55,0.39,178.0,24.7,Canal,31.11
Ganjam,South Eastern Coastal Plain,Alluvial,Rabi,Green Gram (Moong),2.68,56.9,38.1,10.1,6.09,0.59,103.8,25.9,Borewell,3.9
Puri,East & South Eastern Coastal Plain,Coastal Saline,Kharif,Paddy (Kharif),1.13,70.4,1.4,45.8,7.87,0.34,1653.5,29.0,Borewell,4.25
Sundargarh,North Western Plateau,Sandy Loam,Rabi,Mustard,0.75,56.7,29.4,40.7,4.73,0.51,363.9,22.8,Rainfed,2.5
Mayurbhanj,North Central Plateau,Red Laterite,Kharif,Paddy (Kharif),1.66,98.7,50.7,34.6,6.3,0.6,1458.4,26.4,Rainfed,13.0
Cuttack,East & South Eastern Coastal Plain,Alluvial,Kharif,Paddy (Kharif),1.34,71.1,48.2,50.9,6.33,0.53,1542.5,28.2,Borewell,26.36
Cuttack,East & South Eastern Coastal Plain,Alluvial,Rabi,Paddy (Rabi),1.65,135.0,45.6,70.6,6.16,0.42,270.5,24.2,Borewell,26.33
Ganjam,South Eastern Coastal Plain,Alluvial,Kharif,Paddy (Kharif),1.19,103.5,18.6,39.4,6.46,0.72,1362.6,28.5,Rainfed,14.8
Balasore,North Eastern Coastal Plain,Sandy Loam,Rabi,Mustard,2.59,47.0,4.3,18.2,6.68,0.57,105.8,28.4,Borewell,2.5
Puri,East & South Eastern Coastal Plain,Coastal Saline,Kharif,Paddy (Kharif),0.83,87.7,78.1,37.2,7.5,0.36,1094.8,26.2,Rainfed,18.46
Koraput,Eastern Ghat High Land,Sandy Loam,Kharif,Maize,3.7,117.3,50.5,50.6,5.1,0.27,1927.4,25.7,Rainfed,9.35
Sambalpur,Western Central Table Land,Black Soil,Rabi,Paddy (Rabi),0.8,101.7,26.2,63.9,6.3,0.45,183.9,23.7,Canal,16.08
Mayurbhanj,North Central Plateau,Red Laterite,Kharif,Paddy (Kharif),3.57,97.0,53.2,64.3,6.69,0.49,1634.7,25.9,Rainfed,26.8
Puri,East & South Eastern Coastal Plain,Coastal Saline,Kharif,Groundnut,4.46,21.8,55.6,58.2,6.61,0.6,1345.8,29.4,Borewell,8.12
Cuttack,East & South Eastern Coastal Plain,Alluvial,Rabi,Green Gram (Moong),0.66,15.5,20.9,6.1,6.04,0.52,219.6,24.8,Rainfed,2.5
Sambalpur,Western Central Table Land,Black Soil,Kharif,Maize,1.67,119.2,56.4,46.4,5.93,0.43,1388.2,27.1,Rainfed,21.08
Sambalpur,Western Central Table Land,Red Laterite,Kharif,Paddy (Kharif),2.36,94.0,49.6,49.7,6.49,0.62,1475.1,27.7,Canal,30.15
Ganjam,South Eastern Coastal Plain,Red Laterite,Kharif,Paddy (Kharif),2.85,126.9,27.2,57.0,7.02,0.46,1010.2,24.7,Borewell,22.81
Bargarh,Western Central Table Land,Alluvial,Kharif,Groundnut,0.79,38.2,51.3,47.0,7.42,0.47,1307.2,28.1,Canal,7.62
Mayurbhanj,North Central Plateau,Sandy Loam,Kharif,Paddy (Kharif),0.98,86.2,69.7,42.4,6.06,0.58,1448.0,24.5,Borewell,24.03
Koraput,Eastern Ghat High Land,Sandy Loam,Kharif,Maize,0.83,124.5,38.5,29.2,5.49,0.45,1148.7,20.7,Rainfed,15.52
Sambalpur,Western Central Table Land,Black Soil,Rabi,Paddy (Rabi),1.59,145.0,39.5,17.6,5.95,0.42,76.2,27.0,Canal,14.18
Sambalpur,Western Central Table Land,Red Laterite,Kharif,Paddy (Kharif),2.25,75.5,36.7,52.2,6.47,0.78,1234.6,24.1,Canal,26.71
Cuttack,East & South Eastern Coastal Plain,Sandy Loam,Rabi,Paddy (Rabi),1.18,89.0,66.3,36.1,6.74,0.68,159.3,20.7,Borewell,20.44
Koraput,Eastern Ghat High Land,Red Laterite,Kharif,Ragi (Mandia),2.61,42.9,32.7,40.8,5.4,0.56,1515.1,23.0,Borewell,4.43
Sambalpur,Western Central Table Land,Red Laterite,Kharif,Maize,1.79,86.3,64.5,32.2,6.67,0.72,1251.0,26.5,Canal,12.37
Balasore,North Eastern Coastal Plain,Sandy Loam,Kharif,Paddy (Kharif),0.71,118.1,36.7,70.7,6.31,0.47,1834.8,28.0,Rainfed,29.57
Cuttack,East & South Eastern Coastal Plain,Alluvial,Rabi,Green Gram (Moong),2.8,0.0,41.4,52.4,6.94,0.51,244.4,24.4,Borewell,2.5
Kalahandi,Western Undulating Zone,Red Laterite,Kharif,Ragi (Mandia),1.03,41.2,34.9,38.9,6.17,0.72,1154.2,29.5,Rainfed,8.71
Sundargarh,North Western Plateau,Red Laterite,Rabi,Mustard,1.41,51.7,70.4,38.2,4.97,0.59,99.3,23.3,Rainfed,3.74
Sundargarh,North Western Plateau,Red Laterite,Rabi,Mustard,4.51,98.6,27.0,42.9,5.65,0.61,212.8,22.9,Borewell,7.72
Puri,East & South Eastern Coastal Plain,Alluvial,Kharif,Paddy (Kharif),4.27,60.4,55.0,64.0,6.4,0.61,1180.7,29.1,Borewell,24.72
Cuttack,East & South Eastern Coastal Plain,Sandy Loam,Rabi,Paddy (Rabi),0.79,113.3,22.4,70.3,6.46,0.5,184.9,21.4,Rainfed,23.86
Koraput,Eastern Ghat High Land,Red Laterite,Kharif,Maize,1.11,112.7,84.5,38.4,5.6,0.38,1538.7,25.9,Borewell,16.93
Cuttack,East & South Eastern Coastal Plain,Sandy Loam,Rabi,Green Gram (Moong),2.38,0.0,64.7,36.0,6.34,0.42,176.3,24.2,Borewell,2.5
Bargarh,Western Central Table Land,Alluvial,Rabi,Paddy (Rabi),1.1,73.4,45.6,32.7,7.17,0.6,95.8,27.9,Rainfed,16.9
Ganjam,South Eastern Coastal Plain,Red Laterite,Kharif,Ragi (Mandia),1.84,19.1,0.4,19.8,6.46,0.61,1417.1,29.5,Rainfed,2.5
Balasore,North Eastern Coastal Plain,Alluvial,Kharif,Groundnut,4.02,1.9,60.9,40.5,6.1,0.58,1319.2,27.8,Borewell,4.12
Mayurbhanj,North Central Plateau,Sandy Loam,Kharif,Maize,1.9,75.3,51.4,14.7,5.95,0.31,1682.9,26.7,Borewell,10.54
Cuttack,East & South Eastern Coastal Plain,Alluvial,Rabi,Paddy (Rabi),2.11,107.7,30.5,51.5,6.48,0.72,168.6,23.3,Rainfed,21.61
Balasore,North Eastern Coastal Plain,Sandy Loam,Rabi,Paddy (Rabi),1.16,128.7,59.1,52.1,6.85,0.53,194.4,26.6,Borewell,30.53
Mayurbhanj,North Central Plateau,Red Laterite,Kharif,Paddy (Kharif),0.37,100.9,55.7,57.3,5.66,0.46,1244.8,29.8,Rainfed,16.1
Sambalpur,Western Central Table Land,Red Laterite,Kharif,Maize,1.09,62.1,53.4,36.5,6.54,0.24,1495.5,28.4,Canal,8.35
Puri,East & South Eastern Coastal Plain,Alluvial,Rabi,Green Gram (Moong),0.85,0.0,6.5,21.9,7.35,0.52,253.3,24.0,Borewell,2.5
Bargarh,Western Central Table Land,Alluvial,Kharif,Paddy (Kharif),1.2,47.0,40.7,58.2,6.77,0.51,1397.3,29.0,Canal,18.43
Sundargarh,North Western Plateau,Sandy Loam,Kharif,Ragi (Mandia),0.84,85.6,7.8,20.7,4.7,0.15,1488.4,26.8,Rainfed,2.5
Balasore,North Eastern Coastal Plain,Alluvial,Kharif,Groundnut,2.03,0.4,19.7,56.2,6.67,0.63,1682.3,28.8,Borewell,2.5
Kalahandi,Western Undulating Zone,Black Soil,Kharif,Maize,0.46,87.3,35.6,45.2,6.08,0.73,990.0,30.1,Borewell,15.3
Cuttack,East & South Eastern Coastal Plain,Sandy Loam,Rabi,Mustard,3.99,42.0,13.8,37.4,7.04,0.73,198.1,22.7,Borewell,3.96
Balasore,North Eastern Coastal Plain,Sandy Loam,Rabi,Green Gram (Moong),0.64,0.0,68.6,40.3,7.04,0.46,101.6,21.8,Borewell,2.5
Sundargarh,North Western Plateau,Red Laterite,Rabi,Mustard,0.76,64.7,7.9,33.6,4.76,0.39,192.4,22.7,Rainfed,2.71
Puri,East & South Eastern Coastal Plain,Coastal Saline,Kharif,Paddy (Kharif),1.18,44.8,66.1,21.5,6.89,0.53,1230.4,28.9,Rainfed,11.04
Balasore,North Eastern Coastal Plain,Sandy Loam,Kharif,Groundnut,1.26,19.0,48.2,48.5,6.67,0.47,1395.5,26.1,Rainfed,4.66
Ganjam,South Eastern Coastal Plain,Alluvial,Kharif,Ragi (Mandia),1.37,53.0,19.0,0.1,6.98,0.59,1046.2,28.6,Rainfed,2.5
Balasore,North Eastern Coastal Plain,Sandy Loam,Rabi,Green Gram (Moong),2.08,18.3,41.2,0.6,6.07,0.44,141.6,19.6,Rainfed,2.5
Kalahandi,Western Undulating Zone,Red Laterite,Kharif,Groundnut,1.7,50.7,21.9,58.5,6.51,0.5,753.8,30.1,Borewell,10.05
Koraput,Eastern Ghat High Land,Red Laterite,Kharif,Ragi (Mandia),0.54,40.7,14.3,36.0,5.06,0.57,1092.5,22.3,Rainfed,7.05
Cuttack,East & South Eastern Coastal Plain,Sandy Loam,Rabi,Paddy (Rabi),1.84,97.9,51.8,42.3,6.89,0.57,156.6,25.6,Borewell,24.57
Sundargarh,North Western Plateau,Red Laterite,Kharif,Ragi (Mandia),1.16,68.9,43.6,10.3,4.69,0.39,1130.2,27.0,Rainfed,5.93
Koraput,Eastern Ghat High Land,Sandy Loam,Kharif,Maize,2.53,54.0,40.8,42.0,5.57,0.75,1514.3,23.3,Rainfed,12.06
Koraput,Eastern Ghat High Land,Red Laterite,Kharif,Ragi (Mandia),1.05,62.9,0.0,28.8,5.66,0.52,1703.9,24.3,Borewell,3.63
Puri,East & South Eastern Coastal Plain,Alluvial,Rabi,Green Gram (Moong),1.62,54.2,49.4,45.6,7.51,0.52,96.0,24.9,Borewell,5.42
Koraput,Eastern Ghat High Land,Sandy Loam,Kharif,Ragi (Mandia),3.62,79.2,36.4,11.3,5.57,0.45,1547.3,22.5,Rainfed,8.33
Bargarh,Western Central Table Land,Black Soil,Rabi,Paddy (Rabi),1.4,76.2,36.6,47.4,7.05,0.61,157.4,22.6,Canal,15.05
Sundargarh,North Western Plateau,Sandy Loam,Rabi,Mustard,1.51,37.5,48.1,37.6,5.34,0.62,205.9,25.4,Borewell,5.63
Sundargarh,North Western Plateau,Sandy Loam,Kharif,Ragi (Mandia),0.37,71.9,24.6,17.8,5.43,0.7,1520.4,26.1,Rainfed,8.46
Koraput,Eastern Ghat High Land,Red Laterite,Kharif,Ragi (Mandia),0.47,68.7,50.7,17.4,5.65,0.43,1718.8,26.0,Borewell,7.54
Puri,East & South Eastern Coastal Plain,Alluvial,Kharif,Paddy (Kharif),3.68,86.0,58.4,55.4,7.14,0.6,1330.5,27.3,Borewell,21.66
Koraput,Eastern Ghat High Land,Red Laterite,Kharif,Ragi (Mandia),3.34,48.9,21.9,28.6,5.38,0.51,1385.8,23.0,Rainfed,4.33
Sambalpur,Western Central Table Land,Red Laterite,Kharif,Paddy (Kharif),0.94,56.6,34.7,48.0,5.84,0.64,1443.5,29.5,Canal,16.41
Ganjam,South Eastern Coastal Plain,Alluvial,Kharif,Groundnut,1.89,0.0,36.4,52.8,6.58,0.48,1193.0,28.0,Borewell,2.5
Sambalpur,Western Central Table Land,Red Laterite,Kharif,Maize,1.65,96.9,54.2,60.6,6.46,0.79,1269.2,27.0,Canal,22.54
Bargarh,Western Central Table Land,Black Soil,Rabi,Paddy (Rabi),1.17,92.4,45.8,49.7,7.17,0.56,199.3,24.7,Canal,23.61
Puri,East & South Eastern Coastal Plain,Coastal Saline,Rabi,Paddy (Rabi),3.21,124.5,50.9,78.0,6.93,0.53,107.3,26.8,Rainfed,24.48
Mayurbhanj,North Central Plateau,Red Laterite,Kharif,Maize,0.87,100.3,62.8,64.2,6.17,0.5,1660.4,26.8,Rainfed,21.33
Bargarh,Western Central Table Land,Alluvial,Rabi,Paddy (Rabi),2.37,123.2,63.4,74.1,6.8,0.67,174.6,25.5,Canal,28.05
Ganjam,South Eastern Coastal Plain,Red Laterite,Rabi,Green Gram (Moong),1.06,0.0,45.3,21.7,6.59,0.43,168.8,23.2,Borewell,2.5
Cuttack,East & South Eastern Coastal Plain,Alluvial,Rabi,Paddy (Rabi),0.42,110.0,68.3,38.2,6.83,0.48,114.2,21.9,Borewell,24.94
Mayurbhanj,North Central Plateau,Sandy Loam,Kharif,Paddy (Kharif),3.06,96.0,49.8,28.5,5.36,0.4,1509.8,24.8,Borewell,19.94
Mayurbhanj,North Central Plateau,Sandy Loam,Kharif,Paddy (Kharif),1.66,93.8,47.8,47.8,5.71,0.63,1380.9,28.3,Rainfed,16.69
Koraput,Eastern Ghat High Land,Red Laterite,Kharif,Maize,0.47,79.3,24.7,49.3,5.37,0.79,1469.3,25.7,Rainfed,5.1
Kalahandi,Western Undulating Zone,Black Soil,Kharif,Ragi (Mandia),1.72,39.5,18.1,20.8,6.19,0.8,1039.9,29.4,Rainfed,5.56
Sambalpur,Western Central Table Land,Black Soil,Kharif,Paddy (Kharif),3.04,105.9,13.7,61.4,6.97,0.52,1132.7,28.5,Rainfed,13.64
Sundargarh,North Western Plateau,Sandy Loam,Kharif,Ragi (Mandia),2.76,39.7,25.2,1.0,4.76,0.47,1338.9,28.0,Borewell,2.5
Koraput,Eastern Ghat High Land,Sandy Loam,Kharif,Maize,1.4,98.7,49.0,40.8,5.21,0.43,1493.7,23.6,Rainfed,14.23
Koraput,Eastern Ghat High Land,Sandy Loam,Kharif,Ragi (Mandia),2.09,13.1,13.7,50.2,5.45,0.75,1254.6,23.2,Borewell,2.5
Puri,East & South Eastern Coastal Plain,Coastal Saline,Kharif,Groundnut,2.61,0.0,56.0,49.9,7.27,0.48,1136.7,28.7,Borewell,2.5
Cuttack,East & South Eastern Coastal Plain,Alluvial,Rabi,Mustard,3.75,34.0,4.6,21.3,7.05,0.4,134.5,24.7,Rainfed,2.5
Puri,East & South Eastern Coastal Plain,Alluvial,Kharif,Groundnut,1.24,11.5,46.5,50.4,7.27,0.78,1564.4,28.2,Borewell,6.82
Mayurbhanj,North Central Plateau,Sandy Loam,Kharif,Maize,0.57,84.4,51.8,24.1,6.06,0.44,1240.4,28.0,Rainfed,18.35
Sundargarh,North Western Plateau,Sandy Loam,Kharif,Ragi (Mandia),2.11,40.9,4.6,31.7,5.59,0.74,1541.9,25.1,Rainfed,7.05
Ganjam,South Eastern Coastal Plain,Red Laterite,Kharif,Ragi (Mandia),0.73,70.0,7.7,26.5,6.36,0.58,1488.1,27.0,Rainfed,8.27
Koraput,Eastern Ghat High Land,Red Laterite,Kharif,Maize,0.36,111.1,46.8,28.2,5.65,0.43,1785.8,22.6,Rainfed,16.02
Ganjam,South Eastern Coastal Plain,Alluvial,Kharif,Groundnut,2.12,57.2,58.3,55.7,6.58,0.52,1139.3,29.2,Rainfed,12.18
Bargarh,Western Central Table Land,Alluvial,Rabi,Paddy (Rabi),0.86,117.1,56.7,34.9,7.01,0.5,170.1,27.1,Canal,20.69
Mayurbhanj,North Central Plateau,Sandy Loam,Kharif,Paddy (Kharif),2.17,90.7,63.6,52.1,6.1,0.58,1733.4,28.0,Rainfed,18.71
Ganjam,South Eastern Coastal Plain,Red Laterite,Kharif,Groundnut,4.64,23.9,41.7,55.0,6.34,0.32,1372.3,25.5,Borewell,13.5
Cuttack,East & South Eastern Coastal Plain,Alluvial,Rabi,Mustard,0.77,44.1,35.1,18.1,6.16,0.4,264.8,25.4,Rainfed,5.26
Kalahandi,Western Undulating Zone,Red Laterite,Kharif,Maize,1.35,107.6,36.5,44.5,5.89,0.64,1122.9,28.6,Borewell,19.26
Kalahandi,Western Undulating Zone,Red Laterite,Kharif,Maize,0.81,117.1,35.0,28.3,6.19,0.49,1131.5,27.7,Borewell,13.72
Puri,East & South Eastern Coastal Plain,Coastal Saline,Rabi,Paddy (Rabi),2.3,96.8,62.3,37.5,7.22,0.42,109.6,23.6,Borewell,22.57
Cuttack,East & South Eastern Coastal Plain,Sandy Loam,Kharif,Paddy (Kharif),0.82,69.2,64.4,48.9,6.38,0.51,1219.3,27.8,Rainfed,26.99
Mayurbhanj,North Central Plateau,Sandy Loam,Kharif,Paddy (Kharif),1.19,58.8,46.6,43.4,5.88,0.78,1485.7,27.8,Rainfed,14.15
Mayurbhanj,North Central Plateau,Red Laterite,Kharif,Maize,1.13,93.5,49.2,47.6,5.31,0.26,1680.5,26.5,Rainfed,14.63
Kalahandi,Western Undulating Zone,Black Soil,Kharif,Ragi (Mandia),0.99,83.8,23.3,36.1,6.28,0.57,1199.1,29.4,Rainfed,9.67
Ganjam,South Eastern Coastal Plain,Red Laterite,Kharif,Ragi (Mandia),1.82,42.2,30.2,22.6,6.47,0.58,1090.7,27.2,Rainfed,7.69
Sambalpur,Western Central Table Land,Red Laterite,Kharif,Maize,0.39,83.5,64.6,41.8,6.32,0.73,1466.8,27.3,Canal,16.04
Sambalpur,Western Central Table Land,Red Laterite,Kharif,Maize,1.84,91.7,46.4,45.5,7.02,0.66,1791.8,28.1,Rainfed,21.65
Bargarh,Western Central Table Land,Alluvial,Rabi,Paddy (Rabi),2.25,131.8,48.3,60.9,6.83,0.83,135.7,21.4,Canal,26.51
Cuttack,East & South Eastern Coastal Plain,Alluvial,Kharif,Paddy (Kharif),1.27,132.0,35.8,46.2,6.92,0.74,1353.0,25.8,Borewell,20.6
Cuttack,East & South Eastern Coastal Plain,Sandy Loam,Kharif,Paddy (Kharif),2.9,98.2,37.1,39.0,7.29,0.29,1188.4,28.2,Rainfed,17.35
Puri,East & South Eastern Coastal Plain,Alluvial,Rabi,Paddy (Rabi),1.38,85.1,64.1,46.9,7.04,0.41,229.1,24.6,Rainfed,22.83
Kalahandi,Western Undulating Zone,Black Soil,Kharif,Ragi (Mandia),1.48,66.4,16.2,0.0,5.92,0.65,1052.2,30.0,Rainfed,4.56
Puri,East & South Eastern Coastal Plain,Coastal Saline,Kharif,Paddy (Kharif),0.91,94.2,32.7,67.6,7.26,0.73,1337.0,26.0,Borewell,20.48
Bargarh,Western Central Table Land,Alluvial,Kharif,Paddy (Kharif),1.13,71.4,22.5,56.3,6.25,0.61,1266.9,27.4,Canal,14.35
Bargarh,Western Central Table Land,Alluvial,Kharif,Groundnut,0.72,0.0,44.3,67.7,6.96,0.74,1017.7,28.0,Rainfed,2.5
Ganjam,South Eastern Coastal Plain,Alluvial,Rabi,Green Gram (Moong),0.76,41.4,29.8,17.8,6.69,0.57,211.4,27.4,Rainfed,2.5
Koraput,Eastern Ghat High Land,Sandy Loam,Kharif,Ragi (Mandia),2.03,21.1,25.1,36.0,5.38,0.73,1585.9,24.1,Borewell,10.92
Mayurbhanj,North Central Plateau,Red Laterite,Kharif,Paddy (Kharif),1.12,74.8,44.0,23.9,4.78,0.51,1038.7,26.2,Rainfed,8.81
Sundargarh,North Western Plateau,Red Laterite,Rabi,Mustard,0.85,71.0,29.6,34.7,5.22,0.51,172.9,23.2,Borewell,4.55
Mayurbhanj,North Central Plateau,Sandy Loam,Kharif,Maize,0.66,60.0,49.5,41.3,6.01,0.66,1211.3,27.5,Rainfed,19.2
Bargarh,Western Central Table Land,Black Soil,Kharif,Paddy (Kharif),1.14,94.1,50.4,29.6,6.48,0.59,1011.8,31.0,Canal,23.83
Koraput,Eastern Ghat High Land,Red Laterite,Kharif,Maize,2.4,110.5,34.0,17.1,5.09,0.75,1741.2,21.5,Rainfed,6.55
Mayurbhanj,North Central Plateau,Sandy Loam,Kharif,Ragi (Mandia),1.84,62.4,22.9,0.0,5.51,0.58,1722.2,26.1,Rainfed,2.5
Puri,East & South Eastern Coastal Plain,Alluvial,Kharif,Groundnut,4.41,27.3,45.1,64.9,6.81,0.57,1393.7,27.6,Borewell,12.8
Sambalpur,Western Central Table Land,Black Soil,Kharif,Paddy (Kharif),1.45,103.1,36.4,40.1,6.59,0.39,1397.5,28.7,Rainfed,15.1
Puri,East & South Eastern Coastal Plain,Coastal Saline,Rabi,Green Gram (Moong),2.71,33.8,39.3,22.4,7.28,0.4,171.6,23.3,Rainfed,4.72
Sundargarh,North Western Plateau,Sandy Loam,Rabi,Mustard,1.76,48.5,35.7,52.8,5.51,0.47,148.0,22.6,Borewell,5.73
Mayurbhanj,North Central Plateau,Sandy Loam,Rabi,Mustard,1.9,65.4,35.8,41.6,5.67,0.37,145.9,22.3,Rainfed,3.28
Bargarh,Western Central Table Land,Black Soil,Kharif,Paddy (Kharif),4.95,76.9,50.3,64.5,6.95,0.84,976.2,31.5,Canal,32.63
Koraput,Eastern Ghat High Land,Red Laterite,Kharif,Ragi (Mandia),1.27,29.0,16.7,43.7,5.52,0.58,1170.5,23.2,Rainfed,9.97
Bargarh,Western Central Table Land,Alluvial,Rabi,Paddy (Rabi),1.18,86.0,57.4,48.2,7.2,0.56,119.0,23.1,Canal,18.14
Mayurbhanj,North Central Plateau,Red Laterite,Rabi,Mustard,0.7,60.8,15.0,35.4,5.49,0.37,91.2,18.7,Rainfed,3.03
Sambalpur,Western Central Table Land,Red Laterite,Kharif,Maize,3.67,62.9,41.6,47.8,6.44,0.32,1219.4,26.9,Rainfed,16.67
Kalahandi,Western Undulating Zone,Black Soil,Kharif,Groundnut,0.58,19.9,55.7,45.0,5.79,0.33,518.4,31.1,Rainfed,6.54
Mayurbhanj,North Central Plateau,Sandy Loam,Kharif,Maize,1.43,101.8,47.9,32.8,5.66,0.63,1212.2,27.5,Borewell,13.68
Cuttack,East & South Eastern Coastal Plain,Sandy Loam,Rabi,Mustard,1.03,71.1,45.8,36.7,6.7,0.51,101.7,26.0,Borewell,9.6
Sambalpur,Western Central Table Land,Black Soil,Rabi,Paddy (Rabi),0.62,118.4,45.6,50.9,6.61,0.57,86.3,22.4,Rainfed,17.65
Sambalpur,Western Central Table Land,Red Laterite,Kharif,Paddy (Kharif),2.59,88.1,50.7,41.6,6.6,0.69,1202.8,26.3,Rainfed,21.91
Puri,East & South Eastern Coastal Plain,Alluvial,Kharif,Paddy (Kharif),1.91,103.8,43.5,34.4,6.77,0.68,1202.8,30.2,Borewell,24.41
Mayurbhanj,North Central Plateau,Red Laterite,Kharif,Maize,1.04,68.8,69.5,45.9,6.35,0.7,1360.9,28.6,Borewell,24.41
Cuttack,East & South Eastern Coastal Plain,Sandy Loam,Rabi,Mustard,0.81,37.3,33.2,4.2,6.53,0.56,222.8,20.0,Borewell,2.65
Balasore,North Eastern Coastal Plain,Alluvial,Rabi,Green Gram (Moong),1.33,43.0,68.5,26.2,6.14,0.76,20.0,23.1,Borewell,6.59
Sambalpur,Western Central Table Land,Red Laterite,Kharif,Paddy (Kharif),0.9,52.5,51.2,7.8,7.11,0.24,941.3,27.7,Canal,9.74
Bargarh,Western Central Table Land,Alluvial,Kharif,Paddy (Kharif),1.25,112.6,45.2,49.9,6.69,0.68,1483.2,28.8,Rainfed,27.36
Sundargarh,North Western Plateau,Sandy Loam,Rabi,Mustard,3.46,75.1,26.7,53.8,4.93,0.43,190.1,26.7,Rainfed,4.53
Ganjam,South Eastern Coastal Plain,Alluvial,Rabi,Green Gram (Moong),1.19,0.2,25.8,0.0,7.15,0.8,198.7,22.9,Borewell,2.5
Sundargarh,North Western Plateau,Sandy Loam,Kharif,Ragi (Mandia),2.47,84.4,15.1,22.3,4.72,0.56,1565.2,26.8,Rainfed,4.71
Mayurbhanj,North Central Plateau,Sandy Loam,Kharif,Paddy (Kharif),1.01,112.3,55.9,57.6,5.84,0.43,1702.8,27.8,Borewell,19.83
Bargarh,Western Central Table Land,Black Soil,Rabi,Paddy (Rabi),1.11,89.3,60.5,50.5,6.53,0.65,176.1,24.4,Canal,25.16
Puri,East & South Eastern Coastal Plain,Coastal Saline,Kharif,Groundnut,2.84,11.6,47.7,75.3,6.78,0.64,1053.6,30.4,Borewell,10.02
Ganjam,South Eastern Coastal Plain,Alluvial,Kharif,Ragi (Mandia),0.55,24.8,30.5,51.1,6.71,0.45,1262.6,27.2,Borewell,4.77
Mayurbhanj,North Central Plateau,Red Laterite,Kharif,Maize,3.01,63.0,56.7,18.4,5.28,0.52,1675.9,28.3,Rainfed,6.94
Ganjam,South Eastern Coastal Plain,Alluvial,Kharif,Paddy (Kharif),6.56,91.3,43.9,51.8,6.38,0.56,1363.7,29.1,Rainfed,26.38
Ganjam,South Eastern Coastal Plain,Red Laterite,Kharif,Paddy (Kharif),0.3,49.5,21.6,37.5,6.78,0.61,1051.1,26.6,Rainfed,11.6
Bargarh,Western Central Table Land,Alluvial,Kharif,Groundnut,1.18,0.0,45.6,50.7,6.59,0.21,1314.0,29.5,Canal,2.5
Puri,East & South Eastern Coastal Plain,Coastal Saline,Rabi,Green Gram (Moong),1.48,58.9,43.0,49.2,7.03,0.46,180.3,22.3,Rainfed,4.18
Kalahandi,Western Undulating Zone,Red Laterite,Kharif,Ragi (Mandia),1.49,35.2,26.2,20.8,5.96,0.83,1132.1,28.7,Rainfed,8.61
Kalahandi,Western Undulating Zone,Black Soil,Kharif,Maize,4.06,81.3,52.5,40.0,6.14,0.52,1092.0,29.7,Borewell,16.78
Koraput,Eastern Ghat High Land,Red Laterite,Kharif,Maize,0.58,109.9,68.3,43.0,5.1,0.48,1263.1,21.3,Rainfed,16.71
Sambalpur,Western Central Table Land,Red Laterite,Rabi,Green Gram (Moong),3.73,52.2,78.0,0.0,5.56,0.58,195.6,26.4,Canal,2.5
Kalahandi,Western Undulating Zone,Black Soil,Kharif,Maize,0.83,85.5,34.3,40.4,6.0,0.89,1249.5,31.8,Rainfed,15.19
Balasore,North Eastern Coastal Plain,Alluvial,Rabi,Mustard,3.35,44.7,66.4,49.6,6.44,0.56,71.4,25.2,Rainfed,7.18
Sundargarh,North Western Plateau,Sandy Loam,Kharif,Ragi (Mandia),1.38,59.2,27.0,11.4,5.2,0.46,1326.8,29.7,Rainfed,2.5
Bargarh,Western Central Table Land,Alluvial,Kharif,Groundnut,0.41,19.2,56.9,51.9,6.42,0.46,1331.8,26.7,Canal,12.65
Sundargarh,North Western Plateau,Sandy Loam,Rabi,Mustard,0.27,44.8,25.6,36.0,5.3,0.55,153.4,24.7,Rainfed,2.62
Puri,East & South Eastern Coastal Plain,Alluvial,Rabi,Green Gram (Moong),0.35,25.7,59.9,17.1,7.45,0.58,136.7,23.2,Borewell,5.43
Mayurbhanj,North Central Plateau,Red Laterite,Kharif,Paddy (Kharif),2.78,109.6,49.0,16.0,5.38,0.43,1755.5,26.2,Borewell,5.25
Koraput,Eastern Ghat High Land,Red Laterite,Kharif,Maize,2.6,90.7,29.0,51.4,5.29,0.66,1683.1,24.7,Borewell,11.55
Balasore,North Eastern Coastal Plain,Sandy Loam,Rabi,Mustard,1.23,43.1,30.7,9.7,6.45,0.63,146.3,24.6,Borewell,3.1
Cuttack,East & South Eastern Coastal Plain,Sandy Loam,Rabi,Paddy (Rabi),1.34,126.8,55.6,43.6,6.81,0.53,152.5,24.5,Rainfed,21.15
Balasore,North Eastern Coastal Plain,Sandy Loam,Rabi,Green Gram (Moong),1.1,1.8,58.4,24.0,6.37,0.41,281.7,25.2,Rainfed,2.5
Sambalpur,Western Central Table Land,Black Soil,Kharif,Maize,0.49,76.9,24.1,46.4,6.2,0.39,1747.6,29.6,Canal,13.75
Koraput,Eastern Ghat High Land,Sandy Loam,Kharif,Ragi (Mandia),1.47,55.5,11.9,31.4,5.47,0.51,1024.9,24.6,Rainfed,5.26
Koraput,Eastern Ghat High Land,Sandy Loam,Kharif,Ragi (Mandia),0.76,60.5,13.9,22.4,4.98,0.51,1422.9,20.9,Rainfed,5.04
Mayurbhanj,North Central Plateau,Sandy Loam,Kharif,Paddy (Kharif),1.73,100.0,58.8,51.7,5.34,0.72,1329.5,25.7,Rainfed,26.76
Cuttack,East & South Eastern Coastal Plain,Alluvial,Rabi,Paddy (Rabi),1.38,116.2,54.6,55.4,6.06,0.65,128.3,22.3,Borewell,21.64
Puri,East & South Eastern Coastal Plain,Alluvial,Rabi,Paddy (Rabi),2.45,105.3,52.0,27.1,7.43,0.67,278.9,21.5,Borewell,11.4
Puri,East & South Eastern Coastal Plain,Coastal Saline,Rabi,Paddy (Rabi),1.83,60.1,50.4,52.7,7.3,0.59,150.4,26.4,Borewell,12.47
Sambalpur,Western Central Table Land,Red Laterite,Rabi,Paddy (Rabi),0.88,111.0,71.2,61.6,6.42,0.56,149.7,24.2,Rainfed,37.0
Koraput,Eastern Ghat High Land,Sandy Loam,Kharif,Ragi (Mandia),2.77,81.2,53.4,39.8,5.46,0.76,1495.1,22.5,Rainfed,14.42
Kalahandi,Western Undulating Zone,Red Laterite,Kharif,Ragi (Mandia),0.44,48.3,41.8,25.2,5.96,0.54,936.6,29.2,Borewell,13.56
Sundargarh,North Western Plateau,Sandy Loam,Rabi,Mustard,2.08,64.0,30.1,0.8,5.07,0.42,70.6,23.9,Borewell,2.5
Puri,East & South Eastern Coastal Plain,Alluvial,Rabi,Paddy (Rabi),1.83,134.3,32.5,43.7,7.09,0.47,221.7,24.0,Borewell,22.92
Cuttack,East & South Eastern Coastal Plain,Sandy Loam,Kharif,Paddy (Kharif),0.48,113.7,51.3,34.5,6.75,0.6,1875.8,26.2,Borewell,20.06
Bargarh,Western Central Table Land,Alluvial,Kharif,Paddy (Kharif),0.52,110.1,61.6,30.2,6.96,0.43,1211.6,31.1,Canal,20.28
Mayurbhanj,North Central Plateau,Red Laterite,Kharif,Maize,2.94,89.9,42.8,32.5,5.73,0.54,1678.8,24.8,Borewell,14.71
Sambalpur,Western Central Table Land,Black Soil,Kharif,Maize,0.57,109.2,22.9,29.3,7.05,0.66,1697.8,26.0,Rainfed,11.9
Mayurbhanj,North Central Plateau,Sandy Loam,Rabi,Mustard,0.47,61.9,14.8,19.7,5.54,0.4,108.4,25.3,Rainfed,2.69
Mayurbhanj,North Central Plateau,Red Laterite,Kharif,Ragi (Mandia),0.8,30.7,32.8,19.2,5.53,0.42,1493.6,28.2,Borewell,8.59
Balasore,North Eastern Coastal Plain,Alluvial,Kharif,Groundnut,0.77,23.8,75.6,60.0,6.4,0.7,1160.0,30.2,Borewell,12.02
Cuttack,East & South Eastern Coastal Plain,Alluvial,Rabi,Green Gram (Moong),1.69,44.7,58.6,4.0,6.55,0.74,110.8,20.8,Borewell,2.65
Bargarh,Western Central Table Land,Black Soil,Rabi,Paddy (Rabi),1.28,90.9,28.5,31.0,6.96,0.39,220.6,22.3,Canal,14.76
Mayurbhanj,North Central Plateau,Sandy Loam,Rabi,Mustard,1.28,84.8,32.5,40.3,6.32,0.58,124.0,23.7,Borewell,5.17
Ganjam,South Eastern Coastal Plain,Red Laterite,Kharif,Ragi (Mandia),1.44,32.8,44.1,43.1,7.05,0.75,756.0,28.8,Rainfed,11.75
Bargarh,Western Central Table Land,Black Soil,Rabi,Paddy (Rabi),1.09,80.9,48.5,52.0,6.02,0.74,143.2,24.3,Rainfed,20.92
Balasore,North Eastern Coastal Plain,Alluvial,Rabi,Green Gram (Moong),2.6,41.9,27.0,34.4,5.72,0.51,100.1,22.6,Borewell,4.37
Ganjam,South Eastern Coastal Plain,Red Laterite,Rabi,Green Gram (Moong),0.92,0.0,46.5,18.4,6.59,0.58,190.1,25.4,Borewell,2.5
Ganjam,South Eastern Coastal Plain,Alluvial,Kharif,Paddy (Kharif),0.71,120.8,42.1,44.4,7.1,0.62,863.1,28.5,Rainfed,20.16
Mayurbhanj,North Central Plateau,Sandy Loam,Rabi,Mustard,1.09,99.8,47.0,31.6,5.41,0.69,89.1,22.6,Borewell,4.39
Koraput,Eastern Ghat High Land,Sandy Loam,Kharif,Maize,2.21,71.0,54.3,25.9,5.49,0.52,1438.6,22.1,Borewell,9.32
Cuttack,East & South Eastern Coastal Plain,Alluvial,Kharif,Paddy (Kharif),4.75,80.0,30.7,57.2,6.36,0.75,1468.6,27.1,Borewell,27.31
Kalahandi,Western Undulating Zone,Black Soil,Kharif,Maize,2.3,90.4,43.0,24.0,6.08,0.61,1106.5,31.3,Rainfed,16.15
Cuttack,East & South Eastern Coastal Plain,Sandy Loam,Rabi,Paddy (Rabi),1.97,127.1,27.9,37.2,5.99,0.52,118.6,21.5,Borewell,18.16
Sambalpur,Western Central Table Land,Red Laterite,Rabi,Paddy (Rabi),2.04,95.1,55.6,38.1,6.77,0.6,141.4,25.4,Rainfed,22.55
Koraput,Eastern Ghat High Land,Sandy Loam,Kharif,Ragi (Mandia),4.11,10.8,12.8,41.9,5.88,0.77,1248.9,22.3,Rainfed,2.5
Cuttack,East & South Eastern Coastal Plain,Alluvial,Rabi,Green Gram (Moong),2.28,1.0,42.8,32.6,7.05,0.74,178.1,21.9,Borewell,2.5
Sundargarh,North Western Plateau,Sandy Loam,Kharif,Ragi (Mandia),1.13,72.7,43.4,0.0,4.78,0.53,1241.2,26.2,Borewell,2.5
Bargarh,Western Central Table Land,Alluvial,Kharif,Groundnut,0.7,28.2,38.4,44.1,7.05,0.7,1214.0,29.0,Canal,8.13
Kalahandi,Western Undulating Zone,Red Laterite,Kharif,Maize,1.48,106.4,55.2,55.1,6.3,0.71,1515.3,29.2,Borewell,26.01
Sundargarh,North Western Plateau,Sandy Loam,Kharif,Ragi (Mandia),2.0,63.9,55.2,10.6,4.98,0.62,716.1,29.4,Rainfed,7.7
Sambalpur,Western Central Table Land,Black Soil,Kharif,Maize,4.86,100.9,50.2,50.2,6.5,0.23,1029.4,30.6,Canal,20.31
Ganjam,South Eastern Coastal Plain,Alluvial,Kharif,Groundnut,2.28,23.2,25.6,43.2,6.2,0.71,1214.3,28.5,Rainfed,2.5
Sundargarh,North Western Plateau,Sandy Loam,Kharif,Ragi (Mandia),2.77,8.7,29.5,13.3,5.21,0.57,1031.4,25.2,Borewell,2.5
Sundargarh,North Western Plateau,Sandy Loam,Kharif,Ragi (Mandia),0.75,73.6,44.6,15.9,6.2,0.47,1307.1,28.6,Borewell,11.89
Sambalpur,Western Central Table Land,Red Laterite,Rabi,Green Gram (Moong),2.08,11.8,43.9,11.7,6.11,0.51,124.3,23.3,Canal,4.06
Sambalpur,Western Central Table Land,Black Soil,Kharif,Maize,0.66,90.8,61.7,61.0,6.38,0.34,1371.3,29.2,Canal,18.82
Ganjam,South Eastern Coastal Plain,Red Laterite,Kharif,Paddy (Kharif),0.96,81.4,53.9,48.5,6.57,0.6,1106.5,27.8,Rainfed,20.81
Puri,East & South Eastern Coastal Plain,Coastal Saline,Kharif,Groundnut,2.54,49.2,68.7,49.7,6.47,0.44,1053.7,26.6,Rainfed,11.7
Balasore,North Eastern Coastal Plain,Alluvial,Kharif,Groundnut,3.09,6.3,38.8,37.4,6.74,0.56,1242.3,25.5,Borewell,5.02
Cuttack,East & South Eastern Coastal Plain,Sandy Loam,Rabi,Green Gram (Moong),0.76,25.3,52.1,36.2,6.29,0.48,202.4,21.6,Borewell,6.7
Sambalpur,Western Central Table Land,Black Soil,Kharif,Maize,1.91,102.1,43.6,53.2,6.52,0.6,1299.8,29.6,Canal,11.9
Mayurbhanj,North Central Plateau,Sandy Loam,Rabi,Mustard,0.67,52.2,45.2,37.8,5.74,0.57,169.8,23.1,Borewell,5.43
Cuttack,East & South Eastern Coastal Plain,Sandy Loam,Rabi,Paddy (Rabi),0.28,80.0,73.7,46.1,6.34,0.79,51.8,24.2,Borewell,25.05
Balasore,North Eastern Coastal Plain,Sandy Loam,Rabi,Paddy (Rabi),0.65,115.5,35.0,60.3,5.99,0.57,136.1,23.6,Borewell,25.48
Cuttack,East & South Eastern Coastal Plain,Alluvial,Rabi,Green Gram (Moong),0.72,46.6,31.0,31.9,6.22,0.69,249.0,23.6,Rainfed,6.22
Kalahandi,Western Undulating Zone,Red Laterite,Kharif,Maize,0.56,76.6,46.4,71.5,5.88,0.4,1124.1,28.4,Rainfed,17.68
Bargarh,Western Central Table Land,Alluvial,Rabi,Paddy (Rabi),2.3,127.9,51.3,61.2,6.44,0.48,101.9,25.4,Canal,31.92
Balasore,North Eastern Coastal Plain,Alluvial,Rabi,Mustard,1.01,72.4,23.9,33.6,6.64,0.52,95.6,26.5,Rainfed,5.98
Puri,East & South Eastern Coastal Plain,Coastal Saline,Kharif,Paddy (Kharif),2.28,73.6,54.8,65.6,7.04,0.51,1406.0,27.7,Borewell,25.44
Sundargarh,North Western Plateau,Sandy Loam,Kharif,Ragi (Mandia),0.75,73.9,22.0,18.0,5.69,0.66,1195.3,26.0,Borewell,6.67
Koraput,Eastern Ghat High Land,Sandy Loam,Kharif,Maize,1.61,70.7,68.3,48.3,5.34,0.44,1075.2,21.3,Rainfed,15.04
Kalahandi,Western Undulating Zone,Red Laterite,Kharif,Groundnut,1.71,46.8,37.7,35.2,6.28,0.3,935.2,29.0,Rainfed,5.31
Puri,East & South Eastern Coastal Plain,Alluvial,Kharif,Paddy (Kharif),1.96,74.9,32.0,45.1,7.12,0.48,1613.2,25.9,Borewell,18.21
Bargarh,Western Central Table Land,Alluvial,Rabi,Paddy (Rabi),3.65,117.7,39.5,63.1,6.21,0.52,125.7,26.5,Canal,21.98
Ganjam,South Eastern Coastal Plain,Red Laterite,Kharif,Paddy (Kharif),0.99,90.7,45.4,51.7,6.64,0.42,899.0,27.2,Rainfed,16.44
Ganjam,South Eastern Coastal Plain,Alluvial,Kharif,Ragi (Mandia),0.32,60.6,29.0,12.5,6.14,0.62,985.4,29.5,Rainfed,7.97
Koraput,Eastern Ghat High Land,Sandy Loam,Kharif,Ragi (Mandia),0.36,54.9,24.4,0.0,5.86,0.55,1720.9,25.1,Rainfed,2.5
Kalahandi,Western Undulating Zone,Black Soil,Kharif,Ragi (Mandia),1.86,73.0,11.0,1.9,6.55,0.46,1633.3,28.1,Rainfed,2.5
Kalahandi,Western Undulating Zone,Red Laterite,Kharif,Ragi (Mandia),2.61,47.4,31.8,31.6,6.21,0.49,1080.5,30.2,Rainfed,12.93
Mayurbhanj,North Central Plateau,Sandy Loam,Kharif,Paddy (Kharif),1.89,66.1,35.2,59.6,6.02,0.4,1659.3,25.6,Rainfed,12.4
Kalahandi,Western Undulating Zone,Red Laterite,Kharif,Groundnut,1.99,0.0,48.2,64.2,6.15,0.56,349.2,27.3,Borewell,2.5
Puri,East & South Eastern Coastal Plain,Alluvial,Rabi,Paddy (Rabi),0.4,117.0,35.7,44.3,7.16,0.48,186.1,27.3,Borewell,20.36
Kalahandi,Western Undulating Zone,Black Soil,Kharif,Groundnut,0.49,34.1,35.8,46.4,5.94,0.49,1360.0,30.5,Borewell,10.19
Cuttack,East & South Eastern Coastal Plain,Alluvial,Rabi,Green Gram (Moong),3.23,54.6,49.3,24.6,7.03,0.4,106.9,23.3,Borewell,6.21
Koraput,Eastern Ghat High Land,Red Laterite,Kharif,Maize,1.31,128.3,51.1,44.2,5.24,0.49,1412.0,25.9,Rainfed,14.66
Puri,East & South Eastern Coastal Plain,Coastal Saline,Rabi,Green Gram (Moong),0.66,19.0,46.3,11.2,7.75,0.75,86.7,28.8,Rainfed,3.65
Koraput,Eastern Ghat High Land,Sandy Loam,Kharif,Ragi (Mandia),1.99,85.7,14.2,25.9,5.1,0.41,1593.7,26.5,Borewell,7.71
Mayurbhanj,North Central Plateau,Sandy Loam,Kharif,Paddy (Kharif),1.5,123.0,41.3,45.1,5.9,0.96,1292.2,27.5,Borewell,23.41
Koraput,Eastern Ghat High Land,Sandy Loam,Kharif,Ragi (Mandia),0.41,42.2,28.2,44.5,5.32,0.72,1384.1,23.1,Rainfed,10.17
Ganjam,South Eastern Coastal Plain,Red Laterite,Kharif,Ragi (Mandia),1.4,47.7,13.0,35.2,6.42,0.74,1250.3,25.3,Rainfed,4.28
Koraput,Eastern Ghat High Land,Red Laterite,Kharif,Ragi (Mandia),1.26,31.1,36.6,49.1,6.5,0.63,1495.0,23.6,Rainfed,8.33
Sundargarh,North Western Plateau,Red Laterite,Rabi,Mustard,2.41,55.8,18.7,37.2,5.57,0.55,288.1,22.9,Rainfed,3.53
Ganjam,South Eastern Coastal Plain,Alluvial,Rabi,Green Gram (Moong),1.21,59.0,42.8,22.4,6.79,0.74,179.2,26.8,Borewell,5.6
Balasore,North Eastern Coastal Plain,Alluvial,Rabi,Paddy (Rabi),1.77,82.9,38.7,43.0,6.41,0.28,112.7,21.6,Borewell,19.29
Bargarh,Western Central Table Land,Black Soil,Rabi,Paddy (Rabi),2.13,104.6,34.2,42.6,6.45,0.47,92.1,21.9,Canal,19.56
Cuttack,East & South Eastern Coastal Plain,Sandy Loam,Rabi,Mustard,1.87,68.9,29.0,18.0,6.58,0.69,184.9,24.6,Rainfed,6.68
Koraput,Eastern Ghat High Land,Sandy Loam,Kharif,Maize,2.53,88.8,7.4,48.1,5.44,0.53,1189.6,22.6,Rainfed,2.5
Sundargarh,North Western Plateau,Red Laterite,Kharif,Ragi (Mandia),1.32,62.7,22.1,25.4,5.45,0.65,1391.5,27.1,Rainfed,10.0
Bargarh,Western Central Table Land,Black Soil,Kharif,Paddy (Kharif),0.61,117.0,51.3,71.5,6.85,0.77,937.1,26.5,Rainfed,29.52
Balasore,North Eastern Coastal Plain,Sandy Loam,Rabi,Green Gram (Moong),2.44,29.8,36.6,7.8,6.9,0.85,108.3,23.7,Rainfed,2.94
Cuttack,East & South Eastern Coastal Plain,Alluvial,Rabi,Green Gram (Moong),2.32,0.0,36.7,13.0,6.15,0.38,221.5,24.0,Borewell,2.5
Koraput,Eastern Ghat High Land,Sandy Loam,Kharif,Ragi (Mandia),1.54,45.4,0.0,38.1,4.99,0.58,1316.2,23.7,Rainfed,2.5
Balasore,North Eastern Coastal Plain,Sandy Loam,Rabi,Green Gram (Moong),2.88,1.6,30.3,21.8,6.58,0.19,111.8,22.2,Borewell,2.5
Sundargarh,North Western Plateau,Red Laterite,Kharif,Ragi (Mandia),1.12,62.6,14.2,47.8,5.48,0.61,931.5,25.9,Rainfed,10.74
Mayurbhanj,North Central Plateau,Sandy Loam,Kharif,Paddy (Kharif),1.23,109.9,38.5,60.0,6.14,0.38,1425.7,25.1,Borewell,26.91
Kalahandi,Western Undulating Zone,Red Laterite,Kharif,Ragi (Mandia),2.19,43.0,18.4,50.7,5.25,0.83,1422.8,30.5,Borewell,10.05
Sundargarh,North Western Plateau,Sandy Loam,Kharif,Ragi (Mandia),4.35,23.0,30.3,15.5,4.88,0.37,1005.6,30.7,Rainfed,5.18
Kalahandi,Western Undulating Zone,Black Soil,Kharif,Maize,0.45,79.5,66.5,37.9,6.91,0.51,666.1,31.2,Rainfed,14.55
Cuttack,East & South Eastern Coastal Plain,Alluvial,Rabi,Green Gram (Moong),0.7,21.1,49.8,13.8,6.16,0.5,215.7,24.0,Borewell,4.61
Sambalpur,Western Central Table Land,Red Laterite,Rabi,Paddy (Rabi),1.3,97.6,54.1,66.6,6.44,0.54,182.0,25.9,Rainfed,23.6
Balasore,North Eastern Coastal Plain,Alluvial,Kharif,Paddy (Kharif),2.29,76.3,21.2,24.9,6.29,0.46,1561.1,28.1,Rainfed,19.22
Ganjam,South Eastern Coastal Plain,Alluvial,Kharif,Ragi (Mandia),3.17,60.9,43.3,16.6,7.07,0.5,1178.7,29.4,Borewell,9.58
Sambalpur,Western Central Table Land,Black Soil,Kharif,Paddy (Kharif),1.26,76.1,53.0,57.7,6.81,0.36,1670.8,27.1,Canal,17.24
Bargarh,Western Central Table Land,Black Soil,Kharif,Paddy (Kharif),0.89,90.9,76.5,43.2,6.31,0.55,1337.5,28.4,Canal,24.05
Mayurbhanj,North Central Plateau,Sandy Loam,Kharif,Paddy (Kharif),0.86,28.0,34.1,43.8,5.81,0.49,1110.7,25.8,Rainfed,6.55
Puri,East & South Eastern Coastal Plain,Alluvial,Rabi,Paddy (Rabi),1.5,104.5,58.0,39.9,6.24,0.58,164.3,26.2,Borewell,25.01
Koraput,Eastern Ghat High Land,Red Laterite,Kharif,Ragi (Mandia),1.27,74.0,20.2,32.3,5.78,0.65,1637.7,22.5,Borewell,9.02
Mayurbhanj,North Central Plateau,Red Laterite,Kharif,Ragi (Mandia),1.56,69.1,2.1,62.9,5.7,0.55,1472.2,25.6,Borewell,2.5
Ganjam,South Eastern Coastal Plain,Red Laterite,Kharif,Ragi (Mandia),0.97,32.3,28.2,5.8,6.51,0.39,1077.8,28.6,Rainfed,5.0
Ganjam,South Eastern Coastal Plain,Red Laterite,Rabi,Green Gram (Moong),5.9,30.8,33.6,7.3,7.23,0.56,78.0,24.9,Rainfed,2.5
Sundargarh,North Western Plateau,Sandy Loam,Kharif,Ragi (Mandia),0.79,17.6,0.0,10.8,4.96,0.52,1375.7,25.9,Rainfed,2.5
Bargarh,Western Central Table Land,Alluvial,Kharif,Groundnut,1.39,60.4,62.9,32.4,6.75,0.55,945.4,30.5,Canal,9.68
Sambalpur,Western Central Table Land,Black Soil,Rabi,Paddy (Rabi),2.02,137.7,50.7,36.7,6.47,0.71,214.2,26.6,Canal,25.82
Sambalpur,Western Central Table Land,Red Laterite,Rabi,Green Gram (Moong),0.55,16.7,40.8,34.9,7.03,0.64,133.1,21.1,Canal,4.5
Koraput,Eastern Ghat High Land,Red Laterite,Kharif,Maize,3.92,61.3,56.8,47.6,5.27,0.36,1594.0,23.4,Rainfed,7.07
Cuttack,East & South Eastern Coastal Plain,Sandy Loam,Rabi,Green Gram (Moong),1.27,0.0,46.1,26.7,6.79,0.55,129.9,25.0,Rainfed,2.5
Kalahandi,Western Undulating Zone,Red Laterite,Kharif,Ragi (Mandia),4.75,34.7,35.8,25.3,6.0,0.79,1353.0,29.7,Rainfed,10.9
Koraput,Eastern Ghat High Land,Red Laterite,Kharif,Maize,3.47,100.6,51.9,57.1,5.2,0.73,1331.5,22.4,Rainfed,17.81
Kalahandi,Western Undulating Zone,Black Soil,Kharif,Maize,0.65,109.7,27.8,25.7,6.41,0.5,846.3,28.3,Borewell,12.53
Cuttack,East & South Eastern Coastal Plain,Sandy Loam,Rabi,Green Gram (Moong),1.84,31.4,33.2,16.6,6.02,0.58,157.6,20.9,Rainfed,5.13
Balasore,North Eastern Coastal Plain,Sandy Loam,Kharif,Groundnut,0.73,5.3,49.0,51.0,6.48,0.63,1361.1,27.0,Borewell,3.85
Kalahandi,Western Undulating Zone,Red Laterite,Kharif,Ragi (Mandia),1.34,57.8,11.1,27.0,6.22,0.29,1212.2,29.2,Rainfed,7.91
Bargarh,Western Central Table Land,Alluvial,Kharif,Paddy (Kharif),0.95,99.1,48.4,46.0,6.83,0.81,1447.2,28.8,Canal,24.28
Kalahandi,Western Undulating Zone,Black Soil,Kharif,Groundnut,1.79,42.1,53.0,58.9,5.63,0.52,1231.9,30.9,Rainfed,7.19
Koraput,Eastern Ghat High Land,Sandy Loam,Kharif,Ragi (Mandia),0.93,11.9,0.0,34.4,5.09,0.49,1050.9,22.5,Borewell,2.5
Balasore,North Eastern Coastal Plain,Alluvial,Rabi,Mustard,1.94,60.4,48.5,21.7,6.79,0.79,104.8,20.4,Borewell,4.5
Ganjam,South Eastern Coastal Plain,Red Laterite,Kharif,Groundnut,1.5,15.7,37.5,76.6,6.56,0.7,704.3,30.0,Borewell,9.08
Sundargarh,North Western Plateau,Red Laterite,Rabi,Mustard,2.42,74.6,22.4,8.8,5.7,0.57,96.6,24.4,Rainfed,2.54
Mayurbhanj,North Central Plateau,Red Laterite,Kharif,Maize,1.22,63.8,54.4,44.2,6.37,0.49,1523.1,26.3,Rainfed,15.27
Mayurbhanj,North Central Plateau,Red Laterite,Kharif,Paddy (Kharif),4.56,110.3,40.9,48.0,5.84,0.38,1727.3,24.5,Rainfed,11.2
Sundargarh,North Western Plateau,Red Laterite,Kharif,Ragi (Mandia),1.32,45.7,29.1,41.2,5.62,0.72,1119.1,27.9,Borewell,8.76
Sundargarh,North Western Plateau,Sandy Loam,Kharif,Ragi (Mandia),0.34,60.0,48.5,22.1,5.03,0.6,1109.6,28.1,Borewell,8.88
Cuttack,East & South Eastern Coastal Plain,Sandy Loam,Rabi,Green Gram (Moong),1.49,38.0,54.8,0.0,6.79,0.47,147.3,22.5,Borewell,2.5
Koraput,Eastern Ghat High Land,Sandy Loam,Kharif,Maize,0.85,104.6,61.0,39.3,5.2,0.71,1190.8,23.7,Borewell,22.74
Sambalpur,Western Central Table Land,Red Laterite,Kharif,Maize,0.47,94.7,86.1,48.1,5.71,0.4,988.5,28.0,Rainfed,17.82
Koraput,Eastern Ghat High Land,Red Laterite,Kharif,Ragi (Mandia),1.99,51.7,61.9,7.8,5.25,0.39,1394.6,22.3,Rainfed,2.5
Kalahandi,Western Undulating Zone,Red Laterite,Kharif,Ragi (Mandia),1.32,39.1,26.0,61.6,6.25,0.46,1178.3,30.8,Borewell,6.37
Cuttack,East & South Eastern Coastal Plain,Alluvial,Rabi,Green Gram (Moong),2.85,0.0,25.9,45.5,6.91,0.76,96.8,25.3,Borewell,2.5
Sundargarh,North Western Plateau,Sandy Loam,Kharif,Ragi (Mandia),1.33,25.3,36.2,2.7,5.31,0.33,1479.1,28.9,Borewell,2.5
Sambalpur,Western Central Table Land,Black Soil,Kharif,Paddy (Kharif),4.06,111.4,64.6,43.8,6.44,0.51,1530.0,26.8,Rainfed,31.76
Sundargarh,North Western Plateau,Sandy Loam,Kharif,Ragi (Mandia),4.66,32.6,50.2,2.6,5.2,0.55,1361.9,25.6,Rainfed,2.5
Sundargarh,North Western Plateau,Red Laterite,Kharif,Ragi (Mandia),1.75,69.4,24.3,4.2,4.81,0.15,1485.0,28.1,Rainfed,2.5
Bargarh,Western Central Table Land,Black Soil,Kharif,Paddy (Kharif),2.68,85.0,40.1,60.4,7.19,0.57,1252.8,27.9,Rainfed,17.0
Cuttack,East & South Eastern Coastal Plain,Alluvial,Rabi,Green Gram (Moong),6.56,40.2,31.5,45.1,7.03,0.52,99.9,23.3,Borewell,6.49
Bargarh,Western Central Table Land,Alluvial,Kharif,Paddy (Kharif),0.67,94.1,75.4,44.8,7.3,0.39,1267.3,29.2,Rainfed,24.49
Kalahandi,Western Undulating Zone,Black Soil,Kharif,Groundnut,2.34,19.2,17.3,76.0,6.66,0.44,821.7,32.0,Rainfed,2.5
Bargarh,Western Central Table Land,Black Soil,Kharif,Paddy (Kharif),2.06,125.7,56.1,29.0,6.79,0.37,1282.0,29.0,Canal,19.03
Puri,East & South Eastern Coastal Plain,Alluvial,Kharif,Paddy (Kharif),2.74,104.8,47.3,50.2,6.89,0.58,1319.1,28.9,Borewell,21.57
Sundargarh,North Western Plateau,Red Laterite,Rabi,Mustard,0.68,51.7,12.3,16.5,5.81,0.56,91.8,24.4,Borewell,2.5
Sambalpur,Western Central Table Land,Red Laterite,Rabi,Paddy (Rabi),2.64,114.7,43.8,27.4,6.42,0.29,117.8,25.9,Canal,19.88
Koraput,Eastern Ghat High Land,Sandy Loam,Kharif,Ragi (Mandia),1.61,37.3,30.6,12.2,5.49,0.58,1104.5,23.7,Rainfed,6.18
Koraput,Eastern Ghat High Land,Sandy Loam,Kharif,Maize,5.69,72.8,44.6,62.4,5.36,0.55,1607.5,23.7,Rainfed,12.45
Ganjam,South Eastern Coastal Plain,Alluvial,Rabi,Green Gram (Moong),3.03,56.1,60.3,0.0,7.06,0.65,109.1,23.9,Borewell,2.5
Ganjam,South Eastern Coastal Plain,Alluvial,Kharif,Groundnut,2.03,29.6,47.1,62.6,7.05,0.78,1043.1,26.5,Borewell,8.67
Koraput,Eastern Ghat High Land,Red Laterite,Kharif,Ragi (Mandia),1.61,33.4,23.4,17.4,5.18,0.51,1631.2,22.6,Borewell,3.72
Koraput,Eastern Ghat High Land,Sandy Loam,Kharif,Maize,5.05,90.9,59.9,43.5,5.17,0.58,1411.3,22.9,Rainfed,19.79
Bargarh,Western Central Table Land,Black Soil,Kharif,Groundnut,4.62,36.6,49.2,47.8,6.7,0.68,1796.6,28.1,Rainfed,9.1
Ganjam,South Eastern Coastal Plain,Red Laterite,Kharif,Paddy (Kharif),1.02,118.9,22.8,33.3,6.49,0.75,1276.7,26.2,Rainfed,16.08
Cuttack,East & South Eastern Coastal Plain,Sandy Loam,Rabi,Mustard,2.26,70.6,50.7,41.4,6.62,0.35,180.9,24.6,Rainfed,7.57
Cuttack,East & South Eastern Coastal Plain,Alluvial,Rabi,Green Gram (Moong),1.0,3.7,71.1,10.9,7.05,0.44,103.1,25.7,Rainfed,2.5
Sundargarh,North Western Plateau,Red Laterite,Rabi,Mustard,2.76,74.8,50.1,34.4,5.38,0.37,142.9,22.1,Rainfed,5.41
Bargarh,Western Central Table Land,Black Soil,Rabi,Paddy (Rabi),1.64,112.6,66.6,54.3,6.58,0.22,138.6,27.8,Canal,37.0
Koraput,Eastern Ghat High Land,Sandy Loam,Kharif,Maize,2.06,146.1,28.5,66.4,5.31,0.62,1563.2,25.3,Borewell,9.71
Sambalpur,Western Central Table Land,Black Soil,Kharif,Maize,2.41,97.5,59.5,37.5,6.99,0.47,1656.8,29.2,Canal,19.47
Balasore,North Eastern Coastal Plain,Sandy Loam,Kharif,Groundnut,0.56,30.2,62.5,63.6,6.39,0.4,1516.6,28.4,Borewell,13.58
Mayurbhanj,North Central Plateau,Sandy Loam,Kharif,Maize,1.65,95.7,61.1,54.4,5.21,0.55,1578.6,21.8,Rainfed,16.95
Puri,East & South Eastern Coastal Plain,Coastal Saline,Kharif,Paddy (Kharif),1.61,118.0,40.2,35.5,7.03,0.7,1515.0,28.8,Borewell,18.64
Ganjam,South Eastern Coastal Plain,Red Laterite,Rabi,Green Gram (Moong),0.69,4.3,45.6,14.5,6.72,0.46,293.2,26.4,Rainfed,3.21
Kalahandi,Western Undulating Zone,Red Laterite,Kharif,Ragi (Mandia),1.17,12.3,30.4,31.5,6.46,0.26,585.3,28.9,Rainfed,5.71
Kalahandi,Western Undulating Zone,Black Soil,Kharif,Ragi (Mandia),1.84,57.9,20.7,35.9,6.19,0.4,752.1,30.8,Borewell,8.97
Puri,East & South Eastern Coastal Plain,Coastal Saline,Kharif,Paddy (Kharif),0.75,100.4,39.6,40.1,6.81,0.62,1581.6,26.7,Borewell,23.96
Sundargarh,North Western Plateau,Red Laterite,Kharif,Ragi (Mandia),0.8,35.8,20.4,0.0,5.07,0.35,1308.6,27.3,Rainfed,2.64
Sambalpur,Western Central Table Land,Black Soil,Kharif,Paddy (Kharif),2.44,65.9,13.1,52.4,6.48,0.81,1134.7,26.6,Rainfed,11.75
Kalahandi,Western Undulating Zone,Black Soil,Kharif,Groundnut,0.58,43.0,28.9,71.9,5.8,0.6,1166.2,27.5,Borewell,10.74
Mayurbhanj,North Central Plateau,Sandy Loam,Kharif,Ragi (Mandia),1.27,54.5,24.1,35.6,5.81,0.48,1478.8,25.0,Rainfed,10.13
Puri,East & South Eastern Coastal Plain,Alluvial,Kharif,Paddy (Kharif),6.24,74.7,42.8,71.8,7.57,0.43,1360.3,28.8,Borewell,16.97
Sambalpur,Western Central Table Land,Black Soil,Rabi,Paddy (Rabi),1.08,111.8,35.1,42.5,5.68,0.47,221.6,26.6,Canal,14.08
Sundargarh,North Western Plateau,Red Laterite,Rabi,Mustard,1.9,48.3,43.0,41.6,5.28,0.47,146.9,21.3,Rainfed,6.23
Cuttack,East & South Eastern Coastal Plain,Sandy Loam,Rabi,Paddy (Rabi),0.73,132.9,48.3,64.1,7.06,0.74,141.5,27.0,Rainfed,27.63
Ganjam,South Eastern Coastal Plain,Alluvial,Kharif,Paddy (Kharif),1.41,96.5,35.9,35.6,6.78,0.65,918.9,25.8,Rainfed,16.82
Mayurbhanj,North Central Plateau,Red Laterite,Rabi,Mustard,2.17,56.6,15.5,40.6,5.68,0.6,183.6,24.3,Rainfed,4.85
Bargarh,Western Central Table Land,Alluvial,Rabi,Paddy (Rabi),0.61,100.8,46.0,52.1,6.04,0.31,126.1,27.7,Canal,19.17
Sambalpur,Western Central Table Land,Black Soil,Rabi,Paddy (Rabi),1.3,81.9,56.9,57.4,6.66,0.76,119.0,25.5,Canal,26.86
Puri,East & South Eastern Coastal Plain,Alluvial,Kharif,Paddy (Kharif),1.35,89.8,58.1,55.5,7.2,0.75,1429.6,27.1,Borewell,24.33
Cuttack,East & South Eastern Coastal Plain,Alluvial,Rabi,Paddy (Rabi),1.05,87.6,39.4,35.3,6.75,0.63,134.5,23.9,Rainfed,15.23
Ganjam,South Eastern Coastal Plain,Red Laterite,Kharif,Groundnut,1.52,0.0,47.9,42.4,6.7,0.62,1468.9,26.6,Borewell,2.99
Puri,East & South Eastern Coastal Plain,Alluvial,Kharif,Paddy (Kharif),0.35,104.4,30.0,65.0,7.11,0.43,1681.6,27.8,Rainfed,13.42
Mayurbhanj,North Central Plateau,Red Laterite,Kharif,Ragi (Mandia),2.29,80.8,4.7,7.6,5.0,0.64,1493.0,24.5,Borewell,2.5
Bargarh,Western Central Table Land,Black Soil,Rabi,Paddy (Rabi),1.1,129.1,49.3,43.5,6.79,0.29,248.6,27.6,Canal,28.13
Balasore,North Eastern Coastal Plain,Sandy Loam,Rabi,Mustard,1.5,16.1,44.5,43.1,6.38,0.71,114.2,22.9,Rainfed,2.5
Kalahandi,Western Undulating Zone,Black Soil,Kharif,Groundnut,0.95,0.0,34.0,55.2,6.75,0.54,998.3,33.9,Rainfed,2.5
Sundargarh,North Western Plateau,Red Laterite,Rabi,Mustard,1.93,90.9,18.5,74.5,5.78,0.38,196.6,24.1,Rainfed,7.59
Balasore,North Eastern Coastal Plain,Sandy Loam,Rabi,Mustard,1.65,32.5,20.1,3.3,6.77,0.6,196.9,23.8,Borewell,3.41
Cuttack,East & South Eastern Coastal Plain,Alluvial,Kharif,Paddy (Kharif),3.42,71.9,58.3,47.5,6.62,0.59,1613.4,26.1,Rainfed,16.68
Sambalpur,Western Central Table Land,Red Laterite,Rabi,Green Gram (Moong),1.7,55.3,54.0,14.4,6.8,0.49,51.3,25.6,Canal,4.65
Kalahandi,Western Undulating Zone,Black Soil,Kharif,Maize,0.96,130.5,64.5,52.8,6.32,0.55,1070.7,31.1,Borewell,25.67
Mayurbhanj,North Central Plateau,Red Laterite,Rabi,Mustard,1.22,33.9,33.0,43.1,5.26,0.41,95.6,21.9,Borewell,5.47
Sambalpur,Western Central Table Land,Black Soil,Kharif,Paddy (Kharif),2.08,85.8,43.1,44.0,6.72,0.54,1450.4,25.6,Rainfed,19.99
Mayurbhanj,North Central Plateau,Sandy Loam,Kharif,Ragi (Mandia),1.67,32.0,13.7,28.8,5.83,0.44,1762.6,27.2,Rainfed,5.52
Ganjam,South Eastern Coastal Plain,Alluvial,Rabi,Green Gram (Moong),1.66,59.2,29.2,12.9,7.08,0.47,245.3,28.2,Borewell,3.92
Bargarh,Western Central Table Land,Alluvial,Kharif,Paddy (Kharif),0.75,59.5,37.7,42.2,7.3,0.53,1391.0,29.4,Canal,13.65
Bargarh,Western Central Table Land,Black Soil,Kharif,Groundnut,1.37,76.7,37.4,60.0,6.88,0.79,1063.5,29.9,Canal,10.38
Ganjam,South Eastern Coastal Plain,Alluvial,Rabi,Green Gram (Moong),2.04,0.0,25.7,16.0,6.87,0.54,158.2,24.9,Borewell,2.5
Sambalpur,Western Central Table Land,Black Soil,Kharif,Paddy (Kharif),4.81,134.9,39.3,42.2,7.11,0.33,1388.8,25.9,Canal,26.06
Ganjam,South Eastern Coastal Plain,Alluvial,Kharif,Ragi (Mandia),3.77,93.4,13.9,27.2,6.81,0.55,1151.5,29.1,Rainfed,3.16
Puri,East & South Eastern Coastal Plain,Coastal Saline,Kharif,Groundnut,0.92,40.8,41.7,44.5,6.9,0.6,1288.9,29.3,Borewell,9.97
Bargarh,Western Central Table Land,Alluvial,Kharif,Groundnut,1.84,12.0,45.0,30.9,7.16,0.58,1341.7,27.2,Canal,3.4
Sundargarh,North Western Plateau,Red Laterite,Kharif,Ragi (Mandia),0.47,55.8,33.9,25.1,5.4,0.41,1605.1,29.9,Rainfed,8.79
Bargarh,Western Central Table Land,Black Soil,Rabi,Paddy (Rabi),0.6,74.6,64.7,41.9,7.05,0.54,211.1,26.7,Canal,25.1
Balasore,North Eastern Coastal Plain,Sandy Loam,Rabi,Green Gram (Moong),3.06,10.8,33.8,32.8,6.63,0.38,71.9,20.5,Rainfed,2.69
Puri,East & South Eastern Coastal Plain,Alluvial,Rabi,Paddy (Rabi),3.46,82.8,55.5,76.4,6.93,0.81,206.5,26.9,Borewell,24.97
Sundargarh,North Western Plateau,Red Laterite,Kharif,Ragi (Mandia),2.74,51.4,54.9,39.3,4.99,0.7,1557.8,28.6,Rainfed,13.79
Kalahandi,Western Undulating Zone,Black Soil,Kharif,Ragi (Mandia),3.14,58.7,30.0,12.4,5.84,0.46,796.5,29.5,Borewell,8.82
Sambalpur,Western Central Table Land,Red Laterite,Rabi,Green Gram (Moong),0.83,14.3,31.5,47.9,7.04,0.5,163.5,20.9,Rainfed,2.56
Ganjam,South Eastern Coastal Plain,Alluvial,Rabi,Green Gram (Moong),3.07,25.3,42.3,9.5,7.03,0.58,123.1,25.3,Borewell,3.96
Sambalpur,Western Central Table Land,Red Laterite,Rabi,Green Gram (Moong),2.5,38.0,43.8,26.1,6.54,0.31,80.1,27.6,Canal,7.7
Puri,East & South Eastern Coastal Plain,Coastal Saline,Kharif,Paddy (Kharif),1.32,98.1,45.2,46.8,7.15,0.52,1246.6,27.2,Borewell,25.31
Bargarh,Western Central Table Land,Black Soil,Rabi,Paddy (Rabi),3.37,103.2,33.3,44.1,6.54,0.69,94.7,22.3,Canal,20.45
Balasore,North Eastern Coastal Plain,Alluvial,Kharif,Paddy (Kharif),1.46,65.9,43.2,70.9,6.05,0.52,1592.9,25.9,Rainfed,15.08
Ganjam,South Eastern Coastal Plain,Red Laterite,Rabi,Green Gram (Moong),0.85,0.0,-0.0,1.6,6.32,0.5,240.8,25.4,Rainfed,2.5
Cuttack,East & South Eastern Coastal Plain,Alluvial,Rabi,Mustard,0.3,84.9,11.5,44.5,6.93,0.55,203.3,24.8,Borewell,4.4
Puri,East & South Eastern Coastal Plain,Coastal Saline,Kharif,Groundnut,3.38,3.6,77.8,53.5,6.68,0.67,1111.4,31.0,Borewell,2.5
Sambalpur,Western Central Table Land,Red Laterite,Kharif,Paddy (Kharif),2.45,114.0,59.6,30.9,6.86,0.36,1669.7,27.0,Canal,19.38
Sundargarh,North Western Plateau,Sandy Loam,Kharif,Ragi (Mandia),0.63,75.7,25.7,61.9,5.23,0.49,1071.0,28.2,Rainfed,10.44
Koraput,Eastern Ghat High Land,Sandy Loam,Kharif,Ragi (Mandia),3.53,34.1,8.2,0.0,5.59,0.44,1506.9,22.8,Rainfed,2.5
Cuttack,East & South Eastern Coastal Plain,Sandy Loam,Kharif,Paddy (Kharif),1.49,71.0,64.8,34.3,6.95,0.75,1123.0,27.5,Borewell,20.82
Ganjam,South Eastern Coastal Plain,Red Laterite,Kharif,Paddy (Kharif),0.95,72.1,40.1,54.7,6.65,0.42,1171.2,29.4,Borewell,25.9
Balasore,North Eastern Coastal Plain,Sandy Loam,Rabi,Mustard,3.25,54.4,27.8,45.2,5.79,0.5,225.0,23.4,Rainfed,3.87
Mayurbhanj,North Central Plateau,Red Laterite,Rabi,Mustard,7.02,70.5,28.7,70.7,5.39,0.41,228.0,23.5,Rainfed,4.1
Cuttack,East & South Eastern Coastal Plain,Sandy Loam,Rabi,Paddy (Rabi),4.25,76.5,72.0,45.5,6.26,0.77,174.3,27.9,Borewell,21.92
Koraput,Eastern Ghat High Land,Red Laterite,Kharif,Ragi (Mandia),1.51,79.5,27.0,36.7,5.82,0.34,1566.6,27.1,Rainfed,11.2
Cuttack,East & South Eastern Coastal Plain,Sandy Loam,Rabi,Paddy (Rabi),1.05,121.4,25.6,52.7,6.45,0.43,110.5,24.4,Rainfed,11.45
Koraput,Eastern Ghat High Land,Red Laterite,Kharif,Maize,0.59,82.3,77.2,33.2,5.82,0.48,1430.7,25.7,Borewell,21.16
Ganjam,South Eastern Coastal Plain,Alluvial,Kharif,Paddy (Kharif),1.11,102.3,43.2,24.6,6.19,0.37,687.9,26.9,Rainfed,10.09
Ganjam,South Eastern Coastal Plain,Red Laterite,Kharif,Groundnut,2.12,27.3,58.2,45.3,6.58,0.53,1544.3,32.2,Rainfed,8.94
Sundargarh,North Western Plateau,Red Laterite,Rabi,Mustard,1.15,32.5,49.2,24.0,5.56,0.45,179.8,24.0,Borewell,4.78
Balasore,North Eastern Coastal Plain,Alluvial,Rabi,Paddy (Rabi),1.85,108.7,46.2,92.0,6.07,0.49,189.5,22.4,Borewell,28.02
Ganjam,South Eastern Coastal Plain,Red Laterite,Rabi,Green Gram (Moong),1.7,9.7,67.6,14.8,7.28,0.74,218.5,25.9,Rainfed,4.88
Koraput,Eastern Ghat High Land,Sandy Loam,Kharif,Maize,1.59,104.1,58.8,26.4,5.37,0.5,1236.8,25.5,Borewell,20.61
Bargarh,Western Central Table Land,Black Soil,Rabi,Paddy (Rabi),2.95,134.8,47.2,79.8,6.56,0.65,254.7,25.9,Canal,32.17
Mayurbhanj,North Central Plateau,Sandy Loam,Kharif,Ragi (Mandia),1.91,61.5,22.0,0.0,6.0,0.72,1429.1,27.8,Rainfed,2.5
Puri,East & South Eastern Coastal Plain,Alluvial,Rabi,Paddy (Rabi),3.46,132.8,63.4,55.5,7.32,0.92,345.8,24.4,Rainfed,28.7
Sambalpur,Western Central Table Land,Red Laterite,Rabi,Green Gram (Moong),3.3,24.7,43.7,9.8,6.42,0.73,79.0,22.3,Rainfed,3.62
Mayurbhanj,North Central Plateau,Red Laterite,Kharif,Paddy (Kharif),1.58,61.1,36.8,54.4,6.13,0.57,1673.1,25.3,Rainfed,20.99
Puri,East & South Eastern Coastal Plain,Alluvial,Rabi,Green Gram (Moong),1.75,0.0,22.8,6.7,7.27,0.54,193.6,25.7,Borewell,2.5
Sundargarh,North Western Plateau,Red Laterite,Rabi,Mustard,1.58,42.7,32.8,17.6,5.7,0.54,135.1,23.1,Borewell,3.87
Bargarh,Western Central Table Land,Alluvial,Kharif,Groundnut,0.36,23.6,56.8,53.1,6.91,0.59,1212.3,28.1,Canal,12.07
Sundargarh,North Western Plateau,Red Laterite,Kharif,Ragi (Mandia),2.54,85.8,26.9,22.2,4.45,0.44,1330.0,27.9,Rainfed,5.24
Kalahandi,Western Undulating Zone,Red Laterite,Kharif,Ragi (Mandia),2.11,45.9,16.0,26.1,6.58,0.42,1071.1,29.6,Borewell,8.71
Bargarh,Western Central Table Land,Alluvial,Kharif,Groundnut,1.56,43.2,23.9,42.0,6.82,0.47,945.8,26.8,Canal,9.23
Koraput,Eastern Ghat High Land,Red Laterite,Kharif,Ragi (Mandia),2.1,101.3,30.7,22.9,5.64,0.59,1228.7,23.5,Borewell,6.79
Koraput,Eastern Ghat High Land,Sandy Loam,Kharif,Ragi (Mandia),3.8,21.5,40.5,16.1,5.55,0.69,1098.9,25.3,Rainfed,7.98
Sambalpur,Western Central Table Land,Red Laterite,Kharif,Paddy (Kharif),4.41,86.1,28.2,65.6,6.35,0.66,1132.7,27.2,Rainfed,18.85
Balasore,North Eastern Coastal Plain,Sandy Loam,Rabi,Mustard,1.55,73.5,47.4,37.6,6.2,0.45,216.9,23.4,Rainfed,10.42
Ganjam,South Eastern Coastal Plain,Alluvial,Rabi,Green Gram (Moong),1.62,0.2,33.1,0.0,6.88,0.74,142.2,24.8,Borewell,2.5
Koraput,Eastern Ghat High Land,Sandy Loam,Kharif,Maize,2.3,129.5,55.3,58.1,5.37,0.64,1651.2,24.3,Rainfed,19.59
Bargarh,Western Central Table Land,Black Soil,Rabi,Paddy (Rabi),2.33,152.3,49.6,30.0,6.55,0.58,290.4,27.0,Canal,20.04
Kalahandi,Western Undulating Zone,Red Laterite,Kharif,Maize,1.55,98.4,61.5,33.8,5.85,0.22,984.9,28.7,Borewell,20.32
Sambalpur,Western Central Table Land,Black Soil,Rabi,Paddy (Rabi),2.08,90.5,51.5,27.4,6.48,0.43,99.5,26.8,Canal,21.41
Koraput,Eastern Ghat High Land,Sandy Loam,Kharif,Ragi (Mandia),0.42,45.1,43.5,26.4,5.77,0.56,1339.5,25.4,Rainfed,14.29
Kalahandi,Western Undulating Zone,Black Soil,Kharif,Maize,1.77,87.6,35.4,43.5,6.63,0.66,868.2,27.7,Rainfed,16.26
Mayurbhanj,North Central Plateau,Sandy Loam,Kharif,Ragi (Mandia),0.36,48.6,25.9,30.1,5.56,0.74,1171.9,26.7,Rainfed,8.42
Cuttack,East & South Eastern Coastal Plain,Alluvial,Kharif,Paddy (Kharif),1.79,67.8,51.1,46.4,6.3,0.4,1614.6,30.3,Borewell,14.16
Sundargarh,North Western Plateau,Sandy Loam,Rabi,Mustard,1.07,58.8,37.1,31.3,5.32,0.49,182.9,24.2,Borewell,3.89
Cuttack,East & South Eastern Coastal Plain,Alluvial,Rabi,Mustard,3.41,91.7,34.9,20.1,7.34,0.46,208.0,24.3,Borewell,5.43
Bargarh,Western Central Table Land,Black Soil,Rabi,Paddy (Rabi),1.41,110.0,44.1,39.3,7.29,0.9,109.2,29.0,Canal,20.99
Ganjam,South Eastern Coastal Plain,Red Laterite,Rabi,Green Gram (Moong),0.93,3.2,37.4,25.7,6.8,0.66,51.7,25.0,Borewell,2.5
Kalahandi,Western Undulating Zone,Black Soil,Kharif,Ragi (Mandia),6.69,12.2,33.2,35.1,6.0,0.42,741.1,30.4,Borewell,8.07
Balasore,North Eastern Coastal Plain,Sandy Loam,Rabi,Mustard,2.21,82.0,35.5,48.0,6.44,0.62,212.5,21.7,Borewell,8.28
Kalahandi,Western Undulating Zone,Red Laterite,Kharif,Maize,0.78,86.3,54.1,32.4,5.67,0.36,1067.9,28.4,Borewell,11.55
Sambalpur,Western Central Table Land,Black Soil,Rabi,Paddy (Rabi),1.96,121.2,49.0,27.7,6.59,0.78,62.0,25.4,Rainfed,23.87
Cuttack,East & South Eastern Coastal Plain,Alluvial,Rabi,Paddy (Rabi),1.02,95.5,58.4,37.1,7.35,0.45,90.0,23.7,Borewell,17.59
Ganjam,South Eastern Coastal Plain,Red Laterite,Kharif,Groundnut,1.33,28.8,32.8,56.4,6.62,0.59,1278.1,29.6,Borewell,10.12
Ganjam,South Eastern Coastal Plain,Alluvial,Kharif,Paddy (Kharif),0.76,107.3,23.3,40.0,6.58,0.43,1085.1,27.3,Borewell,15.35
Balasore,North Eastern Coastal Plain,Sandy Loam,Rabi,Green Gram (Moong),1.9,23.7,28.3,42.1,6.44,0.76,203.3,24.8,Rainfed,6.33
Koraput,Eastern Ghat High Land,Red Laterite,Kharif,Maize,2.03,89.7,43.8,20.4,5.99,0.45,1570.6,21.9,Rainfed,14.28
Koraput,Eastern Ghat High Land,Sandy Loam,Kharif,Ragi (Mandia),1.51,81.6,29.7,34.0,4.75,0.43,1547.7,25.6,Rainfed,6.87
Sambalpur,Western Central Table Land,Red Laterite,Rabi,Green Gram (Moong),1.04,0.0,56.3,19.6,6.2,0.44,81.6,23.2,Canal,2.5
Koraput,Eastern Ghat High Land,Red Laterite,Kharif,Ragi (Mandia),0.25,78.3,18.4,25.3,4.87,0.35,991.1,24.7,Rainfed,3.92
Mayurbhanj,North Central Plateau,Red Laterite,Kharif,Ragi (Mandia),1.01,75.3,27.4,28.0,6.05,0.86,1409.9,28.8,Rainfed,9.09
Ganjam,South Eastern Coastal Plain,Red Laterite,Kharif,Paddy (Kharif),1.61,84.7,57.5,48.7,6.46,0.73,1278.3,30.5,Rainfed,17.72
Koraput,Eastern Ghat High Land,Sandy Loam,Kharif,Ragi (Mandia),2.61,51.9,44.7,25.3,5.48,0.5,1573.0,22.5,Rainfed,11.81
Puri,East & South Eastern Coastal Plain,Coastal Saline,Rabi,Green Gram (Moong),0.79,4.3,47.8,31.8,6.85,0.42,248.2,25.5,Rainfed,2.5
Balasore,North Eastern Coastal Plain,Sandy Loam,Kharif,Paddy (Kharif),4.66,100.7,14.0,72.2,5.79,0.39,1807.7,26.9,Borewell,12.59
Bargarh,Western Central Table Land,Black Soil,Kharif,Paddy (Kharif),3.08,74.7,26.3,51.5,6.1,0.53,1487.7,27.2,Canal,14.75
Koraput,Eastern Ghat High Land,Sandy Loam,Kharif,Maize,1.54,128.8,71.2,38.0,4.87,0.64,1512.4,24.1,Borewell,16.99
Balasore,North Eastern Coastal Plain,Sandy Loam,Kharif,Paddy (Kharif),1.96,97.3,45.9,73.2,6.32,0.5,1422.5,25.9,Borewell,26.13
Cuttack,East & South Eastern Coastal Plain,Sandy Loam,Kharif,Paddy (Kharif),4.28,56.0,29.3,47.6,6.12,0.34,1518.1,27.4,Borewell,18.71
Sambalpur,Western Central Table Land,Black Soil,Rabi,Paddy (Rabi),0.57,118.3,47.2,12.1,6.48,0.58,130.3,25.8,Canal,11.12
Mayurbhanj,North Central Plateau,Red Laterite,Kharif,Paddy (Kharif),1.45,74.9,38.1,73.3,6.26,0.71,951.6,27.8,Rainfed,22.2
Bargarh,Western Central Table Land,Alluvial,Kharif,Paddy (Kharif),3.6,80.9,37.4,35.4,6.74,0.45,1331.3,26.5,Canal,24.31
Kalahandi,Western Undulating Zone,Red Laterite,Kharif,Maize,1.24,101.5,41.1,25.0,5.97,0.38,1409.0,28.3,Rainfed,15.47
Kalahandi,Western Undulating Zone,Black Soil,Kharif,Groundnut,1.86,51.0,51.2,8.4,6.05,0.27,1638.3,30.6,Rainfed,2.74
Bargarh,Western Central Table Land,Black Soil,Rabi,Paddy (Rabi),3.93,121.7,39.9,47.5,7.13,0.42,186.5,25.3,Canal,22.87
Bargarh,Western Central Table Land,Black Soil,Kharif,Paddy (Kharif),4.12,117.5,30.2,36.2,6.73,0.56,1399.0,29.5,Canal,21.96
Bargarh,Western Central Table Land,Alluvial,Kharif,Paddy (Kharif),0.67,92.2,30.7,32.7,7.41,0.59,1341.5,27.0,Canal,14.99
Puri,East & South Eastern Coastal Plain,Alluvial,Kharif,Paddy (Kharif),0.81,70.0,42.1,67.3,7.15,0.72,1237.7,26.7,Rainfed,15.69
Sambalpur,Western Central Table Land,Black Soil,Kharif,Maize,4.19,103.2,58.2,55.1,7.38,0.37,1159.5,28.4,Rainfed,17.2
Ganjam,South Eastern Coastal Plain,Red Laterite,Kharif,Ragi (Mandia),0.86,32.0,21.2,11.6,6.7,0.81,1516.2,29.3,Borewell,8.5
Sundargarh,North Western Plateau,Sandy Loam,Rabi,Mustard,2.63,48.2,17.7,38.6,5.07,0.62,187.9,24.5,Borewell,4.66
Bargarh,Western Central Table Land,Black Soil,Kharif,Paddy (Kharif),0.6,96.7,44.6,72.8,7.09,0.42,1501.2,28.4,Canal,29.92
Ganjam,South Eastern Coastal Plain,Alluvial,Kharif,Paddy (Kharif),0.69,81.2,4.2,23.3,6.04,0.56,1722.5,29.5,Rainfed,3.81
Kalahandi,Western Undulating Zone,Black Soil,Kharif,Ragi (Mandia),2.19,30.8,23.6,30.2,5.82,0.55,745.0,28.3,Borewell,4.79
Sambalpur,Western Central Table Land,Red Laterite,Kharif,Maize,1.76,66.6,44.2,46.8,6.36,0.61,759.2,27.2,Rainfed,12.79
Puri,East & South Eastern Coastal Plain,Alluvial,Kharif,Paddy (Kharif),1.93,119.8,47.6,57.8,7.37,0.72,1480.6,29.3,Borewell,25.75
Sambalpur,Western Central Table Land,Red Laterite,Rabi,Paddy (Rabi),1.59,117.9,55.8,51.2,5.86,0.45,187.1,25.9,Canal,22.39
Sundargarh,North Western Plateau,Red Laterite,Rabi,Mustard,2.75,49.5,59.2,30.8,5.4,0.75,87.9,24.6,Borewell,5.35
Mayurbhanj,North Central Plateau,Red Laterite,Kharif,Maize,4.39,89.2,14.5,22.6,6.31,0.65,1590.5,26.9,Borewell,5.7
Sundargarh,North Western Plateau,Sandy Loam,Rabi,Mustard,1.29,86.0,30.7,13.8,5.17,0.42,188.3,22.2,Borewell,2.95
Ganjam,South Eastern Coastal Plain,Alluvial,Rabi,Green Gram (Moong),0.86,7.3,29.4,0.0,7.37,0.25,215.4,25.5,Borewell,2.5
Koraput,Eastern Ghat High Land,Sandy Loam,Kharif,Maize,1.4,76.0,35.0,2.1,5.51,0.29,1313.0,24.7,Rainfed,3.75
Cuttack,East & South Eastern Coastal Plain,Sandy Loam,Rabi,Mustard,0.65,51.6,41.8,38.0,6.72,0.73,207.9,24.9,Borewell,7.03
Bargarh,Western Central Table Land,Black Soil,Kharif,Paddy (Kharif),1.71,105.6,51.4,37.3,7.24,0.59,1192.1,28.0,Canal,22.65
Puri,East & South Eastern Coastal Plain,Coastal Saline,Rabi,Paddy (Rabi),5.22,105.5,35.5,64.9,6.75,0.33,153.3,23.9,Borewell,20.0
Bargarh,Western Central Table Land,Black Soil,Kharif,Paddy (Kharif),1.83,136.5,47.5,19.4,6.59,0.67,1370.3,28.3,Rainfed,17.33
Mayurbhanj,North Central Plateau,Sandy Loam,Kharif,Maize,1.11,93.0,29.5,44.3,5.78,0.34,1012.7,27.9,Borewell,13.31
Sundargarh,North Western Plateau,Red Laterite,Rabi,Mustard,1.05,100.0,36.5,47.1,5.04,0.89,26.4,22.6,Rainfed,4.37
Cuttack,East & South Eastern Coastal Plain,Sandy Loam,Rabi,Green Gram (Moong),1.74,0.2,32.4,0.0,6.93,0.81,148.4,21.5,Borewell,2.5
Kalahandi,Western Undulating Zone,Red Laterite,Kharif,Maize,2.47,106.3,22.3,50.4,6.25,0.35,1288.4,30.0,Rainfed,13.31
Koraput,Eastern Ghat High Land,Red Laterite,Kharif,Maize,2.49,106.1,74.8,60.3,5.45,0.67,1192.4,21.0,Rainfed,19.81
Puri,East & South Eastern Coastal Plain,Alluvial,Rabi,Green Gram (Moong),1.94,6.6,51.4,21.4,6.91,0.37,200.5,26.5,Rainfed,2.5
Koraput,Eastern Ghat High Land,Red Laterite,Kharif,Maize,1.52,125.5,43.2,40.4,5.15,0.49,1624.1,24.6,Borewell,16.99
Cuttack,East & South Eastern Coastal Plain,Alluvial,Rabi,Mustard,2.69,25.1,17.8,52.4,7.03,0.84,47.4,25.6,Borewell,2.5
Bargarh,Western Central Table Land,Black Soil,Rabi,Paddy (Rabi),2.63,106.1,22.6,36.2,6.7,0.62,188.4,25.7,Canal,11.01
Balasore,North Eastern Coastal Plain,Alluvial,Rabi,Paddy (Rabi),0.37,93.3,20.4,57.1,6.56,0.43,106.7,23.9,Rainfed,13.25
Sundargarh,North Western Plateau,Red Laterite,Rabi,Mustard,1.26,54.1,51.2,5.4,5.19,0.46,221.8,25.1,Rainfed,2.5
Mayurbhanj,North Central Plateau,Sandy Loam,Kharif,Paddy (Kharif),1.72,90.2,43.6,42.0,5.9,0.93,1613.4,25.1,Rainfed,18.54
Mayurbhanj,North Central Plateau,Sandy Loam,Kharif,Ragi (Mandia),0.87,51.4,18.5,22.3,6.03,0.7,1704.2,25.0,Rainfed,7.51
Cuttack,East & South Eastern Coastal Plain,Alluvial,Rabi,Mustard,1.73,93.0,45.7,21.0,7.22,0.67,67.6,24.0,Borewell,5.46
Koraput,Eastern Ghat High Land,Sandy Loam,Kharif,Maize,2.6,122.3,62.5,46.7,5.83,0.53,1466.8,22.9,Borewell,23.08
Puri,East & South Eastern Coastal Plain,Alluvial,Kharif,Groundnut,2.63,7.0,48.4,38.5,6.46,0.31,1555.0,28.9,Rainfed,4.67
Kalahandi,Western Undulating Zone,Black Soil,Kharif,Maize,0.48,126.6,77.5,34.8,6.7,0.37,1049.5,31.4,Rainfed,15.01
Balasore,North Eastern Coastal Plain,Sandy Loam,Rabi,Mustard,1.01,46.9,0.0,13.8,6.78,0.5,91.7,24.7,Borewell,2.5
Puri,East & South Eastern Coastal Plain,Alluvial,Rabi,Green Gram (Moong),3.71,0.0,40.3,1.4,6.59,0.44,161.6,23.2,Borewell,2.5
Kalahandi,Western Undulating Zone,Black Soil,Kharif,Maize,1.31,110.3,14.5,46.7,6.84,0.71,778.9,31.6,Rainfed,10.43
Cuttack,East & South Eastern Coastal Plain,Sandy Loam,Rabi,Green Gram (Moong),1.62,13.5,50.4,36.6,6.5,0.61,104.1,23.7,Borewell,4.45
Mayurbhanj,North Central Plateau,Red Laterite,Rabi,Mustard,0.85,57.4,16.5,20.8,5.66,0.68,181.9,24.2,Rainfed,5.29
Koraput,Eastern Ghat High Land,Sandy Loam,Kharif,Ragi (Mandia),1.1,19.9,29.5,40.4,5.51,0.54,1179.9,22.3,Rainfed,3.37
Kalahandi,Western Undulating Zone,Black Soil,Kharif,Ragi (Mandia),1.66,51.2,-0.0,53.8,6.19,0.35,775.8,29.3,Borewell,4.45
Koraput,Eastern Ghat High Land,Red Laterite,Kharif,Ragi (Mandia),1.07,66.0,0.0,30.9,5.74,0.53,1746.5,22.2,Rainfed,2.5
Ganjam,South Eastern Coastal Plain,Red Laterite,Kharif,Ragi (Mandia),1.0,41.1,0.0,44.1,6.53,0.41,946.7,27.5,Borewell,2.5
Sundargarh,North Western Plateau,Sandy Loam,Kharif,Ragi (Mandia),3.62,31.2,40.9,29.6,5.43,0.36,1231.5,26.6,Borewell,8.04
Sundargarh,North Western Plateau,Red Laterite,Kharif,Ragi (Mandia),2.23,48.5,36.1,33.1,5.56,0.64,1520.5,27.6,Borewell,5.81
Balasore,North Eastern Coastal Plain,Alluvial,Rabi,Paddy (Rabi),0.88,75.3,47.7,34.4,5.96,0.51,170.2,23.3,Rainfed,16.34
Kalahandi,Western Undulating Zone,Black Soil,Kharif,Ragi (Mandia),2.38,29.2,24.3,11.9,6.57,0.49,943.6,29.6,Rainfed,2.5
Mayurbhanj,North Central Plateau,Red Laterite,Kharif,Paddy (Kharif),0.86,65.0,51.9,47.1,5.96,0.45,1472.3,26.6,Rainfed,25.58
Ganjam,South Eastern Coastal Plain,Red Laterite,Kharif,Paddy (Kharif),0.81,82.9,65.5,38.1,7.07,0.44,1535.2,29.3,Borewell,24.62
Cuttack,East & South Eastern Coastal Plain,Sandy Loam,Kharif,Paddy (Kharif),0.99,108.2,22.2,61.2,6.32,0.42,1602.2,26.0,Borewell,11.19
Bargarh,Western Central Table Land,Alluvial,Kharif,Groundnut,0.93,44.0,69.1,47.9,7.03,0.88,1511.1,28.5,Rainfed,13.07
Kalahandi,Western Undulating Zone,Red Laterite,Kharif,Maize,2.42,78.1,55.0,21.7,6.29,0.61,1103.6,28.3,Borewell,12.74
Sundargarh,North Western Plateau,Red Laterite,Kharif,Ragi (Mandia),1.37,72.1,37.7,45.9,5.44,0.62,1417.0,28.8,Rainfed,14.59
Puri,East & South Eastern Coastal Plain,Coastal Saline,Kharif,Paddy (Kharif),3.44,93.3,67.3,33.8,6.31,0.65,1523.7,27.5,Rainfed,16.56
Kalahandi,Western Undulating Zone,Black Soil,Kharif,Maize,0.51,100.8,41.4,41.8,5.76,0.59,1407.6,27.2,Borewell,17.91
Sundargarh,North Western Plateau,Sandy Loam,Rabi,Mustard,1.52,71.6,41.7,31.2,5.27,0.57,190.4,26.5,Borewell,6.83
Cuttack,East & South Eastern Coastal Plain,Alluvial,Kharif,Paddy (Kharif),0.53,54.5,65.9,41.2,6.09,0.75,1627.9,26.1,Borewell,17.69
Balasore,North Eastern Coastal Plain,Alluvial,Rabi,Mustard,0.82,54.6,32.0,31.4,6.85,0.62,172.1,25.7,Rainfed,4.57
Puri,East & South Eastern Coastal Plain,Coastal Saline,Kharif,Groundnut,0.75,53.9,46.2,37.4,7.21,0.59,1693.4,27.9,Borewell,4.54
Sambalpur,Western Central Table Land,Red Laterite,Rabi,Green Gram (Moong),3.5,13.6,31.7,33.9,6.0,0.83,180.2,23.2,Canal,2.96
Ganjam,South Eastern Coastal Plain,Alluvial,Rabi,Green Gram (Moong),0.97,50.7,29.3,45.8,6.84,0.43,83.5,28.0,Rainfed,7.81
Sundargarh,North Western Plateau,Sandy Loam,Kharif,Ragi (Mandia),5.45,33.7,46.5,14.5,5.15,0.72,1099.7,26.3,Borewell,2.5
Puri,East & South Eastern Coastal Plain,Alluvial,Kharif,Paddy (Kharif),2.17,66.4,49.9,50.6,7.47,0.51,1168.3,26.1,Rainfed,17.01
Mayurbhanj,North Central Plateau,Sandy Loam,Rabi,Mustard,1.88,84.7,27.2,30.3,5.66,0.85,231.0,23.4,Rainfed,4.34
Mayurbhanj,North Central Plateau,Sandy Loam,Rabi,Mustard,2.76,60.6,24.0,45.6,6.11,0.75,163.8,24.8,Rainfed,6.71
Kalahandi,Western Undulating Zone,Red Laterite,Kharif,Ragi (Mandia),2.78,25.1,8.7,15.1,5.81,0.53,1189.3,28.5,Rainfed,3.71
Puri,East & South Eastern Coastal Plain,Alluvial,Kharif,Groundnut,1.06,61.8,41.3,46.0,7.04,0.6,1228.9,29.2,Borewell,8.47
Sambalpur,Western Central Table Land,Black Soil,Rabi,Paddy (Rabi),0.81,102.2,55.1,50.8,6.88,0.33,205.8,25.3,Rainfed,19.5
Sambalpur,Western Central Table Land,Black Soil,Kharif,Paddy (Kharif),4.2,104.2,60.4,28.5,6.41,0.56,873.7,24.0,Canal,22.42
Mayurbhanj,North Central Plateau,Red Laterite,Kharif,Maize,1.24,73.8,34.6,52.7,5.57,0.27,1685.8,26.7,Rainfed,18.04
Ganjam,South Eastern Coastal Plain,Red Laterite,Kharif,Paddy (Kharif),1.3,99.5,33.7,26.7,6.72,0.3,1058.1,29.2,Rainfed,16.97
Cuttack,East & South Eastern Coastal Plain,Sandy Loam,Rabi,Mustard,2.18,6.8,31.6,14.3,7.1,0.65,154.8,24.5,Rainfed,2.5
Bargarh,Western Central Table Land,Black Soil,Kharif,Groundnut,1.79,34.6,59.1,61.8,6.68,0.78,1256.6,29.9,Canal,11.35
Mayurbhanj,North Central Plateau,Sandy Loam,Kharif,Maize,2.02,81.5,76.6,31.4,6.0,0.67,1050.9,27.2,Rainfed,14.79
Sundargarh,North Western Plateau,Sandy Loam,Kharif,Ragi (Mandia),2.65,41.1,11.5,42.8,5.45,0.53,1193.8,28.1,Rainfed,7.05
Cuttack,East & South Eastern Coastal Plain,Sandy Loam,Rabi,Green Gram (Moong),1.41,24.0,54.0,20.0,6.54,0.65,185.3,23.6,Borewell,5.92
Puri,East & South Eastern Coastal Plain,Alluvial,Kharif,Groundnut,2.14,35.3,55.1,42.7,6.87,0.28,1223.6,26.4,Borewell,14.02
Mayurbhanj,North Central Plateau,Red Laterite,Kharif,Paddy (Kharif),2.79,77.3,29.8,54.2,5.4,0.42,1636.8,26.2,Rainfed,17.19
Balasore,North Eastern Coastal Plain,Alluvial,Kharif,Groundnut,1.19,20.1,39.8,61.3,6.52,0.75,1778.2,26.6,Borewell,9.98
Ganjam,South Eastern Coastal Plain,Red Laterite,Kharif,Groundnut,0.81,14.3,52.2,54.8,6.4,0.41,1462.6,26.3,Rainfed,6.78
Ganjam,South Eastern Coastal Plain,Red Laterite,Kharif,Ragi (Mandia),1.52,41.8,20.5,21.6,6.43,0.46,1150.0,25.6,Rainfed,7.19
Sundargarh,North Western Plateau,Sandy Loam,Kharif,Ragi (Mandia),2.36,74.9,10.7,11.3,5.31,0.44,1606.1,28.3,Rainfed,2.5
Koraput,Eastern Ghat High Land,Red Laterite,Kharif,Maize,2.53,75.3,62.7,42.0,5.14,0.47,1586.6,22.1,Borewell,10.55
Puri,East & South Eastern Coastal Plain,Coastal Saline,Kharif,Paddy (Kharif),2.51,102.6,22.3,33.7,6.86,0.28,1541.2,27.2,Borewell,13.48
Sambalpur,Western Central Table Land,Red Laterite,Rabi,Green Gram (Moong),1.47,0.0,57.3,38.1,7.04,0.6,209.9,24.9,Canal,2.5
Mayurbhanj,North Central Plateau,Red Laterite,Rabi,Mustard,1.01,53.9,21.9,27.3,5.83,0.56,20.0,24.9,Rainfed,2.57
Sambalpur,Western Central Table Land,Black Soil,Rabi,Green Gram (Moong),1.47,19.6,35.4,19.8,6.15,0.67,191.7,25.6,Canal,2.5
Ganjam,South Eastern Coastal Plain,Red Laterite,Kharif,Ragi (Mandia),1.63,100.1,45.8,22.7,7.01,0.72,1034.8,29.1,Borewell,9.14
Koraput,Eastern Ghat High Land,Red Laterite,Kharif,Ragi (Mandia),3.37,42.7,35.6,22.6,5.12,0.56,1208.5,24.6,Rainfed,9.5
Sambalpur,Western Central Table Land,Black Soil,Rabi,Green Gram (Moong),2.76,31.9,23.7,4.8,6.78,0.55,185.9,22.1,Canal,2.5
Kalahandi,Western Undulating Zone,Black Soil,Kharif,Groundnut,1.59,42.9,56.2,61.7,5.81,0.5,822.4,28.4,Rainfed,10.22
Puri,East & South Eastern Coastal Plain,Coastal Saline,Kharif,Paddy (Kharif),1.46,115.2,59.5,57.8,6.52,0.55,1323.9,26.3,Rainfed,31.19
Sambalpur,Western Central Table Land,Black Soil,Kharif,Maize,0.32,67.4,33.8,50.0,6.62,0.47,1338.8,26.4,Rainfed,15.37
Balasore,North Eastern Coastal Plain,Sandy Loam,Kharif,Groundnut,2.0,17.7,71.8,63.9,5.96,0.48,1836.9,27.6,Borewell,9.08
Bargarh,Western Central Table Land,Black Soil,Rabi,Paddy (Rabi),1.13,113.0,68.4,32.9,6.29,0.65,102.7,25.5,Canal,26.65
Kalahandi,Western Undulating Zone,Black Soil,Kharif,Maize,1.64,107.9,65.8,54.0,5.76,0.46,829.6,29.6,Rainfed,18.5
Bargarh,Western Central Table Land,Black Soil,Kharif,Groundnut,1.83,72.1,62.3,31.1,6.56,0.58,1487.7,30.2,Canal,4.37
Ganjam,South Eastern Coastal Plain,Alluvial,Kharif,Groundnut,1.25,9.0,59.5,37.9,6.71,0.73,1313.8,29.2,Rainfed,7.09
Cuttack,East & South Eastern Coastal Plain,Sandy Loam,Kharif,Paddy (Kharif),0.98,62.8,43.3,49.9,6.26,0.71,1368.7,29.7,Borewell,20.13
Kalahandi,Western Undulating Zone,Black Soil,Kharif,Groundnut,2.54,51.4,45.3,21.3,5.98,0.47,1227.5,29.5,Rainfed,9.81
Mayurbhanj,North Central Plateau,Red Laterite,Kharif,Ragi (Mandia),1.92,49.2,10.8,13.1,6.21,0.6,1824.1,24.4,Rainfed,5.84
Balasore,North Eastern Coastal Plain,Alluvial,Rabi,Paddy (Rabi),0.5,79.7,66.5,60.9,6.64,0.56,159.3,26.3,Borewell,28.94
Ganjam,South Eastern Coastal Plain,Alluvial,Rabi,Green Gram (Moong),0.8,9.3,30.8,51.5,6.33,0.5,173.7,24.2,Rainfed,2.5
Sambalpur,Western Central Table Land,Black Soil,Kharif,Paddy (Kharif),1.36,110.5,58.8,73.6,6.13,0.68,1267.8,27.4,Canal,21.97
Ganjam,South Eastern Coastal Plain,Red Laterite,Kharif,Paddy (Kharif),4.09,131.4,82.1,60.5,6.18,0.48,1355.5,29.8,Rainfed,21.06
Cuttack,East & South Eastern Coastal Plain,Sandy Loam,Kharif,Paddy (Kharif),2.88,103.8,54.5,45.3,7.15,0.61,1358.5,30.1,Borewell,25.02
Kalahandi,Western Undulating Zone,Red Laterite,Kharif,Ragi (Mandia),1.58,69.6,10.2,30.9,5.62,0.5,1103.0,27.6,Borewell,3.48
Sambalpur,Western Central Table Land,Black Soil,Kharif,Paddy (Kharif),1.51,108.2,54.4,54.5,6.88,0.49,1111.1,28.2,Canal,33.27
Balasore,North Eastern Coastal Plain,Alluvial,Rabi,Mustard,3.28,16.9,24.5,15.5,6.56,0.49,144.8,21.7,Rainfed,3.06
Cuttack,East & South Eastern Coastal Plain,Alluvial,Rabi,Green Gram (Moong),0.71,21.7,17.8,0.0,5.84,0.46,261.1,26.2,Rainfed,2.5
Puri,East & South Eastern Coastal Plain,Alluvial,Kharif,Groundnut,2.48,24.5,51.1,50.0,6.87,0.66,1091.6,28.1,Rainfed,8.11
Ganjam,South Eastern Coastal Plain,Alluvial,Kharif,Paddy (Kharif),0.84,58.3,59.9,38.3,7.27,0.67,1241.7,27.8,Rainfed,18.21
Balasore,North Eastern Coastal Plain,Sandy Loam,Rabi,Paddy (Rabi),2.18,111.9,43.2,46.2,6.39,0.43,211.4,23.8,Rainfed,29.47
Bargarh,Western Central Table Land,Black Soil,Kharif,Paddy (Kharif),1.71,76.6,52.9,28.1,7.2,0.63,1401.6,28.2,Canal,14.3
Bargarh,Western Central Table Land,Black Soil,Rabi,Paddy (Rabi),2.05,73.2,27.7,41.1,6.72,0.65,195.4,26.0,Canal,13.88
Puri,East & South Eastern Coastal Plain,Coastal Saline,Kharif,Paddy (Kharif),1.14,104.9,34.1,50.6,6.26,0.59,1294.6,27.9,Rainfed,21.6
Sambalpur,Western Central Table Land,Red Laterite,Kharif,Paddy (Kharif),1.6,91.4,48.4,34.9,6.53,0.49,1052.0,28.6,Canal,16.85
Bargarh,Western Central Table Land,Alluvial,Kharif,Paddy (Kharif),2.43,42.8,46.4,35.6,6.64,0.43,1317.4,29.4,Canal,6.35
Sambalpur,Western Central Table Land,Red Laterite,Rabi,Paddy (Rabi),1.52,118.8,57.7,57.0,6.7,0.63,21.8,21.1,Canal,26.56
Ganjam,South Eastern Coastal Plain,Alluvial,Kharif,Paddy (Kharif),1.85,103.1,42.1,78.2,6.53,0.46,1263.2,27.4,Borewell,23.96
Puri,East & South Eastern Coastal Plain,Alluvial,Kharif,Groundnut,0.99,70.0,67.0,19.8,6.82,0.4,1313.4,27.5,Borewell,9.39
Cuttack,East & South Eastern Coastal Plain,Alluvial,Rabi,Green Gram (Moong),0.94,12.8,48.2,38.2,6.76,0.67,69.1,23.4,Rainfed,4.81
Sundargarh,North Western Plateau,Red Laterite,Kharif,Ragi (Mandia),2.31,71.7,44.5,42.1,5.59,0.44,1288.4,26.5,Rainfed,12.69
Mayurbhanj,North Central Plateau,Red Laterite,Kharif,Maize,0.67,109.4,46.0,37.6,5.5,0.3,1677.3,26.1,Rainfed,10.33
Ganjam,South Eastern Coastal Plain,Alluvial,Kharif,Groundnut,0.32,17.1,41.3,22.9,6.56,0.44,1561.3,30.5,Borewell,4.65
Puri,East & South Eastern Coastal Plain,Coastal Saline,Rabi,Green Gram (Moong),1.46,55.3,41.6,12.1,7.15,0.47,176.9,23.8,Borewell,2.7
Ganjam,South Eastern Coastal Plain,Red Laterite,Kharif,Groundnut,0.79,65.6,54.3,57.0,6.76,0.35,1420.1,28.1,Rainfed,15.03
Kalahandi,Western Undulating Zone,Red Laterite,Kharif,Maize,1.49,62.4,47.9,39.4,6.76,0.33,806.0,30.5,Rainfed,10.35
Sambalpur,Western Central Table Land,Black Soil,Kharif,Maize,0.97,86.8,60.4,26.0,6.71,0.52,1370.2,30.5,Canal,15.65
Mayurbhanj,North Central Plateau,Red Laterite,Rabi,Mustard,1.17,69.6,26.2,51.9,6.22,0.42,302.2,23.5,Borewell,8.69
Balasore,North Eastern Coastal Plain,Alluvial,Rabi,Paddy (Rabi),0.75,119.3,46.5,62.5,6.63,0.83,125.2,23.7,Rainfed,32.29
Bargarh,Western Central Table Land,Black Soil,Kharif,Paddy (Kharif),0.92,86.5,27.7,35.4,6.3,0.49,1465.2,26.9,Canal,23.62
Balasore,North Eastern Coastal Plain,Sandy Loam,Kharif,Groundnut,2.99,29.7,32.0,55.6,6.86,0.16,1199.8,26.3,Borewell,9.26
Balasore,North Eastern Coastal Plain,Alluvial,Rabi,Paddy (Rabi),1.27,138.1,44.6,76.2,6.71,0.57,123.6,20.7,Borewell,34.03
Koraput,Eastern Ghat High Land,Red Laterite,Kharif,Maize,2.07,128.6,35.1,39.0,5.39,0.8,1635.8,25.4,Borewell,10.39
Sundargarh,North Western Plateau,Sandy Loam,Kharif,Ragi (Mandia),2.03,60.9,37.7,38.4,4.93,0.44,1342.7,28.6,Borewell,9.38
Mayurbhanj,North Central Plateau,Red Laterite,Kharif,Maize,1.43,74.6,34.5,52.7,5.62,0.64,1422.6,29.4,Rainfed,16.12
Balasore,North Eastern Coastal Plain,Sandy Loam,Kharif,Groundnut,0.49,60.9,70.7,13.6,6.81,0.6,1614.3,24.9,Borewell,2.5
Koraput,Eastern Ghat High Land,Sandy Loam,Kharif,Ragi (Mandia),1.74,43.6,37.9,9.1,4.9,0.15,1396.3,26.7,Borewell,3.93
Kalahandi,Western Undulating Zone,Red Laterite,Kharif,Maize,1.11,89.0,39.4,37.3,5.26,0.45,932.9,29.1,Rainfed,16.38
Bargarh,Western Central Table Land,Alluvial,Rabi,Paddy (Rabi),4.13,83.7,64.4,37.4,6.15,0.42,43.3,22.0,Canal,21.0
Sambalpur,Western Central Table Land,Red Laterite,Rabi,Green Gram (Moong),1.73,24.7,29.2,23.5,7.15,0.25,288.6,27.1,Canal,3.64
Koraput,Eastern Ghat High Land,Sandy Loam,Kharif,Ragi (Mandia),1.41,87.6,42.4,12.2,5.43,0.37,1605.1,22.7,Rainfed,5.78
Sundargarh,North Western Plateau,Sandy Loam,Kharif,Ragi (Mandia),0.47,40.3,18.2,25.4,5.32,0.7,1394.7,26.3,Rainfed,3.2
Mayurbhanj,North Central Plateau,Sandy Loam,Kharif,Maize,1.17,99.8,69.6,49.4,5.73,0.64,1467.4,29.5,Rainfed,18.68
Sambalpur,Western Central Table Land,Black Soil,Kharif,Paddy (Kharif),1.75,52.2,45.6,26.4,6.67,0.6,1355.3,28.3,Canal,15.65
Sambalpur,Western Central Table Land,Black Soil,Kharif,Paddy (Kharif),1.97,76.4,46.6,38.7,6.94,0.45,1175.3,30.2,Canal,25.13
Ganjam,South Eastern Coastal Plain,Alluvial,Kharif,Groundnut,0.85,58.6,43.3,53.5,7.17,0.73,879.0,27.5,Borewell,9.62
Cuttack,East & South Eastern Coastal Plain,Sandy Loam,Rabi,Paddy (Rabi),1.32,110.1,32.5,48.4,6.4,0.6,171.0,22.0,Rainfed,18.01
Sambalpur,Western Central Table Land,Red Laterite,Rabi,Green Gram (Moong),0.99,40.3,49.8,23.2,6.6,0.42,142.7,24.1,Canal,5.79
Koraput,Eastern Ghat High Land,Red Laterite,Kharif,Maize,0.84,92.1,47.1,33.1,5.21,0.4,1348.7,21.6,Rainfed,10.94
Puri,East & South Eastern Coastal Plain,Coastal Saline,Kharif,Groundnut,2.87,10.6,62.7,37.6,6.45,0.57,1595.8,28.8,Borewell,8.38
Bargarh,Western Central Table Land,Black Soil,Rabi,Paddy (Rabi),0.76,104.0,47.2,72.5,6.21,0.63,103.2,24.1,Canal,28.84
Koraput,Eastern Ghat High Land,Red Laterite,Kharif,Ragi (Mandia),3.91,71.7,74.2,30.1,5.94,0.52,1523.2,23.9,Borewell,10.17
Balasore,North Eastern Coastal Plain,Sandy Loam,Kharif,Groundnut,2.75,0.0,55.1,61.0,6.68,0.49,1516.5,26.8,Rainfed,2.5
Bargarh,Western Central Table Land,Alluvial,Rabi,Paddy (Rabi),3.17,103.4,69.4,44.7,6.76,0.66,166.0,26.1,Canal,26.22
Koraput,Eastern Ghat High Land,Red Laterite,Kharif,Ragi (Mandia),1.73,40.1,32.4,25.6,5.18,0.55,1205.8,25.5,Rainfed,10.75
Mayurbhanj,North Central Plateau,Sandy Loam,Kharif,Paddy (Kharif),1.12,61.6,48.8,51.7,5.77,0.38,1183.9,27.3,Rainfed,12.34
Bargarh,Western Central Table Land,Alluvial,Rabi,Paddy (Rabi),0.66,114.5,46.1,55.0,6.43,0.5,125.5,22.3,Canal,28.07
Kalahandi,Western Undulating Zone,Black Soil,Kharif,Groundnut,2.31,21.8,44.0,62.3,5.93,0.5,1330.7,29.6,Borewell,5.59
Puri,East & South Eastern Coastal Plain,Alluvial,Rabi,Green Gram (Moong),4.27,10.9,42.9,9.1,6.87,0.64,139.3,26.6,Rainfed,2.5
Balasore,North Eastern Coastal Plain,Sandy Loam,Kharif,Paddy (Kharif),0.5,83.2,44.6,66.5,7.03,0.84,1893.9,26.4,Borewell,30.1
Bargarh,Western Central Table Land,Alluvial,Kharif,Paddy (Kharif),0.9,70.5,25.1,54.8,6.68,0.24,1317.0,28.8,Rainfed,12.51
Koraput,Eastern Ghat High Land,Red Laterite,Kharif,Ragi (Mandia),2.25,70.7,29.1,31.3,5.83,0.8,1263.2,23.0,Rainfed,10.75
Mayurbhanj,North Central Plateau,Sandy Loam,Kharif,Maize,0.75,146.5,65.5,48.7,6.28,0.4,1295.0,27.9,Borewell,20.13
Cuttack,East & South Eastern Coastal Plain,Alluvial,Rabi,Green Gram (Moong),1.07,15.3,47.4,10.7,6.91,0.53,130.5,24.8,Borewell,5.92
Puri,East & South Eastern Coastal Plain,Coastal Saline,Rabi,Paddy (Rabi),1.46,116.3,61.2,40.8,6.98,0.51,76.5,24.2,Rainfed,23.99
Sambalpur,Western Central Table Land,Black Soil,Rabi,Paddy (Rabi),2.67,137.1,38.7,15.1,6.03,0.95,244.3,25.6,Canal,13.75
Ganjam,South Eastern Coastal Plain,Alluvial,Kharif,Ragi (Mandia),1.48,54.4,32.2,1.1,6.36,0.47,1246.0,29.3,Borewell,2.5
Balasore,North Eastern Coastal Plain,Sandy Loam,Kharif,Paddy (Kharif),3.53,120.5,46.9,42.3,6.82,0.57,1512.4,26.1,Rainfed,18.6
Mayurbhanj,North Central Plateau,Sandy Loam,Kharif,Maize,1.49,87.3,41.1,55.1,6.14,0.8,1397.1,25.9,Borewell,24.04
Ganjam,South Eastern Coastal Plain,Alluvial,Kharif,Groundnut,1.32,15.2,44.2,32.4,7.0,0.62,1291.8,28.5,Borewell,2.96
Puri,East & South Eastern Coastal Plain,Coastal Saline,Rabi,Paddy (Rabi),0.76,121.2,68.8,52.4,6.73,0.4,63.0,23.5,Borewell,32.71
Sundargarh,North Western Plateau,Sandy Loam,Rabi,Mustard,2.42,75.9,30.5,47.1,4.95,0.35,254.7,25.0,Rainfed,5.45
Koraput,Eastern Ghat High Land,Sandy Loam,Kharif,Maize,1.72,55.9,44.2,58.1,4.8,0.72,1328.7,22.1,Rainfed,6.65
Cuttack,East & South Eastern Coastal Plain,Sandy Loam,Kharif,Paddy (Kharif),1.0,81.2,56.1,58.0,7.43,0.74,1482.0,27.7,Rainfed,25.08
Sambalpur,Western Central Table Land,Black Soil,Kharif,Maize,3.98,125.4,51.8,54.6,6.67,0.43,1089.8,30.3,Canal,23.53
Mayurbhanj,North Central Plateau,Red Laterite,Kharif,Maize,2.58,54.2,36.1,35.3,5.76,0.56,1565.7,27.2,Borewell,8.1
Kalahandi,Western Undulating Zone,Red Laterite,Kharif,Maize,0.55,82.1,36.4,45.0,6.49,0.51,972.9,27.5,Rainfed,16.44
Koraput,Eastern Ghat High Land,Red Laterite,Kharif,Ragi (Mandia),1.2,38.1,41.2,0.0,6.12,0.71,1490.0,22.4,Borewell,2.5
Bargarh,Western Central Table Land,Black Soil,Rabi,Paddy (Rabi),0.92,93.1,37.8,26.5,6.86,0.44,256.6,26.2,Canal,15.07
Sundargarh,North Western Plateau,Sandy Loam,Kharif,Ragi (Mandia),1.96,50.1,13.0,20.9,5.11,0.53,1287.2,29.1,Rainfed,7.96
Koraput,Eastern Ghat High Land,Sandy Loam,Kharif,Maize,0.35,96.7,56.7,28.4,4.8,0.52,1287.1,22.8,Rainfed,13.1
Cuttack,East & South Eastern Coastal Plain,Alluvial,Rabi,Mustard,0.75,83.7,18.6,49.2,6.54,0.61,122.3,27.0,Rainfed,7.54
Sundargarh,North Western Plateau,Sandy Loam,Rabi,Mustard,1.39,60.7,64.7,11.4,5.56,0.41,191.7,21.9,Rainfed,2.5
Sambalpur,Western Central Table Land,Black Soil,Kharif,Paddy (Kharif),2.51,90.4,42.5,57.0,6.53,0.46,1418.5,29.6,Canal,18.53
Sambalpur,Western Central Table Land,Black Soil,Rabi,Green Gram (Moong),2.59,34.8,48.6,9.6,6.13,0.46,110.0,25.0,Canal,3.95
Bargarh,Western Central Table Land,Black Soil,Rabi,Paddy (Rabi),1.32,127.8,45.4,22.3,7.32,0.6,176.6,26.3,Rainfed,19.95
Puri,East & South Eastern Coastal Plain,Coastal Saline,Kharif,Paddy (Kharif),2.68,129.0,65.0,36.3,7.57,0.51,1133.3,29.7,Rainfed,20.33
Balasore,North Eastern Coastal Plain,Sandy Loam,Kharif,Groundnut,1.7,35.6,51.0,45.0,6.16,0.54,1430.3,22.8,Borewell,11.29
Sambalpur,Western Central Table Land,Red Laterite,Rabi,Paddy (Rabi),0.9,121.2,35.4,28.1,6.27,0.43,263.6,21.1,Canal,17.15
Sundargarh,North Western Plateau,Red Laterite,Kharif,Ragi (Mandia),1.35,49.4,1.3,51.1,5.36,0.3,1734.0,25.7,Borewell,2.5
Sambalpur,Western Central Table Land,Black Soil,Rabi,Paddy (Rabi),1.05,137.9,54.5,63.8,6.59,0.28,228.3,25.2,Canal,30.37
Sambalpur,Western Central Table Land,Red Laterite,Kharif,Paddy (Kharif),1.09,94.4,63.1,73.5,6.99,0.76,1108.0,25.9,Rainfed,30.82
Bargarh,Western Central Table Land,Black Soil,Kharif,Paddy (Kharif),0.75,88.8,36.7,20.4,7.49,0.58,888.5,29.1,Rainfed,8.73
Sundargarh,North Western Plateau,Sandy Loam,Kharif,Ragi (Mandia),2.85,42.5,66.1,44.1,5.26,0.7,1771.9,26.8,Rainfed,9.93
Kalahandi,Western Undulating Zone,Black Soil,Kharif,Groundnut,0.25,2.3,58.3,43.1,6.43,0.58,931.6,30.1,Rainfed,2.5
Kalahandi,Western Undulating Zone,Black Soil,Kharif,Groundnut,1.81,10.2,49.3,55.6,6.47,0.5,1367.0,29.5,Rainfed,9.94
Ganjam,South Eastern Coastal Plain,Alluvial,Kharif,Paddy (Kharif),2.63,118.4,31.8,43.1,6.96,0.52,1038.6,27.0,Borewell,23.23
Sundargarh,North Western Plateau,Sandy Loam,Rabi,Mustard,0.64,54.9,42.9,52.5,4.83,0.52,85.8,22.5,Rainfed,5.73
Sambalpur,Western Central Table Land,Red Laterite,Kharif,Paddy (Kharif),2.26,74.9,30.6,43.4,6.6,0.81,1556.3,27.0,Canal,17.86
Bargarh,Western Central Table Land,Alluvial,Rabi,Paddy (Rabi),1.36,88.4,42.4,13.0,6.86,0.51,170.9,21.8,Canal,3.7
Bargarh,Western Central Table Land,Black Soil,Rabi,Paddy (Rabi),1.64,127.5,51.8,38.3,7.12,0.68,131.2,23.2,Canal,24.57
Koraput,Eastern Ghat High Land,Red Laterite,Kharif,Ragi (Mandia),2.75,14.9,12.1,25.6,5.43,0.49,1355.8,22.1,Rainfed,2.5
Puri,East & South Eastern Coastal Plain,Alluvial,Rabi,Paddy (Rabi),3.55,81.5,52.5,54.7,7.6,0.17,250.7,22.9,Borewell,23.67
Koraput,Eastern Ghat High Land,Sandy Loam,Kharif,Maize,2.78,120.0,54.8,45.6,5.86,0.57,1578.4,23.6,Borewell,19.04
Kalahandi,Western Undulating Zone,Red Laterite,Kharif,Maize,0.7,92.0,62.6,8.2,5.86,0.39,856.0,27.2,Borewell,14.71
Cuttack,East & South Eastern Coastal Plain,Alluvial,Rabi,Green Gram (Moong),1.8,0.0,44.3,22.2,6.31,0.44,208.3,26.0,Rainfed,2.5
Cuttack,East & South Eastern Coastal Plain,Alluvial,Rabi,Paddy (Rabi),0.68,130.0,60.0,47.3,6.06,0.7,195.8,25.1,Rainfed,33.8
Kalahandi,Western Undulating Zone,Red Laterite,Kharif,Maize,1.88,115.6,69.0,38.6,5.58,0.59,851.3,29.0,Rainfed,17.74
Mayurbhanj,North Central Plateau,Sandy Loam,Kharif,Paddy (Kharif),4.73,56.8,57.7,46.5,5.81,0.72,1726.3,25.1,Rainfed,19.7
Ganjam,South Eastern Coastal Plain,Red Laterite,Rabi,Green Gram (Moong),3.22,33.8,18.7,22.7,6.45,0.47,132.2,24.9,Borewell,3.97
Sundargarh,North Western Plateau,Red Laterite,Rabi,Mustard,3.16,84.6,29.1,15.7,5.04,0.75,205.0,22.3,Rainfed,2.5
Sambalpur,Western Central Table Land,Black Soil,Rabi,Green Gram (Moong),2.39,42.3,19.5,20.1,6.43,0.61,256.6,24.9,Rainfed,3.24
Kalahandi,Western Undulating Zone,Black Soil,Kharif,Groundnut,0.86,18.2,68.0,50.2,5.92,0.52,1564.0,30.1,Borewell,10.98
Koraput,Eastern Ghat High Land,Red Laterite,Kharif,Maize,3.13,105.0,72.9,29.3,5.59,0.15,1020.4,22.2,Rainfed,14.16
Puri,East & South Eastern Coastal Plain,Alluvial,Rabi,Green Gram (Moong),0.73,0.0,41.2,51.6,6.53,0.71,180.7,24.9,Rainfed,2.5
Kalahandi,Western Undulating Zone,Black Soil,Kharif,Maize,1.55,107.8,82.1,37.8,6.01,0.46,1194.4,29.4,Borewell,21.26
Ganjam,South Eastern Coastal Plain,Alluvial,Rabi,Green Gram (Moong),1.44,14.7,46.7,45.3,7.01,0.39,118.4,24.5,Rainfed,3.46
Sundargarh,North Western Plateau,Sandy Loam,Kharif,Ragi (Mandia),0.67,48.1,54.1,7.4,5.37,0.74,1318.4,26.3,Rainfed,2.5
Puri,East & South Eastern Coastal Plain,Coastal Saline,Rabi,Green Gram (Moong),2.67,0.0,36.6,26.0,7.31,0.71,111.8,25.2,Rainfed,2.5
Kalahandi,Western Undulating Zone,Red Laterite,Kharif,Ragi (Mandia),0.26,61.9,18.9,19.1,6.27,0.82,1413.1,30.8,Rainfed,5.31
Balasore,North Eastern Coastal Plain,Sandy Loam,Rabi,Paddy (Rabi),0.86,94.1,61.2,35.0,6.19,0.65,182.0,24.4,Rainfed,25.53
Koraput,Eastern Ghat High Land,Sandy Loam,Kharif,Ragi (Mandia),0.98,54.5,39.6,31.2,5.91,0.77,1388.6,23.0,Borewell,11.39
Puri,East & South Eastern Coastal Plain,Coastal Saline,Kharif,Groundnut,3.72,1.1,36.2,54.5,7.74,0.35,1579.5,26.0,Borewell,2.5
Ganjam,South Eastern Coastal Plain,Alluvial,Kharif,Paddy (Kharif),0.94,87.8,60.2,63.5,6.62,0.63,1525.6,28.0,Borewell,22.58
Cuttack,East & South Eastern Coastal Plain,Alluvial,Kharif,Paddy (Kharif),2.23,123.6,58.4,45.4,7.1,0.46,1538.5,27.7,Borewell,32.17
Sundargarh,North Western Plateau,Sandy Loam,Rabi,Mustard,0.43,89.3,25.2,42.4,5.08,0.58,73.9,23.7,Rainfed,2.5
Koraput,Eastern Ghat High Land,Red Laterite,Kharif,Maize,0.41,87.8,55.7,38.5,5.36,0.43,1150.6,21.7,Borewell,18.4
Sambalpur,Western Central Table Land,Black Soil,Kharif,Maize,1.46,80.0,72.3,54.0,7.16,0.76,1140.3,29.7,Rainfed,21.97
Bargarh,Western Central Table Land,Black Soil,Kharif,Groundnut,1.05,34.3,68.1,22.8,6.58,0.34,1295.1,26.8,Canal,9.94
Bargarh,Western Central Table Land,Black Soil,Kharif,Paddy (Kharif),1.16,91.9,42.4,19.7,6.79,0.55,1161.7,27.0,Canal,10.42
Mayurbhanj,North Central Plateau,Sandy Loam,Rabi,Mustard,0.9,92.2,32.7,13.5,6.12,0.65,89.1,24.3,Borewell,4.31
Cuttack,East & South Eastern Coastal Plain,Alluvial,Kharif,Paddy (Kharif),0.77,88.3,39.5,70.1,6.32,0.63,1597.7,26.2,Rainfed,23.93
Sundargarh,North Western Plateau,Red Laterite,Kharif,Ragi (Mandia),1.48,43.2,36.5,49.9,5.5,0.31,1449.1,25.5,Borewell,8.23
Mayurbhanj,North Central Plateau,Sandy Loam,Kharif,Maize,0.81,81.6,27.5,34.5,5.5,0.65,1747.1,26.5,Borewell,3.53
Koraput,Eastern Ghat High Land,Red Laterite,Kharif,Ragi (Mandia),1.34,67.3,50.9,47.4,4.87,0.5,1506.6,22.5,Rainfed,9.39
Sambalpur,Western Central Table Land,Black Soil,Kharif,Paddy (Kharif),1.95,100.8,66.2,50.4,6.1,0.55,1213.3,26.7,Rainfed,25.1
Balasore,North Eastern Coastal Plain,Sandy Loam,Rabi,Mustard,1.58,46.4,43.4,14.8,6.25,0.46,131.4,25.0,Rainfed,4.52
Cuttack,East & South Eastern Coastal Plain,Alluvial,Rabi,Green Gram (Moong),1.94,40.4,15.3,0.0,6.26,0.48,173.5,22.2,Rainfed,2.5
Balasore,North Eastern Coastal Plain,Sandy Loam,Rabi,Paddy (Rabi),2.08,108.4,64.6,52.2,6.56,0.56,252.0,26.2,Rainfed,25.31
Sambalpur,Western Central Table Land,Black Soil,Kharif,Paddy (Kharif),2.48,97.0,43.6,49.4,6.36,0.43,1728.0,28.0,Rainfed,25.22
Koraput,Eastern Ghat High Land,Sandy Loam,Kharif,Maize,1.01,93.4,43.1,28.4,5.14,0.55,1532.2,22.5,Rainfed,6.77
Balasore,North Eastern Coastal Plain,Sandy Loam,Kharif,Paddy (Kharif),0.59,64.9,33.8,54.0,6.74,0.57,1914.8,26.6,Rainfed,16.23
Ganjam,South Eastern Coastal Plain,Alluvial,Kharif,Ragi (Mandia),1.71,28.9,0.0,16.8,7.06,0.36,1412.7,29.9,Borewell,2.5
Cuttack,East & South Eastern Coastal Plain,Alluvial,Rabi,Mustard,0.39,106.6,22.5,19.4,6.76,0.51,131.1,24.4,Rainfed,4.19
Puri,East & South Eastern Coastal Plain,Alluvial,Rabi,Paddy (Rabi),2.85,117.3,54.6,45.8,6.57,0.57,176.3,24.7,Rainfed,31.17
Mayurbhanj,North Central Plateau,Sandy Loam,Kharif,Ragi (Mandia),1.67,51.6,9.9,13.1,5.91,0.63,1636.2,27.6,Rainfed,2.5
Puri,East & South Eastern Coastal Plain,Alluvial,Kharif,Paddy (Kharif),3.61,73.8,43.2,37.7,6.96,0.47,1304.3,28.3,Rainfed,16.17
Koraput,Eastern Ghat High Land,Sandy Loam,Kharif,Ragi (Mandia),0.3,12.6,16.5,39.7,5.31,0.6,1246.9,23.4,Borewell,3.65
Balasore,North Eastern Coastal Plain,Sandy Loam,Rabi,Green Gram (Moong),4.61,38.0,7.8,10.9,5.85,0.56,113.8,21.9,Borewell,2.61
Cuttack,East & South Eastern Coastal Plain,Alluvial,Kharif,Paddy (Kharif),3.22,105.6,22.8,52.5,6.88,0.73,1448.5,27.5,Rainfed,15.19
Sundargarh,North Western Plateau,Red Laterite,Rabi,Mustard,0.54,64.0,14.6,37.3,5.33,0.47,171.0,24.3,Rainfed,2.5
Sambalpur,Western Central Table Land,Red Laterite,Rabi,Paddy (Rabi),2.67,123.5,52.1,47.4,6.88,0.51,128.6,25.8,Canal,27.02
Cuttack,East & South Eastern Coastal Plain,Sandy Loam,Rabi,Green Gram (Moong),2.39,3.3,43.9,32.1,6.39,0.4,289.3,26.3,Borewell,3.53
Ganjam,South Eastern Coastal Plain,Red Laterite,Kharif,Paddy (Kharif),1.21,91.2,63.6,42.8,6.57,0.47,1513.3,28.1,Rainfed,25.02
Kalahandi,Western Undulating Zone,Red Laterite,Kharif,Groundnut,2.53,0.0,56.3,24.3,5.5,0.67,978.6,30.8,Borewell,2.5
Bargarh,Western Central Table Land,Black Soil,Rabi,Paddy (Rabi),0.75,77.0,38.4,34.4,6.99,0.72,152.5,23.3,Canal,16.37
Balasore,North Eastern Coastal Plain,Alluvial,Kharif,Groundnut,2.26,29.1,58.9,53.9,6.1,0.57,1224.8,27.0,Borewell,11.92
Balasore,North Eastern Coastal Plain,Alluvial,Kharif,Groundnut,1.01,40.2,55.6,59.7,6.45,0.85,1889.9,26.9,Borewell,11.47
Balasore,North Eastern Coastal Plain,Sandy Loam,Kharif,Paddy (Kharif),0.46,63.6,46.1,56.3,6.07,0.45,1844.2,28.8,Borewell,21.26
Mayurbhanj,North Central Plateau,Sandy Loam,Kharif,Maize,1.08,111.6,28.7,39.8,5.9,0.34,1506.9,26.6,Rainfed,13.59
Bargarh,Western Central Table Land,Alluvial,Rabi,Paddy (Rabi),1.01,100.1,36.4,57.1,6.7,0.55,123.8,23.1,Canal,24.94
Sundargarh,North Western Plateau,Red Laterite,Kharif,Ragi (Mandia),0.77,58.7,20.0,21.4,5.55,0.52,1614.6,27.2,Borewell,9.46
Sundargarh,North Western Plateau,Red Laterite,Kharif,Ragi (Mandia),0.53,57.5,17.1,17.5,5.46,0.39,1567.4,28.3,Rainfed,4.38
Mayurbhanj,North Central Plateau,Red Laterite,Kharif,Maize,2.71,86.3,55.5,43.7,5.66,0.74,1744.0,26.3,Borewell,16.16
Sundargarh,North Western Plateau,Sandy Loam,Kharif,Ragi (Mandia),3.46,0.0,19.3,66.5,5.07,0.41,1616.9,27.8,Borewell,2.5
Koraput,Eastern Ghat High Land,Red Laterite,Kharif,Ragi (Mandia),2.76,48.8,14.5,41.3,5.16,0.61,1507.9,26.0,Rainfed,10.01
Ganjam,South Eastern Coastal Plain,Red Laterite,Kharif,Groundnut,1.24,14.0,25.4,45.7,7.08,0.23,1141.3,30.6,Borewell,5.59
Sundargarh,North Western Plateau,Sandy Loam,Rabi,Mustard,1.09,36.4,43.0,31.5,5.12,0.43,164.5,23.2,Rainfed,2.5
Bargarh,Western Central Table Land,Black Soil,Kharif,Groundnut,2.21,25.3,45.7,50.3,6.65,0.82,1363.9,28.5,Canal,10.43
Balasore,North Eastern Coastal Plain,Sandy Loam,Rabi,Paddy (Rabi),2.46,129.3,44.5,60.5,6.05,0.56,177.1,22.8,Rainfed,23.22
Puri,East & South Eastern Coastal Plain,Coastal Saline,Kharif,Paddy (Kharif),0.28,71.4,33.9,52.7,7.72,0.74,1556.0,29.4,Borewell,18.28
Ganjam,South Eastern Coastal Plain,Alluvial,Kharif,Groundnut,1.16,0.0,51.2,44.2,6.52,0.45,1295.9,26.9,Rainfed,2.5
Koraput,Eastern Ghat High Land,Red Laterite,Kharif,Maize,1.35,113.4,25.4,30.2,6.01,0.43,1435.9,25.4,Rainfed,11.63
Kalahandi,Western Undulating Zone,Red Laterite,Kharif,Ragi (Mandia),2.34,54.3,11.6,11.7,6.53,0.51,839.8,29.5,Rainfed,5.23
Mayurbhanj,North Central Plateau,Red Laterite,Kharif,Paddy (Kharif),1.17,67.9,45.5,62.4,5.95,0.45,1853.8,26.6,Rainfed,21.59
Sambalpur,Western Central Table Land,Red Laterite,Rabi,Paddy (Rabi),1.45,128.1,37.1,48.9,6.14,0.8,174.5,23.5,Canal,24.54
Bargarh,Western Central Table Land,Alluvial,Kharif,Paddy (Kharif),0.65,117.3,56.8,23.1,6.72,0.59,1343.9,31.2,Rainfed,16.28
Mayurbhanj,North Central Plateau,Red Laterite,Rabi,Mustard,1.04,76.0,24.9,6.6,5.56,0.57,160.9,21.9,Borewell,3.65
Koraput,Eastern Ghat High Land,Red Laterite,Kharif,Ragi (Mandia),1.72,46.8,24.1,24.4,5.47,0.49,1585.5,24.4,Borewell,8.96
Cuttack,East & South Eastern Coastal Plain,Alluvial,Kharif,Paddy (Kharif),2.58,55.8,24.4,68.4,6.58,0.55,1293.2,26.2,Borewell,11.59
Bargarh,Western Central Table Land,Black Soil,Rabi,Paddy (Rabi),3.69,107.3,40.8,64.2,6.73,0.65,262.4,26.8,Canal,30.38
Mayurbhanj,North Central Plateau,Sandy Loam,Kharif,Paddy (Kharif),2.25,96.3,56.7,30.2,5.65,0.6,1578.2,25.5,Borewell,19.1
Cuttack,East & South Eastern Coastal Plain,Sandy Loam,Rabi,Mustard,2.58,52.9,55.0,6.2,6.71,0.51,187.1,23.6,Rainfed,2.5
Mayurbhanj,North Central Plateau,Sandy Loam,Kharif,Maize,2.48,79.5,38.7,34.5,5.9,0.61,1586.4,24.5,Rainfed,5.75
Cuttack,East & South Eastern Coastal Plain,Alluvial,Rabi,Paddy (Rabi),1.52,159.7,60.1,53.8,6.52,0.48,196.7,27.1,Borewell,31.22
Ganjam,South Eastern Coastal Plain,Red Laterite,Kharif,Ragi (Mandia),1.16,59.4,46.0,14.6,7.86,0.37,1639.0,25.0,Borewell,7.9
Bargarh,Western Central Table Land,Black Soil,Kharif,Paddy (Kharif),1.67,130.4,39.8,28.6,6.59,0.58,1448.8,30.6,Canal,17.63
Sundargarh,North Western Plateau,Sandy Loam,Rabi,Mustard,4.16,25.7,29.1,18.1,5.81,0.37,212.4,24.6,Borewell,2.5
Sundargarh,North Western Plateau,Sandy Loam,Rabi,Mustard,0.69,47.4,29.5,29.4,5.42,0.22,264.8,22.9,Rainfed,4.2
Cuttack,East & South Eastern Coastal Plain,Sandy Loam,Kharif,Paddy (Kharif),0.96,60.4,15.0,38.5,6.47,0.67,1654.8,28.3,Rainfed,17.68
Sundargarh,North Western Plateau,Red Laterite,Kharif,Ragi (Mandia),2.86,48.9,23.9,27.2,5.11,0.67,1408.5,27.6,Rainfed,8.22
Puri,East & South Eastern Coastal Plain,Coastal Saline,Kharif,Groundnut,1.99,20.3,40.1,50.6,7.24,0.45,1224.9,27.2,Rainfed,4.89
Mayurbhanj,North Central Plateau,Red Laterite,Rabi,Mustard,1.68,61.9,0.0,30.3,5.78,0.53,150.2,21.5,Rainfed,2.5
Cuttack,East & South Eastern Coastal Plain,Sandy Loam,Rabi,Paddy (Rabi),0.62,68.2,51.2,54.8,6.83,0.58,140.3,21.6,Rainfed,17.6
Kalahandi,Western Undulating Zone,Black Soil,Kharif,Ragi (Mandia),2.49,67.9,1.0,29.2,5.69,0.52,809.3,30.1,Borewell,2.5
Ganjam,South Eastern Coastal Plain,Alluvial,Rabi,Green Gram (Moong),0.82,0.0,45.0,0.0,6.31,0.51,156.4,25.8,Borewell,2.5
Ganjam,South Eastern Coastal Plain,Alluvial,Kharif,Groundnut,1.33,42.1,56.7,61.8,6.88,0.5,1276.2,28.1,Rainfed,8.46
Mayurbhanj,North Central Plateau,Sandy Loam,Kharif,Paddy (Kharif),1.29,84.2,32.3,23.2,6.04,0.37,1691.4,27.2,Borewell,15.97
Cuttack,East & South Eastern Coastal Plain,Alluvial,Rabi,Mustard,1.5,44.4,19.9,2.6,6.82,0.7,197.6,22.3,Borewell,2.5
Sundargarh,North Western Plateau,Sandy Loam,Kharif,Ragi (Mandia),2.1,27.4,26.0,0.0,5.18,0.69,1121.5,28.2,Borewell,2.5
Bargarh,Western Central Table Land,Black Soil,Kharif,Paddy (Kharif),2.63,123.6,54.1,41.1,6.57,0.6,1705.3,28.1,Canal,20.59
Bargarh,Western Central Table Land,Alluvial,Kharif,Paddy (Kharif),0.84,87.0,66.5,8.7,6.86,0.54,1539.3,28.7,Rainfed,10.78
Bargarh,Western Central Table Land,Black Soil,Kharif,Groundnut,0.85,10.7,64.4,51.5,6.49,0.76,998.7,29.4,Rainfed,9.19
Kalahandi,Western Undulating Zone,Red Laterite,Kharif,Maize,3.41,117.8,45.4,55.5,6.18,0.63,1098.3,31.3,Borewell,23.47
Koraput,Eastern Ghat High Land,Sandy Loam,Kharif,Maize,0.96,75.4,29.6,43.5,5.37,0.59,1248.0,22.8,Borewell,14.28
Bargarh,Western Central Table Land,Alluvial,Kharif,Groundnut,0.89,0.0,41.6,64.2,7.06,0.33,1268.1,28.0,Canal,2.5
Puri,East & South Eastern Coastal Plain,Alluvial,Rabi,Paddy (Rabi),3.55,102.9,33.0,45.6,6.97,0.55,214.5,28.0,Borewell,18.0
Sundargarh,North Western Plateau,Sandy Loam,Kharif,Ragi (Mandia),1.22,60.0,16.0,27.7,5.19,0.51,1811.6,25.4,Rainfed,2.5
Bargarh,Western Central Table Land,Alluvial,Rabi,Paddy (Rabi),4.16,97.7,50.7,49.7,7.62,0.44,210.1,25.5,Rainfed,20.96
Puri,East & South Eastern Coastal Plain,Alluvial,Rabi,Paddy (Rabi),0.29,86.5,0.4,71.7,6.54,0.63,20.0,24.0,Borewell,2.5
Kalahandi,Western Undulating Zone,Black Soil,Kharif,Maize,1.8,92.7,43.8,53.1,6.14,0.67,1401.6,30.9,Rainfed,18.72
Sambalpur,Western Central Table Land,Black Soil,Rabi,Green Gram (Moong),2.81,0.0,35.1,0.0,6.67,0.53,265.2,25.7,Rainfed,2.5
Koraput,Eastern Ghat High Land,Red Laterite,Kharif,Maize,2.17,115.5,44.8,24.9,5.92,0.98,1843.7,24.2,Borewell,16.59
Mayurbhanj,North Central Plateau,Sandy Loam,Kharif,Ragi (Mandia),2.46,65.9,6.9,1.6,5.29,0.44,1541.1,24.9,Rainfed,2.5
Cuttack,East & South Eastern Coastal Plain,Sandy Loam,Rabi,Mustard,0.91,78.2,57.5,37.9,6.57,0.58,182.6,23.0,Rainfed,9.69
Puri,East & South Eastern Coastal Plain,Coastal Saline,Rabi,Paddy (Rabi),1.9,108.1,63.7,67.4,7.55,0.39,232.0,25.2,Rainfed,21.87
Puri,East & South Eastern Coastal Plain,Alluvial,Rabi,Paddy (Rabi),0.62,147.1,41.5,48.1,7.23,0.64,179.6,23.8,Borewell,22.9
Balasore,North Eastern Coastal Plain,Alluvial,Rabi,Green Gram (Moong),3.06,0.0,38.9,38.9,6.63,0.48,229.8,22.4,Rainfed,2.5
Sambalpur,Western Central Table Land,Red Laterite,Rabi,Green Gram (Moong),0.92,64.8,58.9,15.9,6.33,0.49,228.8,24.5,Canal,5.44
Mayurbhanj,North Central Plateau,Sandy Loam,Rabi,Mustard,1.53,56.6,27.6,35.8,5.81,0.82,82.7,24.6,Rainfed,5.13
Balasore,North Eastern Coastal Plain,Alluvial,Rabi,Green Gram (Moong),3.49,32.9,50.5,20.6,6.4,0.8,150.9,25.9,Borewell,5.7
Kalahandi,Western Undulating Zone,Red Laterite,Kharif,Groundnut,2.04,7.0,78.3,57.9,6.82,0.53,800.0,27.6,Borewell,5.06
Sambalpur,Western Central Table Land,Black Soil,Kharif,Maize,4.61,80.1,25.9,42.7,7.16,0.66,1349.8,28.1,Canal,7.17
Mayurbhanj,North Central Plateau,Red Laterite,Kharif,Paddy (Kharif),0.94,79.3,43.1,8.9,5.56,0.52,1458.7,26.0,Borewell,11.43
Balasore,North Eastern Coastal Plain,Alluvial,Rabi,Green Gram (Moong),1.88,40.5,19.8,7.2,6.36,0.71,256.9,23.7,Borewell,2.5
Balasore,North Eastern Coastal Plain,Sandy Loam,Rabi,Mustard,1.17,72.1,50.6,21.0,6.46,0.52,116.3,22.9,Borewell,9.8
Balasore,North Eastern Coastal Plain,Alluvial,Kharif,Paddy (Kharif),0.39,75.2,43.6,70.6,6.63,0.38,841.9,26.5,Rainfed,22.32
Sambalpur,Western Central Table Land,Red Laterite,Kharif,Paddy (Kharif),0.65,61.5,46.8,33.5,6.32,0.66,1235.3,28.7,Rainfed,17.03
Sambalpur,Western Central Table Land,Red Laterite,Kharif,Maize,1.72,132.3,56.2,53.3,6.28,0.55,1106.6,25.1,Canal,27.45
Cuttack,East & South Eastern Coastal Plain,Alluvial,Kharif,Paddy (Kharif),1.11,85.4,43.6,26.5,6.05,0.34,1527.5,28.3,Rainfed,14.14
Sundargarh,North Western Plateau,Sandy Loam,Rabi,Mustard,2.37,99.5,51.7,42.5,4.91,0.76,307.9,24.7,Borewell,5.06
Koraput,Eastern Ghat High Land,Sandy Loam,Kharif,Ragi (Mandia),1.07,17.0,15.6,40.4,5.43,0.56,1752.6,23.8,Rainfed,7.63
Mayurbhanj,North Central Plateau,Sandy Loam,Rabi,Mustard,2.79,66.3,20.2,21.6,5.93,0.67,301.6,22.5,Rainfed,4.88
Kalahandi,Western Undulating Zone,Red Laterite,Kharif,Ragi (Mandia),1.67,68.2,43.9,36.4,6.23,0.71,1114.5,30.5,Rainfed,7.49
Puri,East & South Eastern Coastal Plain,Coastal Saline,Kharif,Groundnut,3.85,9.3,64.8,56.0,7.1,0.48,1444.5,28.2,Borewell,5.86
Puri,East & South Eastern Coastal Plain,Coastal Saline,Rabi,Paddy (Rabi),1.16,112.9,56.9,53.2,6.85,0.62,124.1,27.2,Rainfed,29.06
Mayurbhanj,North Central Plateau,Sandy Loam,Kharif,Maize,1.12,102.8,47.4,57.0,5.49,0.53,1466.5,27.4,Rainfed,16.9
Mayurbhanj,North Central Plateau,Sandy Loam,Kharif,Paddy (Kharif),2.82,48.1,39.4,76.8,5.57,0.18,1699.7,26.5,Borewell,15.17
Mayurbhanj,North Central Plateau,Sandy Loam,Rabi,Mustard,0.82,62.8,17.2,18.6,5.88,0.55,163.2,22.0,Rainfed,2.95
Kalahandi,Western Undulating Zone,Red Laterite,Kharif,Ragi (Mandia),1.45,39.0,2.5,24.3,5.87,0.48,1148.0,31.6,Borewell,2.5
Ganjam,South Eastern Coastal Plain,Alluvial,Kharif,Paddy (Kharif),0.63,117.0,36.1,26.7,6.98,0.32,1409.9,27.0,Borewell,23.48
Kalahandi,Western Undulating Zone,Red Laterite,Kharif,Ragi (Mandia),1.42,24.4,41.1,28.6,6.18,0.76,774.9,30.4,Rainfed,3.74
Sundargarh,North Western Plateau,Red Laterite,Kharif,Ragi (Mandia),0.76,61.7,43.5,28.0,5.35,0.85,1272.0,26.4,Rainfed,11.87
Ganjam,South Eastern Coastal Plain,Alluvial,Kharif,Groundnut,2.05,26.3,50.2,51.5,6.75,0.64,1361.9,27.3,Borewell,13.23
Balasore,North Eastern Coastal Plain,Alluvial,Rabi,Paddy (Rabi),5.37,129.8,72.7,74.8,6.25,0.76,127.9,21.6,Rainfed,29.88
Balasore,North Eastern Coastal Plain,Sandy Loam,Kharif,Paddy (Kharif),1.08,112.9,65.1,17.5,6.01,0.52,1299.5,28.3,Borewell,13.18
Mayurbhanj,North Central Plateau,Red Laterite,Rabi,Mustard,2.53,67.8,43.4,20.3,5.32,0.76,92.6,24.3,Rainfed,2.5
Sundargarh,North Western Plateau,Red Laterite,Kharif,Ragi (Mandia),2.22,71.8,35.6,16.4,5.16,0.44,1229.5,27.4,Borewell,5.13
Kalahandi,Western Undulating Zone,Black Soil,Kharif,Ragi (Mandia),2.23,56.3,3.1,21.5,6.12,0.73,1409.0,30.2,Borewell,2.5
Cuttack,East & South Eastern Coastal Plain,Sandy Loam,Rabi,Green Gram (Moong),3.21,2.6,45.5,28.4,6.47,0.5,79.1,24.2,Borewell,2.5
Puri,East & South Eastern Coastal Plain,Coastal Saline,Rabi,Paddy (Rabi),0.4,113.1,73.5,38.9,6.81,0.6,102.2,25.0,Rainfed,25.2
Cuttack,East & South Eastern Coastal Plain,Alluvial,Kharif,Paddy (Kharif),1.27,64.4,34.5,27.1,6.48,0.47,1826.0,28.4,Rainfed,15.89
Sundargarh,North Western Plateau,Sandy Loam,Kharif,Ragi (Mandia),2.62,68.0,31.8,0.0,5.43,0.76,1443.1,23.2,Rainfed,2.5
Bargarh,Western Central Table Land,Black Soil,Rabi,Paddy (Rabi),0.9,131.6,32.3,59.6,6.65,0.53,224.3,25.2,Canal,21.42
Mayurbhanj,North Central Plateau,Sandy Loam,Kharif,Paddy (Kharif),1.2,121.9,52.2,68.6,5.81,0.82,1821.5,26.3,Rainfed,27.23
Mayurbhanj,North Central Plateau,Sandy Loam,Kharif,Maize,2.29,103.0,40.9,50.3,5.38,0.48,1516.7,25.2,Borewell,8.35
Mayurbhanj,North Central Plateau,Red Laterite,Kharif,Paddy (Kharif),1.51,89.6,40.6,40.3,5.67,0.52,1875.9,28.1,Borewell,22.08
Balasore,North Eastern Coastal Plain,Alluvial,Kharif,Groundnut,3.43,52.5,43.0,41.8,6.73,0.45,1374.6,26.6,Borewell,11.77
Puri,East & South Eastern Coastal Plain,Coastal Saline,Rabi,Green Gram (Moong),0.52,15.4,47.7,33.1,7.56,0.69,103.7,23.6,Rainfed,4.91
Puri,East & South Eastern Coastal Plain,Alluvial,Kharif,Groundnut,3.03,0.0,64.5,40.3,7.68,0.41,1499.4,27.6,Borewell,2.5
Balasore,North Eastern Coastal Plain,Sandy Loam,Kharif,Groundnut,1.51,28.7,58.4,69.4,6.72,0.65,1700.6,28.3,Borewell,14.19
Balasore,North Eastern Coastal Plain,Sandy Loam,Rabi,Green Gram (Moong),2.98,58.8,34.9,14.3,6.09,0.32,222.9,24.1,Borewell,5.77
Koraput,Eastern Ghat High Land,Sandy Loam,Kharif,Ragi (Mandia),1.25,32.5,20.5,22.7,5.46,0.32,1299.9,25.4,Borewell,6.68
Cuttack,East & South Eastern Coastal Plain,Sandy Loam,Rabi,Green Gram (Moong),0.99,8.9,34.9,24.4,6.74,0.5,193.7,23.6,Rainfed,2.62
Bargarh,Western Central Table Land,Black Soil,Kharif,Paddy (Kharif),1.08,100.3,30.0,66.9,7.43,0.47,1396.9,28.8,Canal,22.72
Sundargarh,North Western Plateau,Sandy Loam,Rabi,Mustard,0.76,64.4,42.5,29.4,5.91,0.56,152.6,25.1,Borewell,7.14
Sundargarh,North Western Plateau,Sandy Loam,Rabi,Mustard,0.82,53.0,23.5,33.6,5.5,0.44,77.7,22.2,Rainfed,4.12
Kalahandi,Western Undulating Zone,Black Soil,Kharif,Groundnut,2.24,30.8,52.6,49.0,5.94,0.31,1145.6,30.8,Borewell,10.16
Koraput,Eastern Ghat High Land,Red Laterite,Kharif,Ragi (Mandia),0.71,56.0,46.4,11.6,5.47,0.51,1703.0,25.0,Borewell,4.07
Sambalpur,Western Central Table Land,Red Laterite,Kharif,Maize,1.58,92.2,51.3,37.2,6.54,0.88,1323.0,27.8,Canal,19.4
Mayurbhanj,North Central Plateau,Red Laterite,Kharif,Ragi (Mandia),2.1,11.3,29.8,6.1,5.79,0.7,1535.8,26.9,Rainfed,2.5
Mayurbhanj,North Central Plateau,Sandy Loam,Rabi,Mustard,3.97,60.2,28.6,38.0,5.49,0.63,208.9,28.4,Rainfed,5.21
Sundargarh,North Western Plateau,Red Laterite,Kharif,Ragi (Mandia),0.98,66.7,0.4,38.5,4.86,0.45,927.5,26.2,Rainfed,2.5
Kalahandi,Western Undulating Zone,Black Soil,Kharif,Ragi (Mandia),1.13,54.4,30.1,20.0,6.07,0.73,862.9,28.1,Rainfed,7.17
Kalahandi,Western Undulating Zone,Red Laterite,Kharif,Maize,0.29,122.2,50.4,58.0,5.37,0.5,995.2,28.3,Borewell,18.96
Bargarh,Western Central Table Land,Black Soil,Rabi,Paddy (Rabi),0.98,100.9,35.3,57.6,7.38,0.75,186.6,25.5,Canal,11.99
Bargarh,Western Central Table Land,Black Soil,Rabi,Paddy (Rabi),0.44,134.2,30.9,43.8,7.18,0.64,104.5,25.3,Rainfed,21.47
Cuttack,East & South Eastern Coastal Plain,Sandy Loam,Rabi,Green Gram (Moong),2.92,15.3,39.3,10.6,6.97,0.81,176.6,24.5,Borewell,2.54
Mayurbhanj,North Central Plateau,Red Laterite,Kharif,Ragi (Mandia),1.31,58.2,48.9,22.3,6.16,0.73,1150.1,24.3,Borewell,11.79
Mayurbhanj,North Central Plateau,Sandy Loam,Rabi,Mustard,3.36,47.5,39.9,40.1,6.23,0.39,196.1,21.6,Borewell,8.72
Koraput,Eastern Ghat High Land,Sandy Loam,Kharif,Maize,5.09,109.8,44.4,51.6,5.15,0.21,1689.6,23.1,Borewell,14.16
Cuttack,East & South Eastern Coastal Plain,Alluvial,Rabi,Mustard,1.14,89.0,18.8,49.1,6.44,0.29,201.8,23.8,Rainfed,7.11
Puri,East & South Eastern Coastal Plain,Coastal Saline,Kharif,Paddy (Kharif),2.69,132.6,61.3,52.3,6.9,0.91,1305.3,30.1,Rainfed,27.62
Kalahandi,Western Undulating Zone,Black Soil,Kharif,Maize,4.33,100.7,31.8,17.9,5.68,0.55,1226.5,29.4,Rainfed,11.28
Puri,East & South Eastern Coastal Plain,Alluvial,Rabi,Green Gram (Moong),5.3,25.8,45.2,17.3,7.23,0.65,229.0,21.8,Borewell,8.25
Kalahandi,Western Undulating Zone,Black Soil,Kharif,Groundnut,2.27,73.2,36.1,58.3,6.17,0.39,1140.2,28.5,Rainfed,12.25
Ganjam,South Eastern Coastal Plain,Alluvial,Rabi,Green Gram (Moong),2.36,36.6,37.1,39.3,6.11,0.36,87.7,27.6,Rainfed,3.76
Balasore,North Eastern Coastal Plain,Sandy Loam,Rabi,Mustard,1.92,27.4,33.9,63.2,6.42,0.46,281.9,21.6,Borewell,5.13
Bargarh,Western Central Table Land,Alluvial,Kharif,Groundnut,0.82,15.1,38.7,61.2,6.04,0.75,1186.6,28.3,Canal,3.95
Ganjam,South Eastern Coastal Plain,Red Laterite,Kharif,Paddy (Kharif),0.4,89.9,65.2,57.4,6.83,0.64,1057.5,28.6,Borewell,29.73
Bargarh,Western Central Table Land,Alluvial,Kharif,Groundnut,1.46,21.9,64.3,47.9,6.74,0.58,1421.4,31.8,Canal,13.07
Balasore,North Eastern Coastal Plain,Sandy Loam,Rabi,Green Gram (Moong),1.68,31.1,44.9,25.4,6.23,0.57,225.0,23.8,Rainfed,5.82
Koraput,Eastern Ghat High Land,Red Laterite,Kharif,Maize,3.22,59.9,46.8,74.8,5.24,0.6,1182.8,22.7,Rainfed,14.0
Balasore,North Eastern Coastal Plain,Alluvial,Kharif,Paddy (Kharif),0.27,97.5,23.0,46.5,6.64,0.7,1525.6,30.3,Borewell,19.9
Sambalpur,Western Central Table Land,Red Laterite,Kharif,Maize,2.87,108.6,35.5,64.2,6.79,0.75,1756.1,28.9,Rainfed,15.41
Cuttack,East & South Eastern Coastal Plain,Alluvial,Kharif,Paddy (Kharif),1.5,121.3,47.9,24.1,6.37,0.42,1432.0,30.4,Rainfed,19.99
Ganjam,South Eastern Coastal Plain,Red Laterite,Kharif,Paddy (Kharif),2.62,99.7,34.6,48.8,6.68,0.68,1270.8,28.0,Borewell,21.82
Bargarh,Western Central Table Land,Alluvial,Kharif,Groundnut,7.45,2.7,53.7,38.8,6.57,0.44,1390.8,28.0,Canal,3.58
Sundargarh,North Western Plateau,Red Laterite,Rabi,Mustard,0.39,13.1,42.0,35.2,4.88,0.9,130.9,23.7,Rainfed,2.5
Sambalpur,Western Central Table Land,Red Laterite,Kharif,Paddy (Kharif),2.91,102.8,52.8,45.6,6.68,0.51,1135.9,29.8,Rainfed,23.64
Kalahandi,Western Undulating Zone,Black Soil,Kharif,Groundnut,4.55,56.7,41.0,48.2,6.49,0.57,1172.6,28.4,Borewell,8.91
Ganjam,South Eastern Coastal Plain,Red Laterite,Kharif,Ragi (Mandia),0.47,27.5,16.7,0.0,7.16,0.67,1000.5,29.4,Rainfed,2.5
Puri,East & South Eastern Coastal Plain,Alluvial,Kharif,Paddy (Kharif),2.51,82.3,68.6,37.7,7.42,0.65,1191.5,27.5,Borewell,12.67
Puri,East & South Eastern Coastal Plain,Alluvial,Kharif,Groundnut,3.76,0.0,61.2,25.3,6.99,0.41,1537.3,30.2,Borewell,2.5
Kalahandi,Western Undulating Zone,Black Soil,Kharif,Maize,0.85,119.5,61.1,33.9,6.54,0.29,1051.5,28.6,Borewell,22.8
Mayurbhanj,North Central Plateau,Sandy Loam,Kharif,Maize,2.15,107.3,35.5,17.7,6.29,0.4,1551.8,28.1,Borewell,8.21
Koraput,Eastern Ghat High Land,Red Laterite,Kharif,Maize,2.52,107.2,54.8,22.3,5.29,0.74,1191.2,24.2,Rainfed,13.14
Koraput,Eastern Ghat High Land,Sandy Loam,Kharif,Maize,1.38,70.3,42.4,43.3,5.16,0.56,1557.4,21.8,Rainfed,12.43
Bargarh,Western Central Table Land,Black Soil,Kharif,Groundnut,2.15,6.5,47.8,38.7,6.54,0.49,1051.3,28.1,Rainfed,7.03
Mayurbhanj,North Central Plateau,Red Laterite,Kharif,Maize,0.61,98.7,31.6,28.4,5.65,0.47,1288.8,24.3,Rainfed,10.2
Koraput,Eastern Ghat High Land,Sandy Loam,Kharif,Ragi (Mandia),4.34,82.9,3.1,38.7,5.05,0.45,1766.5,24.2,Rainfed,2.5
Sundargarh,North Western Plateau,Red Laterite,Rabi,Mustard,1.0,50.4,12.5,30.1,4.94,0.59,125.7,22.5,Rainfed,2.5
Kalahandi,Western Undulating Zone,Black Soil,Kharif,Ragi (Mandia),1.41,2.6,29.0,12.4,6.51,0.51,889.9,29.4,Borewell,2.5
Koraput,Eastern Ghat High Land,Red Laterite,Kharif,Maize,4.21,74.4,47.3,34.0,5.63,0.43,1503.2,23.9,Borewell,17.53
Koraput,Eastern Ghat High Land,Red Laterite,Kharif,Ragi (Mandia),3.24,7.5,21.5,42.4,5.48,0.6,2188.5,24.3,Rainfed,2.5
Sundargarh,North Western Plateau,Sandy Loam,Rabi,Mustard,2.27,13.5,26.6,49.5,5.27,0.32,208.9,22.6,Rainfed,5.56
Bargarh,Western Central Table Land,Alluvial,Rabi,Paddy (Rabi),3.11,110.3,50.9,69.1,6.61,0.69,111.1,24.0,Canal,26.55
Puri,East & South Eastern Coastal Plain,Alluvial,Kharif,Paddy (Kharif),0.59,81.5,43.0,57.4,6.73,0.36,1554.2,25.9,Borewell,20.87
Sambalpur,Western Central Table Land,Red Laterite,Kharif,Maize,4.72,137.9,42.1,60.6,6.65,0.25,1434.9,26.3,Canal,23.39
Puri,East & South Eastern Coastal Plain,Coastal Saline,Kharif,Paddy (Kharif),0.9,55.0,49.2,59.1,7.39,0.34,1546.5,27.9,Borewell,16.54
Sundargarh,North Western Plateau,Red Laterite,Rabi,Mustard,1.26,38.1,40.7,36.5,5.7,0.43,138.8,23.9,Borewell,4.35
Ganjam,South Eastern Coastal Plain,Red Laterite,Kharif,Groundnut,1.23,54.6,37.8,39.8,7.17,0.56,1167.3,29.8,Borewell,10.14
Bargarh,Western Central Table Land,Alluvial,Rabi,Paddy (Rabi),0.99,150.1,49.0,46.3,6.25,0.46,160.5,23.7,Canal,31.5
Balasore,North Eastern Coastal Plain,Alluvial,Kharif,Groundnut,0.95,6.4,53.8,46.1,6.47,0.68,1525.8,26.4,Borewell,5.38
Ganjam,South Eastern Coastal Plain,Red Laterite,Rabi,Green Gram (Moong),1.15,0.9,45.0,30.2,6.78,0.6,148.3,26.1,Rainfed,2.5
Koraput,Eastern Ghat High Land,Sandy Loam,Kharif,Maize,1.09,84.7,53.2,60.3,5.45,0.76,1664.0,24.6,Borewell,16.94
Puri,East & South Eastern Coastal Plain,Coastal Saline,Rabi,Green Gram (Moong),0.46,46.0,34.4,23.3,7.33,0.51,249.1,23.7,Rainfed,4.54
Ganjam,South Eastern Coastal Plain,Red Laterite,Kharif,Paddy (Kharif),1.83,97.3,52.2,20.3,6.71,0.47,1377.7,30.2,Rainfed,17.9
Sambalpur,Western Central Table Land,Red Laterite,Rabi,Green Gram (Moong),1.73,24.3,27.3,10.2,7.05,0.44,129.7,23.2,Canal,4.54
Sambalpur,Western Central Table Land,Black Soil,Rabi,Paddy (Rabi),1.35,101.6,56.9,86.1,6.68,0.56,121.6,20.3,Canal,31.76
Puri,East & South Eastern Coastal Plain,Coastal Saline,Rabi,Green Gram (Moong),1.74,41.6,27.2,12.0,7.26,0.48,227.2,26.7,Borewell,4.49
Mayurbhanj,North Central Plateau,Sandy Loam,Kharif,Maize,1.34,79.2,51.1,28.3,6.4,0.57,1583.3,27.4,Rainfed,15.64
Ganjam,South Eastern Coastal Plain,Red Laterite,Rabi,Green Gram (Moong),1.24,19.2,56.0,27.2,6.65,0.6,102.8,23.9,Rainfed,4.22
Puri,East & South Eastern Coastal Plain,Coastal Saline,Kharif,Groundnut,2.05,22.3,41.1,81.3,7.06,0.6,1055.0,27.1,Borewell,10.99
Puri,East & South Eastern Coastal Plain,Coastal Saline,Kharif,Groundnut,0.28,25.5,30.1,60.5,6.56,0.45,1471.4,27.0,Rainfed,8.22
Koraput,Eastern Ghat High Land,Red Laterite,Kharif,Ragi (Mandia),1.23,81.7,40.2,20.5,5.37,0.58,1318.5,23.4,Borewell,12.84
Cuttack,East & South Eastern Coastal Plain,Sandy Loam,Rabi,Green Gram (Moong),1.91,6.3,39.5,8.8,6.54,0.38,60.7,26.3,Borewell,2.5
Mayurbhanj,North Central Plateau,Red Laterite,Kharif,Paddy (Kharif),0.54,85.6,46.8,31.7,6.17,0.24,1675.4,23.9,Borewell,20.07
Sundargarh,North Western Plateau,Red Laterite,Rabi,Mustard,1.15,88.6,11.3,38.7,5.01,0.33,280.9,23.0,Rainfed,2.5
Sambalpur,Western Central Table Land,Black Soil,Kharif,Paddy (Kharif),2.52,111.0,53.3,67.1,5.91,0.39,1054.7,27.4,Canal,22.01
Balasore,North Eastern Coastal Plain,Alluvial,Kharif,Paddy (Kharif),0.92,114.8,34.1,54.8,6.31,0.76,1796.1,24.4,Borewell,27.5
Kalahandi,Western Undulating Zone,Red Laterite,Kharif,Ragi (Mandia),3.13,57.6,4.6,31.4,6.3,0.58,830.5,30.6,Borewell,3.15
Sundargarh,North Western Plateau,Red Laterite,Kharif,Ragi (Mandia),3.1,63.5,30.0,18.9,5.04,0.62,1362.4,30.0,Borewell,5.25
Kalahandi,Western Undulating Zone,Red Laterite,Kharif,Maize,1.45,88.1,38.8,55.4,6.15,0.33,1474.2,29.7,Rainfed,16.69
Cuttack,East & South Eastern Coastal Plain,Alluvial,Rabi,Green Gram (Moong),0.41,8.4,45.2,0.0,6.55,0.5,148.5,23.7,Borewell,2.5
Puri,East & South Eastern Coastal Plain,Alluvial,Kharif,Paddy (Kharif),3.22,96.4,47.4,42.1,7.03,0.65,1919.0,27.2,Borewell,21.23
Ganjam,South Eastern Coastal Plain,Red Laterite,Kharif,Paddy (Kharif),0.91,67.2,39.2,63.4,7.03,0.45,760.7,26.2,Borewell,25.1
Ganjam,South Eastern Coastal Plain,Alluvial,Kharif,Ragi (Mandia),1.86,26.6,33.4,38.8,6.91,0.67,1364.2,25.7,Borewell,10.83
Koraput,Eastern Ghat High Land,Red Laterite,Kharif,Maize,1.18,131.8,53.0,44.6,5.6,0.87,1535.8,25.2,Rainfed,19.92
Koraput,Eastern Ghat High Land,Sandy Loam,Kharif,Ragi (Mandia),2.22,56.4,10.7,35.4,5.17,0.56,1570.5,24.1,Rainfed,5.52
Cuttack,East & South Eastern Coastal Plain,Sandy Loam,Rabi,Mustard,2.93,58.1,9.0,46.6,6.57,0.31,129.1,24.3,Rainfed,3.84
Bargarh,Western Central Table Land,Black Soil,Kharif,Groundnut,0.8,47.1,63.9,68.0,7.0,0.5,1322.0,29.7,Canal,10.1
Koraput,Eastern Ghat High Land,Sandy Loam,Kharif,Ragi (Mandia),1.13,70.6,15.8,50.3,5.5,0.45,1200.8,24.5,Rainfed,10.49
Mayurbhanj,North Central Plateau,Red Laterite,Kharif,Maize,3.2,105.1,65.6,24.1,5.71,0.7,1376.8,24.8,Rainfed,12.79
Puri,East & South Eastern Coastal Plain,Coastal Saline,Rabi,Paddy (Rabi),0.5,100.0,33.2,47.6,7.26,0.74,123.2,28.9,Borewell,15.72
Ganjam,South Eastern Coastal Plain,Alluvial,Kharif,Paddy (Kharif),3.24,95.3,36.6,53.5,6.77,0.67,1637.4,28.2,Rainfed,17.56
Balasore,North Eastern Coastal Plain,Alluvial,Kharif,Paddy (Kharif),1.52,85.1,43.9,23.9,6.17,0.22,1465.8,24.6,Borewell,14.19
Ganjam,South Eastern Coastal Plain,Alluvial,Rabi,Green Gram (Moong),3.08,28.2,40.9,56.2,6.75,0.52,225.9,24.2,Rainfed,8.2
Sambalpur,Western Central Table Land,Red Laterite,Kharif,Paddy (Kharif),2.16,72.7,41.9,44.7,6.75,0.53,964.1,29.9,Canal,19.4
Sundargarh,North Western Plateau,Red Laterite,Kharif,Ragi (Mandia),1.08,41.0,17.4,29.4,5.03,0.7,1283.5,26.2,Rainfed,4.99
Ganjam,South Eastern Coastal Plain,Red Laterite,Kharif,Ragi (Mandia),1.15,55.4,52.7,37.8,6.99,0.46,1328.0,27.3,Borewell,11.26
Balasore,North Eastern Coastal Plain,Sandy Loam,Kharif,Groundnut,0.77,15.0,84.5,53.8,6.9,0.54,1406.0,22.9,Borewell,11.4
Ganjam,South Eastern Coastal Plain,Red Laterite,Rabi,Green Gram (Moong),2.43,29.6,38.3,15.9,6.83,0.54,243.5,27.6,Borewell,6.3
Bargarh,Western Central Table Land,Black Soil,Kharif,Paddy (Kharif),1.02,70.6,60.5,52.9,6.69,0.61,1380.2,29.4,Canal,20.65
Bargarh,Western Central Table Land,Black Soil,Rabi,Paddy (Rabi),4.44,113.5,35.7,39.4,6.71,0.76,73.4,27.2,Canal,20.09
Balasore,North Eastern Coastal Plain,Sandy Loam,Rabi,Green Gram (Moong),1.62,21.6,35.6,0.0,6.52,0.79,136.1,23.3,Rainfed,2.5
Sambalpur,Western Central Table Land,Black Soil,Rabi,Paddy (Rabi),1.59,81.5,63.2,42.3,6.67,0.55,138.5,26.1,Rainfed,26.83
Bargarh,Western Central Table Land,Alluvial,Kharif,Paddy (Kharif),0.73,116.2,42.8,40.7,6.53,0.43,1265.7,28.8,Canal,24.57
Koraput,Eastern Ghat High Land,Red Laterite,Kharif,Ragi (Mandia),0.38,27.4,13.4,39.5,5.58,0.56,1550.4,24.5,Rainfed,3.71
Koraput,Eastern Ghat High Land,Sandy Loam,Kharif,Ragi (Mandia),1.16,45.4,30.3,47.2,5.57,0.59,1600.0,22.7,Rainfed,6.95
Balasore,North Eastern Coastal Plain,Sandy Loam,Rabi,Paddy (Rabi),1.35,128.7,55.5,61.2,6.17,0.8,160.8,23.9,Rainfed,33.87
Bargarh,Western Central Table Land,Alluvial,Kharif,Paddy (Kharif),0.42,104.7,10.1,35.0,7.24,0.32,1318.4,27.1,Canal,11.07
Sundargarh,North Western Plateau,Sandy Loam,Rabi,Mustard,0.6,83.6,23.1,10.9,5.96,0.49,83.7,22.6,Borewell,3.6
Bargarh,Western Central Table Land,Black Soil,Kharif,Groundnut,1.23,45.7,89.0,64.7,6.99,0.6,1427.3,27.6,Canal,13.01
Sambalpur,Western Central Table Land,Red Laterite,Rabi,Paddy (Rabi),0.76,106.7,43.8,64.1,6.38,0.59,198.1,24.7,Canal,21.54
Bargarh,Western Central Table Land,Alluvial,Kharif,Groundnut,1.22,20.8,58.4,42.2,6.66,0.52,1182.1,28.8,Canal,5.76
Mayurbhanj,North Central Plateau,Sandy Loam,Rabi,Mustard,2.34,37.8,32.2,24.1,6.28,0.26,172.8,23.5,Borewell,5.17
Sundargarh,North Western Plateau,Red Laterite,Kharif,Ragi (Mandia),2.7,52.4,0.0,56.4,5.19,0.64,1249.8,28.8,Borewell,2.5
Koraput,Eastern Ghat High Land,Sandy Loam,Kharif,Maize,2.29,100.8,22.5,16.8,5.41,0.49,1469.9,22.3,Rainfed,8.41
Kalahandi,Western Undulating Zone,Red Laterite,Kharif,Maize,2.11,91.1,55.3,53.8,6.4,0.3,771.6,29.8,Rainfed,15.87
Puri,East & South Eastern Coastal Plain,Alluvial,Kharif,Groundnut,0.34,18.7,69.5,60.1,7.62,0.47,1517.5,29.9,Rainfed,9.2
Koraput,Eastern Ghat High Land,Sandy Loam,Kharif,Ragi (Mandia),1.41,74.5,6.1,0.0,5.35,0.58,1364.2,23.0,Rainfed,2.5
Balasore,North Eastern Coastal Plain,Sandy Loam,Kharif,Paddy (Kharif),2.32,72.0,52.3,37.1,7.25,0.44,1818.9,26.6,Borewell,26.53
Mayurbhanj,North Central Plateau,Red Laterite,Kharif,Maize,1.93,86.3,50.0,47.9,5.87,0.57,1342.8,25.3,Borewell,16.98
Sundargarh,North Western Plateau,Red Laterite,Rabi,Mustard,1.41,37.1,62.1,21.5,5.5,0.84,232.7,23.6,Rainfed,5.21
Puri,East & South Eastern Coastal Plain,Coastal Saline,Kharif,Paddy (Kharif),0.76,82.8,72.8,48.5,6.67,0.3,1175.1,29.1,Borewell,24.7
Mayurbhanj,North Central Plateau,Red Laterite,Rabi,Mustard,0.75,20.9,26.9,27.5,6.63,0.68,183.5,25.9,Rainfed,2.66
Balasore,North Eastern Coastal Plain,Alluvial,Kharif,Paddy (Kharif),1.35,61.7,47.9,48.3,6.08,0.41,1169.9,27.3,Borewell,16.31
Puri,East & South Eastern Coastal Plain,Coastal Saline,Kharif,Paddy (Kharif),0.66,142.1,41.2,80.8,7.3,0.61,1741.7,26.0,Rainfed,21.13
Cuttack,East & South Eastern Coastal Plain,Sandy Loam,Kharif,Paddy (Kharif),1.08,85.7,60.7,58.5,6.73,0.56,1446.8,28.6,Rainfed,24.43
Balasore,North Eastern Coastal Plain,Sandy Loam,Rabi,Paddy (Rabi),0.75,110.9,22.7,27.6,6.22,0.57,102.8,25.3,Rainfed,12.61
Ganjam,South Eastern Coastal Plain,Alluvial,Kharif,Groundnut,1.06,39.1,39.4,54.9,6.6,0.56,1394.6,28.1,Borewell,12.52
Ganjam,South Eastern Coastal Plain,Red Laterite,Kharif,Groundnut,1.23,51.4,51.4,70.2,6.52,0.41,978.0,31.0,Borewell,10.92
Sundargarh,North Western Plateau,Red Laterite,Rabi,Mustard,1.82,41.9,17.1,26.5,5.25,0.81,193.3,24.9,Rainfed,5.04
Ganjam,South Eastern Coastal Plain,Red Laterite,Rabi,Green Gram (Moong),0.58,17.3,56.9,18.6,7.32,0.51,249.6,28.3,Borewell,5.11
Sundargarh,North Western Plateau,Red Laterite,Rabi,Mustard,2.61,47.0,18.2,56.1,5.35,0.45,226.0,22.5,Borewell,3.53
Bargarh,Western Central Table Land,Alluvial,Rabi,Paddy (Rabi),3.64,122.5,72.7,47.9,6.87,0.54,130.4,22.8,Canal,31.71
Sundargarh,North Western Plateau,Sandy Loam,Kharif,Ragi (Mandia),2.36,37.0,29.8,26.0,5.29,0.69,1500.8,28.1,Rainfed,10.71
Balasore,North Eastern Coastal Plain,Alluvial,Rabi,Green Gram (Moong),1.52,41.4,27.3,30.1,6.57,0.73,226.7,23.2,Borewell,5.35
Mayurbhanj,North Central Plateau,Sandy Loam,Rabi,Mustard,2.42,35.5,33.2,28.1,5.55,0.73,200.8,27.4,Rainfed,2.58
Puri,East & South Eastern Coastal Plain,Alluvial,Rabi,Paddy (Rabi),0.81,117.5,36.1,41.4,6.67,0.59,49.8,23.5,Borewell,28.23
Mayurbhanj,North Central Plateau,Sandy Loam,Kharif,Ragi (Mandia),0.71,25.7,12.8,10.4,5.55,0.64,1543.0,29.5,Borewell,2.5
Ganjam,South Eastern Coastal Plain,Red Laterite,Kharif,Groundnut,0.94,41.6,41.9,40.6,6.25,0.62,997.0,26.0,Rainfed,14.77
Mayurbhanj,North Central Plateau,Sandy Loam,Kharif,Paddy (Kharif),0.94,113.7,56.4,53.5,5.97,0.53,1602.3,26.8,Borewell,20.9
Sundargarh,North Western Plateau,Red Laterite,Kharif,Ragi (Mandia),1.88,59.7,14.6,57.1,5.15,0.43,1468.0,26.8,Rainfed,8.2
Cuttack,East & South Eastern Coastal Plain,Sandy Loam,Rabi,Green Gram (Moong),2.31,46.3,33.0,30.5,6.66,0.48,96.1,25.2,Borewell,4.71
Kalahandi,Western Undulating Zone,Black Soil,Kharif,Maize,0.73,75.0,44.1,58.7,5.9,0.56,1287.6,28.8,Borewell,22.23
Balasore,North Eastern Coastal Plain,Sandy Loam,Kharif,Paddy (Kharif),2.46,117.1,49.6,40.2,6.13,0.48,1733.1,27.9,Borewell,21.05
Cuttack,East & South Eastern Coastal Plain,Sandy Loam,Rabi,Mustard,3.5,69.4,7.1,57.5,6.5,0.7,102.5,25.4,Borewell,4.02
Ganjam,South Eastern Coastal Plain,Red Laterite,Rabi,Green Gram (Moong),2.1,22.0,57.2,0.0,7.22,0.64,197.9,26.5,Rainfed,2.5
Ganjam,South Eastern Coastal Plain,Alluvial,Kharif,Paddy (Kharif),3.57,88.2,38.7,38.7,7.36,0.42,1522.8,27.6,Rainfed,11.74
Sambalpur,Western Central Table Land,Black Soil,Kharif,Maize,1.37,98.4,12.6,23.7,6.33,0.5,1167.9,26.9,Rainfed,3.58
Balasore,North Eastern Coastal Plain,Sandy Loam,Rabi,Paddy (Rabi),0.71,107.2,89.8,79.0,6.36,0.58,160.3,21.5,Rainfed,30.46
Sambalpur,Western Central Table Land,Black Soil,Kharif,Maize,2.05,72.5,71.0,33.3,6.31,0.5,1377.3,26.7,Rainfed,18.42
Sambalpur,Western Central Table Land,Red Laterite,Rabi,Green Gram (Moong),2.37,16.5,42.9,40.6,6.08,0.71,275.6,27.9,Canal,4.15
Sambalpur,Western Central Table Land,Black Soil,Kharif,Maize,3.18,95.9,63.9,40.8,6.13,0.53,1191.5,29.3,Canal,18.55
Ganjam,South Eastern Coastal Plain,Red Laterite,Kharif,Paddy (Kharif),2.12,105.6,18.3,33.1,6.67,0.29,1032.1,29.2,Rainfed,5.68
Kalahandi,Western Undulating Zone,Red Laterite,Kharif,Ragi (Mandia),3.6,66.7,20.3,15.0,6.61,0.72,711.4,30.4,Rainfed,7.41
Puri,East & South Eastern Coastal Plain,Coastal Saline,Kharif,Groundnut,3.1,25.9,69.9,65.2,7.51,1.09,1127.6,28.2,Rainfed,9.57
Ganjam,South Eastern Coastal Plain,Alluvial,Kharif,Paddy (Kharif),0.85,66.6,27.9,11.8,6.15,0.45,1272.9,30.9,Rainfed,3.75
Cuttack,East & South Eastern Coastal Plain,Alluvial,Rabi,Mustard,0.66,60.5,1.2,17.0,6.19,0.28,259.2,26.0,Rainfed,2.5
Koraput,Eastern Ghat High Land,Sandy Loam,Kharif,Ragi (Mandia),0.7,57.8,46.8,38.4,4.84,0.8,965.1,26.2,Borewell,8.17
Sundargarh,North Western Plateau,Sandy Loam,Kharif,Ragi (Mandia),2.89,44.8,23.3,24.1,5.33,0.58,1670.3,29.3,Borewell,9.52
Mayurbhanj,North Central Plateau,Sandy Loam,Kharif,Maize,0.78,65.7,59.7,29.1,5.77,0.62,1636.1,26.1,Rainfed,12.32
Sambalpur,Western Central Table Land,Black Soil,Kharif,Paddy (Kharif),1.21,108.8,33.2,41.9,6.47,0.72,1428.7,27.8,Canal,9.82
Koraput,Eastern Ghat High Land,Sandy Loam,Kharif,Maize,1.9,100.3,81.4,43.4,5.26,0.3,1356.3,25.7,Rainfed,15.82
Cuttack,East & South Eastern Coastal Plain,Alluvial,Rabi,Mustard,0.46,18.0,39.6,9.1,6.68,0.61,201.7,23.9,Borewell,2.5
Sundargarh,North Western Plateau,Sandy Loam,Kharif,Ragi (Mandia),2.68,47.0,52.7,33.6,5.13,0.56,1461.4,27.1,Borewell,9.89
Balasore,North Eastern Coastal Plain,Alluvial,Kharif,Paddy (Kharif),1.41,119.2,51.1,45.4,5.98,0.45,1553.6,23.6,Rainfed,22.16
Cuttack,East & South Eastern Coastal Plain,Alluvial,Kharif,Paddy (Kharif),1.61,77.7,46.2,36.2,7.12,0.7,1865.7,27.0,Rainfed,22.61
Sambalpur,Western Central Table Land,Red Laterite,Rabi,Green Gram (Moong),2.43,10.5,32.4,20.6,6.73,0.65,201.8,22.3,Canal,2.5
Koraput,Eastern Ghat High Land,Red Laterite,Kharif,Ragi (Mandia),0.4,57.7,10.4,42.6,5.77,0.35,1080.0,23.7,Rainfed,7.76
Kalahandi,Western Undulating Zone,Black Soil,Kharif,Groundnut,1.96,24.1,44.9,60.8,6.13,0.64,1299.9,29.8,Borewell,10.22
Sambalpur,Western Central Table Land,Red Laterite,Kharif,Maize,3.03,113.1,32.8,35.1,6.55,0.53,1589.0,30.2,Rainfed,11.51
Sundargarh,North Western Plateau,Red Laterite,Kharif,Ragi (Mandia),2.97,7.8,32.9,21.7,5.38,0.54,1264.4,28.2,Rainfed,2.56
Koraput,Eastern Ghat High Land,Red Laterite,Kharif,Ragi (Mandia),3.21,21.6,34.5,16.0,4.99,0.36,1146.0,24.5,Rainfed,2.92
Balasore,North Eastern Coastal Plain,Sandy Loam,Kharif,Groundnut,2.43,14.9,71.7,38.2,6.52,0.66,1625.9,29.4,Borewell,8.34
Sundargarh,North Western Plateau,Red Laterite,Rabi,Mustard,0.42,42.0,44.8,26.6,4.78,0.58,53.6,22.3,Rainfed,3.2
Kalahandi,Western Undulating Zone,Red Laterite,Kharif,Ragi (Mandia),1.08,75.7,13.4,13.7,5.76,0.57,1055.0,28.3,Rainfed,5.81
Koraput,Eastern Ghat High Land,Sandy Loam,Kharif,Maize,2.08,110.7,42.8,48.2,5.18,0.48,1419.1,24.1,Borewell,14.26
Sundargarh,North Western Plateau,Red Laterite,Kharif,Ragi (Mandia),1.9,41.6,43.6,0.0,5.48,0.58,1187.6,25.3,Borewell,2.5
Mayurbhanj,North Central Plateau,Sandy Loam,Rabi,Mustard,3.36,50.5,17.9,44.3,5.72,0.67,134.5,21.4,Borewell,4.91
Koraput,Eastern Ghat High Land,Sandy Loam,Kharif,Ragi (Mandia),1.45,76.7,36.5,32.6,5.84,0.48,1065.0,24.0,Rainfed,9.7
Bargarh,Western Central Table Land,Black Soil,Kharif,Groundnut,1.48,-0.0,23.5,53.3,6.53,0.59,1303.8,27.1,Canal,2.5
Balasore,North Eastern Coastal Plain,Alluvial,Kharif,Paddy (Kharif),1.57,111.6,41.4,59.9,6.39,0.62,1476.4,27.2,Rainfed,24.52
Sundargarh,North Western Plateau,Sandy Loam,Rabi,Mustard,2.49,76.1,11.1,26.8,5.93,0.81,207.6,22.5,Rainfed,3.54
Kalahandi,Western Undulating Zone,Black Soil,Kharif,Ragi (Mandia),0.64,44.1,0.0,44.3,5.58,0.56,1236.2,28.1,Borewell,2.5
Cuttack,East & South Eastern Coastal Plain,Sandy Loam,Rabi,Paddy (Rabi),1.64,87.4,24.3,56.5,6.3,0.7,151.6,25.5,Rainfed,19.27
Kalahandi,Western Undulating Zone,Black Soil,Kharif,Maize,0.29,85.5,47.5,42.6,6.15,0.53,814.2,30.6,Rainfed,19.87
Balasore,North Eastern Coastal Plain,Alluvial,Rabi,Mustard,1.56,26.6,43.2,16.3,7.1,0.56,83.8,22.9,Borewell,3.88
Cuttack,East & South Eastern Coastal Plain,Sandy Loam,Kharif,Paddy (Kharif),1.45,55.0,34.2,38.8,6.29,0.39,1235.6,29.8,Borewell,16.8
Kalahandi,Western Undulating Zone,Red Laterite,Kharif,Ragi (Mandia),5.32,37.4,14.5,16.4,6.85,0.29,551.2,30.2,Rainfed,4.52
Sundargarh,North Western Plateau,Sandy Loam,Rabi,Mustard,0.75,51.9,1.4,49.5,5.17,0.53,52.4,20.9,Borewell,2.5
Sambalpur,Western Central Table Land,Red Laterite,Kharif,Paddy (Kharif),1.13,85.1,47.5,60.0,6.31,0.6,1208.1,28.0,Canal,26.8
Sundargarh,North Western Plateau,Red Laterite,Kharif,Ragi (Mandia),0.77,29.4,34.4,0.0,5.37,0.8,1575.5,28.2,Rainfed,2.5
Balasore,North Eastern Coastal Plain,Alluvial,Kharif,Groundnut,3.16,45.3,31.4,62.3,5.9,0.51,1045.3,28.9,Borewell,10.07
Cuttack,East & South Eastern Coastal Plain,Sandy Loam,Kharif,Paddy (Kharif),1.13,33.3,54.9,32.1,6.54,0.61,1691.5,28.9,Borewell,13.32
Koraput,Eastern Ghat High Land,Red Laterite,Kharif,Ragi (Mandia),1.66,20.2,18.2,19.5,5.56,0.56,1325.2,23.5,Borewell,4.51
Cuttack,East & South Eastern Coastal Plain,Sandy Loam,Rabi,Green Gram (Moong),0.89,37.6,43.7,19.3,6.54,0.57,92.5,26.2,Borewell,4.9
Koraput,Eastern Ghat High Land,Sandy Loam,Kharif,Ragi (Mandia),1.33,16.5,30.9,23.9,5.08,0.69,1648.6,23.8,Rainfed,4.67
Sundargarh,North Western Plateau,Sandy Loam,Rabi,Mustard,0.88,76.3,20.0,37.0,5.14,0.59,113.3,23.7,Borewell,2.5
Koraput,Eastern Ghat High Land,Sandy Loam,Kharif,Maize,2.77,109.4,55.3,58.9,5.14,0.63,1529.1,26.2,Borewell,19.57
Bargarh,Western Central Table Land,Alluvial,Rabi,Paddy (Rabi),1.88,114.8,43.6,61.0,7.04,0.72,147.2,23.3,Canal,27.77
Cuttack,East & South Eastern Coastal Plain,Sandy Loam,Rabi,Green Gram (Moong),2.73,51.8,53.5,0.0,6.58,0.67,79.8,26.2,Rainfed,2.5
Puri,East & South Eastern Coastal Plain,Coastal Saline,Kharif,Groundnut,0.76,16.2,38.7,45.0,6.77,0.6,1771.0,26.8,Borewell,6.04
Kalahandi,Western Undulating Zone,Red Laterite,Kharif,Groundnut,0.28,0.0,63.5,27.8,6.47,0.68,967.1,27.1,Borewell,2.5
Mayurbhanj,North Central Plateau,Sandy Loam,Kharif,Paddy (Kharif),1.06,62.9,48.5,30.9,5.68,0.68,1672.8,25.8,Rainfed,17.68
Koraput,Eastern Ghat High Land,Red Laterite,Kharif,Maize,0.64,110.1,57.1,50.3,5.69,0.44,1198.4,22.6,Rainfed,22.35
Sundargarh,North Western Plateau,Sandy Loam,Kharif,Ragi (Mandia),0.98,46.8,40.8,30.8,5.13,0.76,1397.7,25.8,Rainfed,11.94
Mayurbhanj,North Central Plateau,Sandy Loam,Kharif,Paddy (Kharif),3.73,92.4,30.5,50.9,6.0,0.69,1872.7,26.9,Rainfed,15.98
Balasore,North Eastern Coastal Plain,Alluvial,Rabi,Green Gram (Moong),0.51,14.5,44.1,7.7,5.87,0.69,267.1,24.1,Borewell,2.93
Sundargarh,North Western Plateau,Red Laterite,Rabi,Mustard,0.84,16.4,36.5,20.0,5.54,0.43,106.6,23.0,Rainfed,3.63
Sundargarh,North Western Plateau,Red Laterite,Kharif,Ragi (Mandia),2.05,69.7,22.9,34.0,4.61,0.84,1285.5,25.9,Borewell,6.63
Koraput,Eastern Ghat High Land,Red Laterite,Kharif,Ragi (Mandia),1.66,42.4,44.2,15.4,5.37,0.49,1569.5,24.5,Borewell,4.78
Balasore,North Eastern Coastal Plain,Sandy Loam,Rabi,Green Gram (Moong),1.86,11.7,36.2,12.9,6.37,0.16,176.3,25.2,Borewell,2.86
Mayurbhanj,North Central Plateau,Sandy Loam,Kharif,Paddy (Kharif),3.48,61.8,39.6,33.0,5.87,0.65,1572.3,26.7,Rainfed,8.02
Koraput,Eastern Ghat High Land,Red Laterite,Kharif,Maize,1.87,85.7,54.5,23.9,5.22,0.51,1145.2,22.3,Rainfed,8.96
Mayurbhanj,North Central Plateau,Sandy Loam,Rabi,Mustard,1.12,30.7,18.4,24.7,5.5,0.36,167.9,24.7,Borewell,2.5
Sambalpur,Western Central Table Land,Black Soil,Kharif,Maize,1.29,49.7,53.2,68.3,6.36,0.4,1383.4,26.9,Canal,16.39
Koraput,Eastern Ghat High Land,Sandy Loam,Kharif,Ragi (Mandia),2.52,29.5,31.4,6.5,5.47,0.81,1708.6,24.9,Rainfed,6.77
Puri,East & South Eastern Coastal Plain,Coastal Saline,Rabi,Green Gram (Moong),2.8,12.6,61.0,6.6,7.58,0.72,74.0,26.3,Borewell,3.02
Cuttack,East & South Eastern Coastal Plain,Alluvial,Rabi,Paddy (Rabi),0.48,109.1,41.7,61.6,6.48,0.39,200.4,23.6,Borewell,23.37
Ganjam,South Eastern Coastal Plain,Alluvial,Kharif,Groundnut,3.11,55.6,52.1,66.6,6.92,0.6,1662.4,28.7,Borewell,9.22
Ganjam,South Eastern Coastal Plain,Alluvial,Kharif,Groundnut,2.45,45.7,45.4,35.3,6.76,0.49,1386.9,29.6,Borewell,9.61
Ganjam,South Eastern Coastal Plain,Red Laterite,Rabi,Green Gram (Moong),1.22,0.0,41.3,8.1,7.02,0.62,223.5,21.2,Borewell,2.5
Ganjam,South Eastern Coastal Plain,Alluvial,Kharif,Groundnut,0.21,45.2,57.8,48.4,6.56,0.66,1282.2,28.1,Rainfed,8.01
Cuttack,East & South Eastern Coastal Plain,Sandy Loam,Rabi,Green Gram (Moong),1.15,44.7,59.5,36.9,6.21,0.45,174.1,23.1,Borewell,5.5
Sundargarh,North Western Plateau,Sandy Loam,Rabi,Mustard,0.82,68.3,36.1,34.0,5.51,0.34,126.7,23.2,Borewell,2.56
Sambalpur,Western Central Table Land,Red Laterite,Kharif,Paddy (Kharif),1.32,102.8,56.6,59.4,6.68,0.73,1352.0,30.3,Canal,29.72
Mayurbhanj,North Central Plateau,Red Laterite,Kharif,Paddy (Kharif),1.67,109.6,61.7,23.6,5.61,0.67,1472.2,25.1,Rainfed,17.56
Mayurbhanj,North Central Plateau,Red Laterite,Rabi,Mustard,2.42,79.6,21.7,3.6,5.67,0.82,154.8,22.0,Rainfed,2.5
Sambalpur,Western Central Table Land,Red Laterite,Rabi,Paddy (Rabi),3.92,98.0,68.1,52.2,6.41,0.57,107.3,26.8,Canal,32.07
Ganjam,South Eastern Coastal Plain,Red Laterite,Kharif,Groundnut,1.23,0.0,52.9,38.9,7.19,0.56,1415.4,30.5,Borewell,2.5
Sundargarh,North Western Plateau,Red Laterite,Kharif,Ragi (Mandia),2.6,37.5,0.0,41.1,4.7,0.44,1676.3,22.8,Rainfed,3.58
Koraput,Eastern Ghat High Land,Red Laterite,Kharif,Ragi (Mandia),2.9,33.2,29.8,39.6,5.26,0.44,1485.1,21.7,Rainfed,7.55
Mayurbhanj,North Central Plateau,Sandy Loam,Rabi,Mustard,0.57,90.0,32.6,53.7,5.46,0.91,232.7,20.3,Rainfed,8.45
Sambalpur,Western Central Table Land,Black Soil,Rabi,Green Gram (Moong),1.51,19.9,44.7,19.5,6.39,0.78,151.2,23.0,Canal,2.64
Puri,East & South Eastern Coastal Plain,Coastal Saline,Kharif,Paddy (Kharif),2.22,105.6,58.9,50.1,7.1,0.43,1001.5,29.0,Rainfed,21.27
Balasore,North Eastern Coastal Plain,Sandy Loam,Rabi,Green Gram (Moong),0.6,31.5,43.8,2.6,6.82,0.58,138.7,25.1,Borewell,3.5
Balasore,North Eastern Coastal Plain,Sandy Loam,Rabi,Mustard,0.53,84.4,12.2,22.8,6.04,0.58,108.4,22.2,Rainfed,3.84
Mayurbhanj,North Central Plateau,Sandy Loam,Kharif,Ragi (Mandia),1.27,60.8,24.9,25.9,5.23,0.64,1343.5,26.5,Rainfed,10.93
Sambalpur,Western Central Table Land,Black Soil,Rabi,Green Gram (Moong),4.48,45.4,37.3,14.8,6.86,0.39,81.9,24.9,Canal,3.38
Cuttack,East & South Eastern Coastal Plain,Sandy Loam,Kharif,Paddy (Kharif),1.17,44.9,56.2,45.4,6.28,0.73,1513.1,28.6,Rainfed,21.51
Sambalpur,Western Central Table Land,Black Soil,Rabi,Paddy (Rabi),0.7,79.8,65.9,67.5,6.92,0.46,203.4,25.4,Canal,27.08
Sundargarh,North Western Plateau,Red Laterite,Kharif,Ragi (Mandia),3.24,68.7,16.1,31.7,5.46,0.8,1359.2,25.6,Rainfed,5.13
Puri,East & South Eastern Coastal Plain,Alluvial,Rabi,Green Gram (Moong),1.25,51.5,56.3,28.1,7.05,0.56,74.1,23.8,Rainfed,4.23
Sambalpur,Western Central Table Land,Black Soil,Kharif,Maize,1.43,96.6,54.8,26.2,6.7,0.71,1214.7,31.0,Rainfed,11.7
Koraput,Eastern Ghat High Land,Sandy Loam,Kharif,Maize,2.5,104.5,65.0,51.8,5.75,0.51,1800.9,22.0,Rainfed,19.91
Balasore,North Eastern Coastal Plain,Sandy Loam,Rabi,Paddy (Rabi),2.5,98.4,69.8,51.2,6.55,0.52,113.4,21.0,Borewell,25.17
Sundargarh,North Western Plateau,Sandy Loam,Kharif,Ragi (Mandia),3.3,45.8,27.9,16.4,5.26,0.75,1267.4,26.1,Rainfed,5.95
Sundargarh,North Western Plateau,Sandy Loam,Kharif,Ragi (Mandia),0.56,46.2,37.5,36.6,5.22,0.27,1142.3,26.4,Rainfed,9.67
Mayurbhanj,North Central Plateau,Sandy Loam,Kharif,Ragi (Mandia),3.55,33.9,34.2,49.7,5.6,0.38,1666.2,28.1,Rainfed,10.83
Balasore,North Eastern Coastal Plain,Alluvial,Rabi,Mustard,2.52,75.7,30.9,36.8,6.95,0.55,208.9,25.7,Rainfed,7.94
Balasore,North Eastern Coastal Plain,Alluvial,Rabi,Paddy (Rabi),1.71,101.4,58.1,51.2,6.32,0.24,43.5,23.9,Borewell,26.52
Ganjam,South Eastern Coastal Plain,Alluvial,Kharif,Groundnut,1.03,28.8,71.2,37.0,6.37,0.65,1617.1,27.4,Rainfed,8.44
Puri,East & South Eastern Coastal Plain,Coastal Saline,Rabi,Green Gram (Moong),0.62,42.0,47.4,17.5,7.37,0.55,147.3,24.8,Borewell,3.3
Bargarh,Western Central Table Land,Alluvial,Kharif,Groundnut,1.73,43.1,48.6,43.4,6.29,0.69,1337.4,29.7,Rainfed,10.43
Koraput,Eastern Ghat High Land,Red Laterite,Kharif,Ragi (Mandia),1.03,0.0,11.9,52.1,5.28,0.36,1338.1,20.7,Rainfed,2.5
Balasore,North Eastern Coastal Plain,Sandy Loam,Rabi,Green Gram (Moong),4.38,50.0,69.0,18.4,6.37,0.51,252.2,21.0,Borewell,5.57
Mayurbhanj,North Central Plateau,Red Laterite,Kharif,Maize,1.12,103.9,34.5,51.4,5.84,0.67,1706.4,26.0,Rainfed,15.12
Cuttack,East & South Eastern Coastal Plain,Sandy Loam,Rabi,Paddy (Rabi),2.13,113.7,44.5,45.9,6.7,0.69,192.2,25.9,Borewell,26.25
Balasore,North Eastern Coastal Plain,Sandy Loam,Kharif,Groundnut,1.36,14.9,36.8,38.8,6.28,0.73,1737.2,30.0,Borewell,9.84
Sambalpur,Western Central Table Land,Black Soil,Kharif,Maize,1.99,85.0,53.0,47.0,6.98,0.42,898.1,27.1,Rainfed,13.27
Bargarh,Western Central Table Land,Black Soil,Rabi,Paddy (Rabi),1.69,110.3,40.4,47.0,6.48,0.62,122.6,24.0,Canal,27.69
Ganjam,South Eastern Coastal Plain,Red Laterite,Kharif,Ragi (Mandia),1.85,76.6,34.2,39.7,6.56,0.72,958.7,28.3,Borewell,9.25
Sambalpur,Western Central Table Land,Red Laterite,Rabi,Green Gram (Moong),1.21,5.7,41.6,0.0,6.35,0.52,178.9,26.2,Rainfed,2.5
Kalahandi,Western Undulating Zone,Black Soil,Kharif,Maize,1.73,70.4,33.0,34.7,6.48,0.62,940.4,28.0,Rainfed,12.75
Ganjam,South Eastern Coastal Plain,Alluvial,Kharif,Ragi (Mandia),1.21,81.9,22.5,29.5,7.25,0.64,1180.7,28.5,Rainfed,3.99
Puri,East & South Eastern Coastal Plain,Coastal Saline,Kharif,Groundnut,0.68,33.9,51.4,21.2,7.05,0.63,1635.6,30.3,Rainfed,10.72
Koraput,Eastern Ghat High Land,Red Laterite,Kharif,Ragi (Mandia),1.0,38.5,28.3,15.8,5.32,0.39,1304.9,20.8,Rainfed,8.0
Cuttack,East & South Eastern Coastal Plain,Alluvial,Rabi,Paddy (Rabi),1.42,101.5,57.7,53.4,6.27,0.47,171.5,26.1,Rainfed,30.89
Cuttack,East & South Eastern Coastal Plain,Sandy Loam,Rabi,Paddy (Rabi),1.34,117.6,45.2,21.5,7.12,0.55,60.7,24.0,Borewell,17.89
Ganjam,South Eastern Coastal Plain,Alluvial,Kharif,Paddy (Kharif),1.03,95.2,53.4,60.2,6.68,0.64,1100.9,30.1,Borewell,23.31
Cuttack,East & South Eastern Coastal Plain,Sandy Loam,Rabi,Mustard,1.35,69.8,52.2,48.3,6.29,0.57,123.0,21.7,Borewell,7.14
Balasore,North Eastern Coastal Plain,Alluvial,Rabi,Green Gram (Moong),0.69,27.4,15.3,35.4,6.48,0.3,214.4,24.9,Borewell,4.84
Kalahandi,Western Undulating Zone,Red Laterite,Kharif,Groundnut,0.62,26.0,70.3,61.5,6.74,0.65,820.0,29.9,Borewell,11.43
Koraput,Eastern Ghat High Land,Sandy Loam,Kharif,Ragi (Mandia),1.44,53.0,29.8,30.9,5.33,0.4,1594.6,23.8,Rainfed,7.79
Puri,East & South Eastern Coastal Plain,Coastal Saline,Kharif,Paddy (Kharif),0.8,99.4,56.5,42.1,6.56,0.53,1097.4,28.2,Rainfed,26.5
Bargarh,Western Central Table Land,Black Soil,Kharif,Groundnut,1.53,6.3,63.2,67.6,6.83,0.64,1483.7,31.7,Rainfed,6.07
Kalahandi,Western Undulating Zone,Red Laterite,Kharif,Ragi (Mandia),0.36,52.4,41.7,46.5,6.36,0.42,1030.6,28.7,Rainfed,8.75
Bargarh,Western Central Table Land,Black Soil,Rabi,Paddy (Rabi),1.96,114.7,50.6,36.3,6.58,0.69,130.0,25.3,Canal,25.89
Balasore,North Eastern Coastal Plain,Sandy Loam,Rabi,Mustard,2.08,64.6,24.3,42.2,6.21,0.21,224.9,21.7,Borewell,4.71
Sambalpur,Western Central Table Land,Black Soil,Kharif,Maize,2.17,85.5,72.9,49.1,6.86,0.49,1201.7,29.7,Rainfed,14.1
Kalahandi,Western Undulating Zone,Red Laterite,Kharif,Ragi (Mandia),0.74,25.5,18.0,53.7,5.91,0.56,1301.0,32.5,Borewell,3.21
Sambalpur,Western Central Table Land,Black Soil,Rabi,Green Gram (Moong),0.7,22.1,26.4,13.4,6.57,0.18,229.0,25.6,Canal,3.08
Koraput,Eastern Ghat High Land,Sandy Loam,Kharif,Ragi (Mandia),4.49,72.1,5.7,38.8,6.04,0.28,1401.5,24.8,Rainfed,2.5
Sambalpur,Western Central Table Land,Black Soil,Kharif,Paddy (Kharif),1.06,93.9,39.3,65.1,6.24,0.8,1525.9,27.2,Canal,26.97
Koraput,Eastern Ghat High Land,Red Laterite,Kharif,Ragi (Mandia),0.73,60.7,11.7,36.7,4.94,0.81,1458.1,22.7,Rainfed,2.5
Kalahandi,Western Undulating Zone,Red Laterite,Kharif,Ragi (Mandia),3.06,35.1,3.4,18.8,5.65,0.35,1107.3,32.8,Rainfed,2.5
Mayurbhanj,North Central Plateau,Red Laterite,Rabi,Mustard,1.79,69.9,43.0,38.4,5.91,0.52,219.2,20.5,Rainfed,7.34
Puri,East & South Eastern Coastal Plain,Alluvial,Kharif,Paddy (Kharif),4.21,47.0,47.8,70.3,7.08,0.63,1368.5,26.9,Borewell,17.02
Sambalpur,Western Central Table Land,Black Soil,Kharif,Maize,2.34,104.2,42.0,54.2,6.85,0.57,1170.6,30.2,Canal,25.11
Bargarh,Western Central Table Land,Alluvial,Kharif,Groundnut,1.44,9.6,43.9,57.5,6.52,0.29,887.6,28.8,Canal,6.4
Sambalpur,Western Central Table Land,Red Laterite,Rabi,Paddy (Rabi),1.01,110.4,50.7,69.1,6.32,0.51,159.7,21.4,Canal,27.18
Sambalpur,Western Central Table Land,Black Soil,Kharif,Maize,2.79,79.1,45.5,50.3,6.85,0.39,1098.0,26.7,Canal,14.23
Kalahandi,Western Undulating Zone,Red Laterite,Kharif,Maize,0.71,68.7,30.5,52.5,6.59,0.73,700.1,27.8,Rainfed,10.47
Sambalpur,Western Central Table Land,Red Laterite,Kharif,Paddy (Kharif),0.59,71.4,59.3,39.6,6.4,0.66,1374.0,26.8,Canal,18.7
Sundargarh,North Western Plateau,Red Laterite,Rabi,Mustard,0.79,38.7,25.7,34.2,5.45,0.42,167.7,27.2,Rainfed,4.85
Kalahandi,Western Undulating Zone,Red Laterite,Kharif,Groundnut,2.11,16.9,67.5,40.9,6.21,0.58,1460.7,28.9,Rainfed,9.34
Cuttack,East & South Eastern Coastal Plain,Sandy Loam,Rabi,Green Gram (Moong),0.99,7.7,23.4,37.9,6.31,0.62,96.6,23.7,Borewell,2.71
Cuttack,East & South Eastern Coastal Plain,Alluvial,Rabi,Green Gram (Moong),2.64,2.8,58.6,19.4,6.97,0.53,267.5,21.4,Borewell,2.5
Sundargarh,North Western Plateau,Sandy Loam,Rabi,Mustard,5.44,45.6,40.4,45.5,5.25,0.37,170.2,22.4,Rainfed,2.5
Bargarh,Western Central Table Land,Alluvial,Kharif,Paddy (Kharif),2.28,131.2,53.2,39.4,6.85,0.66,1635.6,27.8,Canal,20.47
Puri,East & South Eastern Coastal Plain,Coastal Saline,Rabi,Paddy (Rabi),1.44,117.1,54.2,65.7,7.2,0.46,186.7,24.6,Rainfed,24.89
Ganjam,South Eastern Coastal Plain,Alluvial,Rabi,Green Gram (Moong),0.47,1.4,39.7,14.1,6.38,0.47,174.5,25.2,Rainfed,2.5
Balasore,North Eastern Coastal Plain,Alluvial,Rabi,Paddy (Rabi),1.02,99.3,39.8,65.6,6.06,0.48,151.1,24.4,Borewell,23.97
Cuttack,East & South Eastern Coastal Plain,Sandy Loam,Rabi,Green Gram (Moong),1.29,34.6,29.0,25.8,6.04,0.61,145.7,25.2,Rainfed,3.33
Sambalpur,Western Central Table Land,Black Soil,Rabi,Green Gram (Moong),2.06,12.2,70.9,36.6,6.86,0.7,202.4,24.8,Rainfed,5.42
Mayurbhanj,North Central Plateau,Sandy Loam,Rabi,Mustard,1.05,62.6,28.0,27.7,6.04,0.55,113.9,23.5,Borewell,5.57
Sambalpur,Western Central Table Land,Red Laterite,Kharif,Maize,0.77,110.0,53.8,32.7,6.22,0.8,1247.5,27.3,Canal,16.7
Mayurbhanj,North Central Plateau,Sandy Loam,Kharif,Ragi (Mandia),0.7,40.4,8.9,47.5,5.46,0.72,1837.3,27.1,Borewell,2.5
Mayurbhanj,North Central Plateau,Sandy Loam,Kharif,Ragi (Mandia),0.4,68.5,31.3,29.5,5.7,0.5,1487.5,23.8,Borewell,8.65
Cuttack,East & South Eastern Coastal Plain,Sandy Loam,Rabi,Mustard,2.18,30.1,38.0,38.3,6.08,0.63,195.3,22.1,Borewell,5.24
Ganjam,South Eastern Coastal Plain,Alluvial,Kharif,Ragi (Mandia),3.09,49.5,0.2,24.5,6.79,0.62,1228.7,26.0,Borewell,2.5
Mayurbhanj,North Central Plateau,Red Laterite,Kharif,Ragi (Mandia),1.79,66.8,33.1,29.9,6.08,0.56,1806.1,26.5,Rainfed,9.55
Puri,East & South Eastern Coastal Plain,Coastal Saline,Rabi,Paddy (Rabi),6.92,129.1,44.3,52.4,7.31,0.6,188.6,25.3,Rainfed,22.81
Bargarh,Western Central Table Land,Alluvial,Kharif,Groundnut,1.72,53.3,42.0,64.3,6.35,0.52,1210.0,26.6,Canal,10.97
Cuttack,East & South Eastern Coastal Plain,Sandy Loam,Rabi,Mustard,2.08,55.8,36.8,25.7,6.41,0.64,143.9,26.1,Borewell,2.76
Mayurbhanj,North Central Plateau,Sandy Loam,Kharif,Maize,1.1,104.8,45.0,49.7,5.41,0.62,1567.4,26.8,Rainfed,13.36
Ganjam,South Eastern Coastal Plain,Alluvial,Rabi,Green Gram (Moong),0.36,35.1,36.6,15.8,6.43,0.38,159.5,27.6,Rainfed,2.63
Ganjam,South Eastern Coastal Plain,Red Laterite,Rabi,Green Gram (Moong),1.76,20.3,60.8,0.0,6.64,0.58,152.2,26.4,Borewell,2.5
Bargarh,Western Central Table Land,Black Soil,Rabi,Paddy (Rabi),3.73,112.8,35.4,59.4,6.45,0.73,128.0,25.1,Canal,22.51
Koraput,Eastern Ghat High Land,Red Laterite,Kharif,Maize,2.38,99.9,39.2,40.7,5.23,0.79,1526.9,21.6,Rainfed,15.46
Koraput,Eastern Ghat High Land,Sandy Loam,Kharif,Maize,0.59,94.5,35.4,38.2,5.68,0.57,1579.1,23.8,Rainfed,15.87
Ganjam,South Eastern Coastal Plain,Alluvial,Rabi,Green Gram (Moong),0.29,1.8,11.7,0.0,6.95,0.59,231.9,22.6,Borewell,2.5
Koraput,Eastern Ghat High Land,Red Laterite,Kharif,Maize,2.29,95.6,24.1,41.2,5.69,0.62,966.3,22.9,Borewell,11.84
Balasore,North Eastern Coastal Plain,Alluvial,Rabi,Green Gram (Moong),2.22,24.1,40.9,25.9,6.52,0.59,98.1,20.8,Borewell,5.48
Koraput,Eastern Ghat High Land,Sandy Loam,Kharif,Maize,5.94,61.3,44.3,38.3,5.26,0.56,1752.9,24.0,Borewell,9.36
Mayurbhanj,North Central Plateau,Red Laterite,Kharif,Maize,0.7,108.1,36.0,28.5,6.31,0.63,1731.9,25.0,Borewell,14.88
Sundargarh,North Western Plateau,Sandy Loam,Rabi,Mustard,1.72,51.0,11.5,37.9,5.61,0.52,239.1,22.0,Rainfed,3.06
Cuttack,East & South Eastern Coastal Plain,Alluvial,Rabi,Paddy (Rabi),2.03,80.4,49.8,60.1,6.7,0.44,99.5,24.1,Borewell,22.72
Bargarh,Western Central Table Land,Black Soil,Kharif,Paddy (Kharif),0.43,129.6,26.7,25.1,6.87,0.59,1446.8,29.4,Rainfed,12.8
Bargarh,Western Central Table Land,Alluvial,Rabi,Paddy (Rabi),4.34,95.1,21.3,82.0,7.22,0.41,152.0,25.2,Canal,14.16
Cuttack,East & South Eastern Coastal Plain,Alluvial,Rabi,Mustard,3.33,49.2,39.7,28.6,6.92,0.58,191.6,23.5,Borewell,6.9
Ganjam,South Eastern Coastal Plain,Alluvial,Rabi,Green Gram (Moong),1.09,24.3,29.8,38.6,6.37,0.53,221.3,22.7,Borewell,4.49
Puri,East & South Eastern Coastal Plain,Coastal Saline,Rabi,Green Gram (Moong),2.51,44.4,22.0,0.0,7.69,0.35,86.0,29.4,Borewell,2.5
Bargarh,Western Central Table Land,Black Soil,Rabi,Paddy (Rabi),0.92,73.2,63.4,36.3,6.9,0.69,66.0,25.6,Canal,18.33
Sundargarh,North Western Plateau,Sandy Loam,Kharif,Ragi (Mandia),0.54,82.7,16.8,14.0,5.59,0.64,1014.8,24.9,Rainfed,7.58
Sambalpur,Western Central Table Land,Red Laterite,Rabi,Green Gram (Moong),3.53,64.6,48.5,0.0,6.27,0.58,155.6,25.0,Rainfed,2.5
Mayurbhanj,North Central Plateau,Red Laterite,Kharif,Maize,1.69,66.7,70.0,18.9,6.42,0.42,1569.8,27.5,Rainfed,13.24
Puri,East & South Eastern Coastal Plain,Alluvial,Kharif,Paddy (Kharif),1.6,104.5,24.0,35.4,7.01,0.58,1439.5,28.5,Rainfed,9.39
Bargarh,Western Central Table Land,Alluvial,Rabi,Paddy (Rabi),1.7,112.6,57.4,56.5,6.65,0.49,167.9,19.1,Canal,31.98
Balasore,North Eastern Coastal Plain,Sandy Loam,Rabi,Mustard,0.74,30.3,31.7,40.7,6.07,0.37,193.4,23.4,Rainfed,2.66
Kalahandi,Western Undulating Zone,Black Soil,Kharif,Ragi (Mandia),2.11,50.8,28.0,47.4,6.0,0.52,1082.8,28.6,Rainfed,9.69
Cuttack,East & South Eastern Coastal Plain,Sandy Loam,Rabi,Paddy (Rabi),0.42,94.2,59.6,41.1,6.79,0.28,94.3,25.7,Rainfed,15.92
Sundargarh,North Western Plateau,Red Laterite,Kharif,Ragi (Mandia),1.16,37.7,32.8,24.8,4.55,0.54,1231.1,28.6,Borewell,9.02
Koraput,Eastern Ghat High Land,Red Laterite,Kharif,Maize,2.1,74.6,67.3,46.0,5.43,0.2,1630.9,25.6,Rainfed,14.04
Puri,East & South Eastern Coastal Plain,Coastal Saline,Kharif,Groundnut,2.16,0.0,59.7,79.8,7.66,0.82,1064.8,29.1,Rainfed,2.5
Cuttack,East & South Eastern Coastal Plain,Sandy Loam,Rabi,Paddy (Rabi),0.82,115.5,55.9,49.0,5.98,0.52,161.3,22.2,Rainfed,26.78
Bargarh,Western Central Table Land,Alluvial,Kharif,Groundnut,2.97,29.6,46.9,57.5,6.96,0.33,1249.2,26.7,Canal,7.67
Mayurbhanj,North Central Plateau,Sandy Loam,Kharif,Paddy (Kharif),0.53,77.1,51.2,57.3,6.39,0.52,1446.4,28.7,Rainfed,26.63
Sundargarh,North Western Plateau,Sandy Loam,Kharif,Ragi (Mandia),2.4,38.8,18.6,0.0,5.16,0.51,1329.4,25.4,Rainfed,2.5
Mayurbhanj,North Central Plateau,Red Laterite,Kharif,Maize,1.69,121.1,46.0,36.7,5.15,0.66,1055.0,27.0,Rainfed,11.15
Sundargarh,North Western Plateau,Red Laterite,Rabi,Mustard,3.01,61.5,0.0,38.6,5.26,0.46,101.7,23.9,Rainfed,2.5
Koraput,Eastern Ghat High Land,Sandy Loam,Kharif,Maize,2.3,104.4,53.3,23.1,5.6,0.36,1384.6,27.9,Rainfed,11.0
Balasore,North Eastern Coastal Plain,Sandy Loam,Rabi,Paddy (Rabi),1.63,139.3,48.1,39.7,6.2,0.65,98.0,23.0,Borewell,20.02
Cuttack,East & South Eastern Coastal Plain,Sandy Loam,Rabi,Mustard,0.48,54.0,34.2,49.1,7.08,0.61,130.6,27.8,Borewell,4.98
Sundargarh,North Western Plateau,Red Laterite,Kharif,Ragi (Mandia),2.9,66.3,7.1,15.6,5.44,0.41,1476.2,25.9,Rainfed,4.4
Ganjam,South Eastern Coastal Plain,Alluvial,Rabi,Green Gram (Moong),2.02,24.2,47.4,15.5,7.23,0.76,142.7,26.8,Borewell,5.2
Sambalpur,Western Central Table Land,Red Laterite,Rabi,Green Gram (Moong),3.62,23.7,66.2,27.8,7.05,0.51,168.2,26.8,Rainfed,7.67
Puri,East & South Eastern Coastal Plain,Alluvial,Kharif,Paddy (Kharif),2.78,74.4,61.5,41.2,7.21,0.76,1372.7,27.9,Rainfed,24.38
Koraput,Eastern Ghat High Land,Sandy Loam,Kharif,Ragi (Mandia),5.33,50.9,32.4,0.0,5.57,0.48,1488.4,21.7,Rainfed,2.5
Sambalpur,Western Central Table Land,Black Soil,Kharif,Paddy (Kharif),0.87,112.8,45.0,50.1,6.55,0.43,1380.4,26.1,Canal,19.97
Sundargarh,North Western Plateau,Sandy Loam,Rabi,Mustard,1.85,91.7,67.9,19.0,4.56,0.39,165.2,22.3,Rainfed,2.5
Mayurbhanj,North Central Plateau,Sandy Loam,Rabi,Mustard,1.34,68.7,24.7,40.8,5.88,0.34,206.8,24.3,Rainfed,4.29
Sundargarh,North Western Plateau,Sandy Loam,Rabi,Mustard,2.2,83.6,21.0,42.4,4.96,0.66,61.5,22.8,Rainfed,4.36
Koraput,Eastern Ghat High Land,Sandy Loam,Kharif,Maize,1.57,113.5,79.6,29.3,4.7,0.67,1299.4,23.4,Rainfed,13.82
Bargarh,Western Central Table Land,Alluvial,Kharif,Groundnut,3.81,27.0,41.7,46.0,6.97,0.79,1036.1,31.7,Canal,11.65
Koraput,Eastern Ghat High Land,Sandy Loam,Kharif,Maize,1.31,87.4,45.5,50.4,5.19,0.56,1299.8,24.2,Rainfed,12.25
Sambalpur,Western Central Table Land,Red Laterite,Rabi,Green Gram (Moong),1.94,7.1,53.5,22.1,6.87,0.36,146.6,25.7,Canal,4.38
Mayurbhanj,North Central Plateau,Sandy Loam,Kharif,Ragi (Mandia),3.46,11.9,44.2,8.4,5.69,0.46,1577.6,24.3,Borewell,2.99
Bargarh,Western Central Table Land,Black Soil,Rabi,Paddy (Rabi),0.92,117.4,38.0,64.4,6.95,0.6,129.4,21.6,Canal,27.15
Balasore,North Eastern Coastal Plain,Sandy Loam,Kharif,Groundnut,1.33,17.1,43.6,72.6,6.1,0.61,1638.8,26.2,Borewell,13.06
Kalahandi,Western Undulating Zone,Red Laterite,Kharif,Groundnut,1.21,18.2,52.0,39.5,6.48,0.57,973.3,29.2,Rainfed,8.3
Sundargarh,North Western Plateau,Sandy Loam,Kharif,Ragi (Mandia),2.31,47.6,15.9,0.2,5.25,0.54,1391.8,28.5,Rainfed,2.5
Ganjam,South Eastern Coastal Plain,Red Laterite,Kharif,Ragi (Mandia),3.57,84.0,52.3,26.0,7.28,0.65,689.5,29.1,Borewell,11.02
Balasore,North Eastern Coastal Plain,Sandy Loam,Kharif,Paddy (Kharif),1.96,80.0,34.5,46.6,6.46,0.5,1806.4,24.8,Borewell,20.69
Koraput,Eastern Ghat High Land,Sandy Loam,Kharif,Maize,2.32,108.6,36.5,47.6,5.53,0.64,1615.4,24.5,Borewell,13.83
Koraput,Eastern Ghat High Land,Sandy Loam,Kharif,Ragi (Mandia),0.35,53.5,16.5,57.4,5.07,0.41,1188.5,24.5,Rainfed,7.98
Balasore,North Eastern Coastal Plain,Sandy Loam,Kharif,Paddy (Kharif),3.93,102.8,46.1,75.7,6.19,0.47,1645.6,26.0,Borewell,21.36
Ganjam,South Eastern Coastal Plain,Alluvial,Kharif,Paddy (Kharif),3.3,76.6,40.9,48.3,7.28,0.85,1449.7,30.6,Rainfed,18.23
Sambalpur,Western Central Table Land,Red Laterite,Kharif,Maize,3.26,99.4,63.7,70.8,6.31,0.55,1390.6,28.8,Canal,27.11
Balasore,North Eastern Coastal Plain,Alluvial,Rabi,Green Gram (Moong),2.41,3.1,40.5,23.1,6.03,0.59,101.1,20.7,Borewell,2.5
Kalahandi,Western Undulating Zone,Black Soil,Kharif,Ragi (Mandia),1.25,52.0,39.4,43.6,6.18,0.62,1032.2,29.8,Borewell,11.25
Cuttack,East & South Eastern Coastal Plain,Sandy Loam,Rabi,Green Gram (Moong),0.99,9.0,25.6,47.9,6.79,0.6,198.1,22.8,Rainfed,4.61
Cuttack,East & South Eastern Coastal Plain,Alluvial,Kharif,Paddy (Kharif),2.95,77.5,29.2,33.2,7.46,0.61,1251.5,28.9,Rainfed,14.44
Balasore,North Eastern Coastal Plain,Alluvial,Kharif,Groundnut,2.48,54.5,52.5,40.9,6.37,0.59,992.8,26.6,Rainfed,12.83
Cuttack,East & South Eastern Coastal Plain,Alluvial,Kharif,Paddy (Kharif),0.81,84.9,28.5,34.7,7.26,0.52,1674.9,25.8,Rainfed,14.74
Kalahandi,Western Undulating Zone,Red Laterite,Kharif,Maize,1.89,74.2,48.0,19.5,6.54,0.46,1027.9,26.2,Rainfed,10.07
Sundargarh,North Western Plateau,Red Laterite,Kharif,Ragi (Mandia),5.23,7.7,16.4,60.7,5.14,0.63,1528.0,28.8,Rainfed,2.5
Balasore,North Eastern Coastal Plain,Alluvial,Kharif,Groundnut,1.58,14.7,37.0,67.9,6.59,0.51,1519.6,28.1,Rainfed,7.12
Bargarh,Western Central Table Land,Alluvial,Kharif,Paddy (Kharif),0.85,77.8,53.0,57.2,6.41,0.67,932.9,29.4,Canal,25.7
Puri,East & South Eastern Coastal Plain,Coastal Saline,Kharif,Groundnut,1.72,16.4,45.2,37.0,7.53,0.33,1609.5,29.0,Borewell,7.0
Ganjam,South Eastern Coastal Plain,Red Laterite,Kharif,Paddy (Kharif),0.86,83.0,64.3,74.5,6.69,0.63,1271.1,27.1,Borewell,24.11
Kalahandi,Western Undulating Zone,Red Laterite,Kharif,Maize,1.45,119.4,54.6,54.5,6.03,0.36,1219.3,32.8,Rainfed,21.52
Puri,East & South Eastern Coastal Plain,Coastal Saline,Rabi,Green Gram (Moong),2.61,19.3,49.1,19.1,6.22,0.27,204.1,27.3,Rainfed,3.33
Ganjam,South Eastern Coastal Plain,Red Laterite,Rabi,Green Gram (Moong),0.55,42.1,41.5,17.8,6.12,0.45,222.0,23.8,Borewell,5.48
Balasore,North Eastern Coastal Plain,Alluvial,Rabi,Green Gram (Moong),0.69,0.0,56.3,40.8,6.44,0.54,86.5,26.6,Borewell,2.5
Mayurbhanj,North Central Plateau,Sandy Loam,Kharif,Maize,1.37,122.5,66.1,32.0,5.56,0.41,1612.1,26.7,Borewell,14.11
Ganjam,South Eastern Coastal Plain,Alluvial,Rabi,Green Gram (Moong),0.39,53.0,32.5,2.8,6.62,0.48,67.6,23.9,Rainfed,2.5
Bargarh,Western Central Table Land,Black Soil,Rabi,Paddy (Rabi),2.56,139.7,41.2,50.0,6.95,0.49,243.1,22.4,Canal,31.61
Sundargarh,North Western Plateau,Red Laterite,Kharif,Ragi (Mandia),0.89,87.7,25.3,36.9,5.15,0.48,1233.7,29.0,Rainfed,6.76
Kalahandi,Western Undulating Zone,Black Soil,Kharif,Ragi (Mandia),1.67,65.9,35.3,31.0,6.04,0.41,935.4,30.9,Borewell,14.25
Koraput,Eastern Ghat High Land,Red Laterite,Kharif,Maize,1.5,152.7,60.7,43.3,4.43,0.41,1768.1,24.3,Rainfed,10.97
Puri,East & South Eastern Coastal Plain,Alluvial,Kharif,Paddy (Kharif),3.18,133.6,47.4,35.8,7.25,0.66,1172.4,30.5,Rainfed,19.2
Puri,East & South Eastern Coastal Plain,Alluvial,Kharif,Paddy (Kharif),0.79,82.6,50.9,50.1,6.41,0.63,1589.1,29.1,Rainfed,22.99
Mayurbhanj,North Central Plateau,Red Laterite,Rabi,Mustard,1.45,66.3,40.4,8.6,5.71,0.3,236.1,25.2,Rainfed,2.5
Cuttack,East & South Eastern Coastal Plain,Sandy Loam,Rabi,Paddy (Rabi),0.44,131.9,44.9,37.4,6.2,0.47,232.8,24.5,Rainfed,19.74
Ganjam,South Eastern Coastal Plain,Red Laterite,Kharif,Ragi (Mandia),2.19,62.2,25.9,44.1,6.95,0.4,637.7,26.9,Rainfed,4.99
Balasore,North Eastern Coastal Plain,Alluvial,Rabi,Green Gram (Moong),0.91,36.2,20.8,18.3,6.55,0.59,131.8,24.7,Borewell,2.5
Sundargarh,North Western Plateau,Red Laterite,Rabi,Mustard,3.28,74.9,0.5,29.1,5.64,0.56,204.8,23.6,Rainfed,2.5
Sundargarh,North Western Plateau,Sandy Loam,Kharif,Ragi (Mandia),0.71,52.1,44.0,24.1,5.67,0.45,1535.5,28.1,Borewell,9.75
Mayurbhanj,North Central Plateau,Sandy Loam,Kharif,Ragi (Mandia),1.46,45.5,52.6,50.0,5.8,0.57,1767.9,24.6,Borewell,11.01
Balasore,North Eastern Coastal Plain,Sandy Loam,Kharif,Paddy (Kharif),1.84,72.5,49.4,18.8,6.36,0.46,1747.4,24.0,Borewell,7.9
Ganjam,South Eastern Coastal Plain,Red Laterite,Kharif,Groundnut,4.1,24.4,48.5,51.0,5.97,0.48,1105.2,29.5,Rainfed,8.67
Cuttack,East & South Eastern Coastal Plain,Sandy Loam,Rabi,Green Gram (Moong),1.5,0.0,38.3,18.3,6.35,0.6,141.1,26.6,Borewell,2.5
Koraput,Eastern Ghat High Land,Sandy Loam,Kharif,Maize,0.69,70.5,67.0,45.1,5.8,0.9,1388.8,23.5,Rainfed,13.94
Bargarh,Western Central Table Land,Alluvial,Kharif,Groundnut,1.49,0.0,60.9,44.7,6.97,0.66,1061.9,28.8,Canal,2.5
Ganjam,South Eastern Coastal Plain,Red Laterite,Kharif,Ragi (Mandia),3.58,25.3,42.2,9.4,6.38,0.51,1192.4,28.6,Borewell,4.27
Balasore,North Eastern Coastal Plain,Alluvial,Kharif,Paddy (Kharif),1.5,99.7,54.5,42.5,7.04,0.69,1184.3,28.0,Rainfed,22.68
Ganjam,South Eastern Coastal Plain,Alluvial,Kharif,Paddy (Kharif),0.58,83.2,34.1,61.2,6.34,0.75,781.2,28.1,Rainfed,24.15
Balasore,North Eastern Coastal Plain,Alluvial,Rabi,Paddy (Rabi),1.34,94.4,62.0,49.4,6.47,0.93,146.5,21.9,Borewell,24.12
Sambalpur,Western Central Table Land,Red Laterite,Kharif,Paddy (Kharif),0.66,71.0,32.6,40.2,6.81,0.51,1742.8,29.7,Canal,23.93
Bargarh,Western Central Table Land,Alluvial,Kharif,Groundnut,1.19,24.5,51.2,53.5,6.36,0.34,1241.0,29.5,Canal,11.14
Kalahandi,Western Undulating Zone,Red Laterite,Kharif,Ragi (Mandia),3.27,49.6,40.9,53.5,6.75,0.52,848.7,34.5,Borewell,8.84
Cuttack,East & South Eastern Coastal Plain,Alluvial,Rabi,Paddy (Rabi),0.74,144.8,67.5,52.1,6.51,0.71,259.5,26.6,Borewell,35.96
Cuttack,East & South Eastern Coastal Plain,Sandy Loam,Rabi,Paddy (Rabi),1.94,131.8,75.3,75.9,6.01,0.2,240.1,23.4,Borewell,32.54
Sambalpur,Western Central Table Land,Black Soil,Kharif,Paddy (Kharif),1.17,110.8,31.8,38.9,7.09,0.37,1318.1,30.3,Canal,15.77
Bargarh,Western Central Table Land,Black Soil,Rabi,Paddy (Rabi),6.39,107.1,56.7,42.2,6.45,0.58,186.3,23.5,Canal,26.2
Ganjam,South Eastern Coastal Plain,Red Laterite,Kharif,Ragi (Mandia),2.34,66.1,17.6,12.2,6.62,0.65,959.8,30.0,Borewell,5.69
Mayurbhanj,North Central Plateau,Red Laterite,Kharif,Ragi (Mandia),1.99,53.1,29.6,28.1,5.24,0.44,1599.6,26.9,Rainfed,11.46
Bargarh,Western Central Table Land,Alluvial,Kharif,Groundnut,3.08,30.5,61.6,78.3,6.63,0.67,1088.1,28.4,Canal,16.33
Cuttack,East & South Eastern Coastal Plain,Sandy Loam,Rabi,Green Gram (Moong),0.98,23.1,44.0,4.6,6.75,0.65,153.3,23.8,Borewell,2.5
Bargarh,Western Central Table Land,Black Soil,Rabi,Paddy (Rabi),1.62,82.1,32.0,55.9,6.85,0.55,110.3,24.9,Canal,16.33
Mayurbhanj,North Central Plateau,Red Laterite,Rabi,Mustard,2.85,67.5,26.8,42.4,5.99,0.7,128.3,24.1,Borewell,6.92
Sundargarh,North Western Plateau,Sandy Loam,Kharif,Ragi (Mandia),2.48,62.3,33.6,28.9,6.14,0.62,1597.8,25.1,Rainfed,9.99
Puri,East & South Eastern Coastal Plain,Coastal Saline,Rabi,Green Gram (Moong),3.54,2.6,61.6,47.2,7.13,0.64,69.1,28.4,Rainfed,3.12
Sambalpur,Western Central Table Land,Red Laterite,Kharif,Maize,2.62,123.6,55.3,35.8,6.45,0.5,1694.8,29.6,Rainfed,16.21
Cuttack,East & South Eastern Coastal Plain,Sandy Loam,Kharif,Paddy (Kharif),1.39,109.2,40.8,45.0,6.67,0.68,1642.1,26.8,Borewell,18.86
Sambalpur,Western Central Table Land,Red Laterite,Rabi,Paddy (Rabi),1.15,127.8,57.5,33.0,6.19,0.48,102.9,23.1,Canal,22.51
Puri,East & South Eastern Coastal Plain,Coastal Saline,Rabi,Paddy (Rabi),0.91,111.7,27.1,28.8,7.68,0.54,118.1,22.5,Borewell,13.93
Kalahandi,Western Undulating Zone,Black Soil,Kharif,Maize,2.14,98.8,20.8,28.5,6.09,0.53,745.8,29.1,Rainfed,8.47
Cuttack,East & South Eastern Coastal Plain,Alluvial,Rabi,Green Gram (Moong),2.55,16.7,27.2,0.0,6.54,0.39,45.2,22.7,Borewell,2.5
Sundargarh,North Western Plateau,Red Laterite,Kharif,Ragi (Mandia),1.64,95.2,12.8,30.9,5.05,0.61,1359.4,26.0,Rainfed,7.79
Puri,East & South Eastern Coastal Plain,Coastal Saline,Rabi,Green Gram (Moong),2.06,48.2,47.1,19.8,7.07,0.55,234.0,21.2,Borewell,6.92
Puri,East & South Eastern Coastal Plain,Alluvial,Rabi,Paddy (Rabi),2.8,101.2,33.2,38.0,7.53,0.36,172.0,22.3,Borewell,22.19
Mayurbhanj,North Central Plateau,Red Laterite,Kharif,Ragi (Mandia),2.63,34.8,27.8,9.4,6.43,0.73,1058.8,27.0,Borewell,5.19
Ganjam,South Eastern Coastal Plain,Alluvial,Kharif,Paddy (Kharif),1.74,81.0,39.1,45.2,7.18,0.63,1138.2,24.8,Rainfed,15.26
Cuttack,East & South Eastern Coastal Plain,Sandy Loam,Kharif,Paddy (Kharif),1.42,116.2,49.2,49.8,6.65,0.59,1287.9,27.4,Rainfed,21.11
Kalahandi,Western Undulating Zone,Red Laterite,Kharif,Groundnut,0.57,26.0,31.1,69.8,6.68,0.4,1100.1,27.6,Rainfed,10.89
Balasore,North Eastern Coastal Plain,Alluvial,Rabi,Mustard,3.61,50.7,39.7,27.7,6.28,0.58,188.1,25.1,Borewell,5.77
Bargarh,Western Central Table Land,Alluvial,Kharif,Groundnut,2.49,8.6,53.3,24.7,6.92,0.39,1256.6,27.7,Canal,4.81
Balasore,North Eastern Coastal Plain,Alluvial,Kharif,Paddy (Kharif),1.32,98.3,68.3,60.1,6.14,0.66,1051.2,27.8,Borewell,30.17
Koraput,Eastern Ghat High Land,Red Laterite,Kharif,Ragi (Mandia),3.52,63.8,23.0,7.5,5.24,0.45,1565.4,25.0,Borewell,7.12
Bargarh,Western Central Table Land,Black Soil,Kharif,Groundnut,1.39,49.0,56.3,33.4,7.35,0.44,1314.1,28.9,Canal,6.48
Ganjam,South Eastern Coastal Plain,Alluvial,Kharif,Groundnut,1.46,42.7,52.2,56.1,6.87,0.46,1264.9,29.4,Borewell,12.46
Ganjam,South Eastern Coastal Plain,Alluvial,Kharif,Groundnut,1.86,11.9,34.4,33.1,7.0,0.64,1094.7,28.0,Rainfed,2.5
Kalahandi,Western Undulating Zone,Red Laterite,Kharif,Groundnut,1.79,11.4,29.0,65.9,6.42,0.27,948.6,29.0,Rainfed,8.89
Koraput,Eastern Ghat High Land,Sandy Loam,Kharif,Ragi (Mandia),1.61,58.5,26.1,32.2,5.32,0.82,1420.9,24.5,Rainfed,9.17
Ganjam,South Eastern Coastal Plain,Alluvial,Kharif,Paddy (Kharif),1.29,88.5,40.5,25.8,6.42,0.67,1234.5,29.1,Borewell,13.74
Bargarh,Western Central Table Land,Black Soil,Kharif,Groundnut,1.07,0.0,64.6,55.7,6.39,0.69,1143.3,28.4,Rainfed,2.5
Cuttack,East & South Eastern Coastal Plain,Sandy Loam,Rabi,Mustard,3.63,71.6,26.6,36.9,6.53,0.52,144.7,24.0,Rainfed,7.96
Kalahandi,Western Undulating Zone,Red Laterite,Kharif,Ragi (Mandia),0.85,32.0,25.6,13.1,5.58,0.71,834.1,28.2,Borewell,4.74
Sundargarh,North Western Plateau,Sandy Loam,Rabi,Mustard,2.05,74.6,22.6,19.8,5.24,0.3,125.0,21.0,Rainfed,2.5
Balasore,North Eastern Coastal Plain,Sandy Loam,Rabi,Paddy (Rabi),0.58,83.5,65.1,32.0,6.58,0.32,133.8,24.6,Rainfed,16.03
Koraput,Eastern Ghat High Land,Red Laterite,Kharif,Ragi (Mandia),1.07,15.9,43.2,32.5,5.83,0.45,1167.4,25.2,Rainfed,6.49
Ganjam,South Eastern Coastal Plain,Red Laterite,Kharif,Paddy (Kharif),1.78,86.7,58.3,49.7,6.81,0.68,1467.2,28.8,Borewell,26.71
Mayurbhanj,North Central Plateau,Red Laterite,Rabi,Mustard,0.74,31.1,43.7,55.3,5.3,0.48,76.6,21.8,Borewell,2.83
Puri,East & South Eastern Coastal Plain,Alluvial,Rabi,Green Gram (Moong),0.6,19.2,37.6,15.6,7.31,0.3,98.2,30.0,Borewell,3.9
Koraput,Eastern Ghat High Land,Sandy Loam,Kharif,Ragi (Mandia),1.32,58.7,11.1,10.9,5.29,0.64,1394.4,25.1,Rainfed,3.69
Sundargarh,North Western Plateau,Red Laterite,Kharif,Ragi (Mandia),0.51,25.6,13.5,53.7,4.47,0.53,1146.8,25.8,Borewell,4.82
Cuttack,East & South Eastern Coastal Plain,Sandy Loam,Rabi,Paddy (Rabi),1.2,111.2,46.4,50.6,6.46,0.26,130.2,22.6,Borewell,21.32
Sambalpur,Western Central Table Land,Red Laterite,Rabi,Paddy (Rabi),3.38,99.6,68.2,49.6,6.42,0.68,90.9,23.9,Canal,28.42
Kalahandi,Western Undulating Zone,Red Laterite,Kharif,Maize,1.77,82.3,43.2,56.3,6.46,0.48,1825.7,29.4,Rainfed,17.22
Cuttack,East & South Eastern Coastal Plain,Alluvial,Kharif,Paddy (Kharif),1.57,48.0,47.7,50.9,6.41,0.5,1547.0,27.1,Rainfed,15.2
Sundargarh,North Western Plateau,Sandy Loam,Rabi,Mustard,0.86,65.7,31.0,40.5,5.68,0.63,121.8,22.1,Rainfed,7.44
Ganjam,South Eastern Coastal Plain,Alluvial,Kharif,Ragi (Mandia),6.4,24.4,34.7,41.3,7.37,0.65,1408.2,26.8,Borewell,5.94
Puri,East & South Eastern Coastal Plain,Coastal Saline,Kharif,Paddy (Kharif),0.71,127.0,47.0,11.9,7.37,0.71,1606.7,28.1,Borewell,14.68
Sundargarh,North Western Plateau,Sandy Loam,Rabi,Mustard,0.73,44.4,23.0,38.3,5.23,0.41,202.6,24.0,Rainfed,6.0
Sundargarh,North Western Plateau,Sandy Loam,Kharif,Ragi (Mandia),2.15,61.4,5.5,0.0,5.92,0.73,1478.7,28.7,Borewell,2.5
Koraput,Eastern Ghat High Land,Red Laterite,Kharif,Maize,2.79,94.6,51.4,43.4,5.6,0.57,998.6,23.3,Rainfed,15.84
Balasore,North Eastern Coastal Plain,Alluvial,Kharif,Paddy (Kharif),4.94,119.3,53.8,30.9,6.64,0.45,1974.5,29.5,Borewell,25.94
Sambalpur,Western Central Table Land,Black Soil,Rabi,Paddy (Rabi),2.25,139.3,48.3,56.4,6.44,0.6,202.7,26.2,Canal,23.61
Puri,East & South Eastern Coastal Plain,Alluvial,Kharif,Paddy (Kharif),1.89,72.1,39.5,66.9,6.42,0.62,1367.8,25.9,Rainfed,21.42
Sundargarh,North Western Plateau,Red Laterite,Kharif,Ragi (Mandia),1.43,76.0,31.9,15.2,5.75,0.7,1668.9,27.4,Rainfed,10.64
Kalahandi,Western Undulating Zone,Black Soil,Kharif,Ragi (Mandia),0.88,29.9,6.4,9.2,5.95,0.68,884.7,29.3,Rainfed,2.5
Bargarh,Western Central Table Land,Alluvial,Kharif,Paddy (Kharif),2.22,72.3,54.2,70.2,6.08,0.54,1055.2,26.9,Canal,28.39
Ganjam,South Eastern Coastal Plain,Alluvial,Rabi,Green Gram (Moong),0.49,83.9,26.9,33.2,6.68,0.68,198.3,22.7,Rainfed,6.96
Ganjam,South Eastern Coastal Plain,Alluvial,Kharif,Ragi (Mandia),1.92,65.0,25.2,28.2,6.63,0.54,1249.6,27.8,Rainfed,10.71
Bargarh,Western Central Table Land,Black Soil,Kharif,Groundnut,2.41,11.6,63.1,57.9,6.75,0.41,1286.1,30.8,Canal,8.83
Cuttack,East & South Eastern Coastal Plain,Alluvial,Rabi,Paddy (Rabi),1.37,112.6,40.6,74.4,6.63,0.52,158.0,25.4,Rainfed,28.12
Mayurbhanj,North Central Plateau,Red Laterite,Kharif,Maize,3.14,124.8,49.8,46.1,5.89,0.55,1231.8,25.7,Rainfed,10.87
Sundargarh,North Western Plateau,Red Laterite,Rabi,Mustard,1.02,81.4,15.9,27.0,5.24,0.62,105.6,22.2,Rainfed,4.74
Koraput,Eastern Ghat High Land,Red Laterite,Kharif,Maize,3.76,97.1,52.3,64.8,5.01,0.59,2007.7,24.7,Rainfed,13.39
Mayurbhanj,North Central Plateau,Red Laterite,Kharif,Paddy (Kharif),2.01,72.2,56.2,54.8,5.83,0.41,1214.5,28.5,Rainfed,23.97
Kalahandi,Western Undulating Zone,Black Soil,Kharif,Groundnut,1.92,0.0,69.1,34.6,5.89,0.53,801.5,27.5,Borewell,2.5
Kalahandi,Western Undulating Zone,Red Laterite,Kharif,Maize,2.12,94.2,38.3,27.8,6.52,0.51,990.7,29.6,Borewell,9.74
Balasore,North Eastern Coastal Plain,Sandy Loam,Kharif,Groundnut,0.97,23.0,57.2,52.7,5.73,0.39,1690.1,25.8,Borewell,12.12
Mayurbhanj,North Central Plateau,Sandy Loam,Kharif,Maize,2.51,80.8,65.9,41.9,5.98,0.51,1744.1,25.4,Borewell,19.71
Sundargarh,North Western Plateau,Red Laterite,Rabi,Mustard,1.12,44.3,41.0,38.1,5.35,0.33,152.4,20.9,Rainfed,5.17
Sambalpur,Western Central Table Land,Black Soil,Rabi,Green Gram (Moong),4.43,2.4,35.8,2.1,6.78,0.67,177.9,24.5,Canal,2.5
Koraput,Eastern Ghat High Land,Red Laterite,Kharif,Ragi (Mandia),2.39,61.9,17.8,1.8,5.62,0.33,1426.0,22.8,Rainfed,2.5
Puri,East & South Eastern Coastal Plain,Alluvial,Kharif,Groundnut,0.58,0.0,58.6,52.9,7.34,0.41,1250.1,28.2,Borewell,2.5
Sambalpur,Western Central Table Land,Red Laterite,Kharif,Maize,0.55,75.7,70.3,33.5,6.05,0.55,956.2,28.7,Canal,15.09
Bargarh,Western Central Table Land,Alluvial,Kharif,Paddy (Kharif),2.19,80.2,35.8,37.2,6.56,0.57,1399.4,28.1,Rainfed,19.28
Puri,East & South Eastern Coastal Plain,Coastal Saline,Kharif,Groundnut,1.12,59.8,45.2,48.2,7.28,0.44,1083.5,29.6,Rainfed,5.54
Sundargarh,North Western Plateau,Sandy Loam,Kharif,Ragi (Mandia),0.81,77.2,37.5,18.9,5.31,0.58,1237.3,26.1,Borewell,6.26
Cuttack,East & South Eastern Coastal Plain,Sandy Loam,Kharif,Paddy (Kharif),2.65,103.6,46.2,50.3,6.6,0.65,1476.1,26.8,Borewell,28.75
Balasore,North Eastern Coastal Plain,Sandy Loam,Kharif,Groundnut,0.99,16.7,57.8,25.4,5.85,0.59,1389.8,24.7,Borewell,5.87
Puri,East & South Eastern Coastal Plain,Alluvial,Kharif,Groundnut,3.83,22.8,38.6,46.2,6.64,0.35,1426.1,28.1,Rainfed,4.95
Kalahandi,Western Undulating Zone,Black Soil,Kharif,Ragi (Mandia),1.61,56.8,32.5,24.9,5.57,0.58,927.9,29.1,Rainfed,12.07
Sundargarh,North Western Plateau,Sandy Loam,Rabi,Mustard,1.68,9.3,46.4,19.9,5.11,0.72,256.0,22.2,Rainfed,2.5
Mayurbhanj,North Central Plateau,Red Laterite,Kharif,Maize,1.57,106.3,65.2,64.0,5.82,0.48,1348.6,26.6,Rainfed,18.37
Kalahandi,Western Undulating Zone,Black Soil,Kharif,Groundnut,3.77,7.4,42.9,55.0,5.98,0.43,1376.1,34.6,Rainfed,2.5
Mayurbhanj,North Central Plateau,Sandy Loam,Rabi,Mustard,2.1,13.9,16.1,16.9,5.78,0.52,214.2,20.7,Rainfed,2.5
Sundargarh,North Western Plateau,Sandy Loam,Rabi,Mustard,2.19,20.5,37.1,0.0,4.43,0.55,149.2,25.9,Borewell,2.5
Balasore,North Eastern Coastal Plain,Sandy Loam,Kharif,Groundnut,1.26,17.2,76.4,55.6,6.57,0.54,1232.4,27.5,Rainfed,9.38
Cuttack,East & South Eastern Coastal Plain,Sandy Loam,Rabi,Mustard,1.67,54.5,24.0,16.3,6.98,0.69,54.3,24.4,Rainfed,4.17
Cuttack,East & South Eastern Coastal Plain,Alluvial,Rabi,Paddy (Rabi),1.24,123.8,68.0,54.5,7.1,0.52,77.6,25.2,Borewell,31.85
Bargarh,Western Central Table Land,Alluvial,Kharif,Paddy (Kharif),0.51,99.9,52.7,40.6,7.26,0.33,1412.0,31.1,Rainfed,15.32
Ganjam,South Eastern Coastal Plain,Alluvial,Kharif,Ragi (Mandia),0.33,72.2,9.8,33.6,6.94,0.76,1845.1,30.2,Rainfed,4.65
Koraput,Eastern Ghat High Land,Red Laterite,Kharif,Maize,0.69,71.0,47.0,62.4,5.34,0.3,1546.4,24.7,Borewell,16.79
Puri,East & South Eastern Coastal Plain,Alluvial,Kharif,Groundnut,1.17,0.0,53.5,32.4,7.49,0.35,1443.7,25.8,Rainfed,2.5
Ganjam,South Eastern Coastal Plain,Red Laterite,Rabi,Green Gram (Moong),1.49,49.5,50.9,22.3,7.05,0.78,93.1,23.3,Borewell,3.94
Ganjam,South Eastern Coastal Plain,Red Laterite,Kharif,Groundnut,2.9,0.0,54.8,29.2,6.39,0.71,1151.0,29.7,Borewell,2.5
Sambalpur,Western Central Table Land,Red Laterite,Kharif,Maize,0.49,91.6,52.9,28.7,6.59,0.71,1562.8,25.3,Rainfed,15.59
Puri,East & South Eastern Coastal Plain,Alluvial,Rabi,Green Gram (Moong),3.18,38.5,32.9,40.4,7.66,0.53,275.6,25.2,Rainfed,5.0
Bargarh,Western Central Table Land,Alluvial,Rabi,Paddy (Rabi),0.89,106.4,50.8,23.6,6.52,0.51,151.9,25.0,Canal,17.78
Kalahandi,Western Undulating Zone,Red Laterite,Kharif,Maize,1.89,64.1,60.1,45.0,6.62,0.69,1382.3,31.0,Rainfed,19.4
Mayurbhanj,North Central Plateau,Red Laterite,Kharif,Maize,0.75,56.4,40.4,52.6,5.67,0.63,1615.7,26.7,Borewell,13.96
Puri,East & South Eastern Coastal Plain,Coastal Saline,Kharif,Paddy (Kharif),0.65,127.8,48.1,33.0,7.22,0.53,1404.6,28.8,Borewell,21.04
Sambalpur,Western Central Table Land,Red Laterite,Rabi,Green Gram (Moong),0.99,0.0,39.7,8.5,6.53,0.35,180.7,22.0,Canal,2.5
Sundargarh,North Western Plateau,Sandy Loam,Kharif,Ragi (Mandia),0.76,55.3,13.4,31.4,5.14,0.53,1443.0,26.7,Rainfed,9.19
Koraput,Eastern Ghat High Land,Red Laterite,Kharif,Maize,0.95,95.2,54.6,49.0,5.02,0.54,1590.6,26.7,Borewell,15.88
Mayurbhanj,North Central Plateau,Sandy Loam,Kharif,Paddy (Kharif),0.99,66.6,62.5,61.1,5.82,0.48,1633.4,26.6,Rainfed,9.57
Bargarh,Western Central Table Land,Black Soil,Kharif,Groundnut,2.02,44.9,43.4,68.2,6.29,0.57,1165.5,30.7,Canal,14.3
Cuttack,East & South Eastern Coastal Plain,Sandy Loam,Kharif,Paddy (Kharif),2.44,88.3,55.0,77.8,6.86,0.5,1425.8,28.9,Rainfed,27.44
Mayurbhanj,North Central Plateau,Red Laterite,Kharif,Ragi (Mandia),0.9,78.9,35.5,22.8,5.24,0.52,1467.8,26.8,Rainfed,9.0
Ganjam,South Eastern Coastal Plain,Red Laterite,Kharif,Paddy (Kharif),1.91,93.2,35.5,60.2,6.52,0.37,1436.8,28.1,Borewell,24.38
Koraput,Eastern Ghat High Land,Red Laterite,Kharif,Ragi (Mandia),1.26,40.0,31.2,33.6,5.7,0.73,1260.5,23.1,Rainfed,9.19
Bargarh,Western Central Table Land,Alluvial,Rabi,Paddy (Rabi),1.61,133.1,39.3,54.9,7.1,0.44,231.1,25.1,Canal,23.85
Puri,East & South Eastern Coastal Plain,Alluvial,Rabi,Green Gram (Moong),0.86,15.8,52.0,19.6,7.17,0.68,165.3,23.1,Rainfed,4.23
Mayurbhanj,North Central Plateau,Red Laterite,Kharif,Maize,1.46,102.1,63.4,49.3,6.02,0.59,1498.8,27.1,Rainfed,24.43
Sambalpur,Western Central Table Land,Red Laterite,Rabi,Paddy (Rabi),1.52,74.5,31.2,50.2,6.34,0.64,217.1,25.0,Canal,24.04
Cuttack,East & South Eastern Coastal Plain,Alluvial,Rabi,Mustard,0.86,28.9,2.4,25.0,6.65,0.4,238.6,26.0,Rainfed,2.5
Sundargarh,North Western Plateau,Red Laterite,Kharif,Ragi (Mandia),1.99,48.3,38.8,8.0,5.3,0.38,1132.4,27.2,Rainfed,2.5
Puri,East & South Eastern Coastal Plain,Alluvial,Kharif,Groundnut,3.87,10.8,43.2,48.8,6.98,0.41,1849.7,29.3,Borewell,3.66
Puri,East & South Eastern Coastal Plain,Coastal Saline,Kharif,Groundnut,0.91,36.3,49.1,57.6,6.72,0.67,1434.2,28.8,Rainfed,14.73
Puri,East & South Eastern Coastal Plain,Coastal Saline,Rabi,Green Gram (Moong),0.68,28.6,44.9,20.0,6.58,0.72,116.3,21.7,Rainfed,6.53
Puri,East & South Eastern Coastal Plain,Coastal Saline,Rabi,Green Gram (Moong),2.43,43.0,36.3,33.8,6.87,0.67,43.5,27.3,Rainfed,4.44
Bargarh,Western Central Table Land,Alluvial,Kharif,Groundnut,0.91,47.1,68.0,60.0,6.76,0.77,1256.4,30.1,Rainfed,11.07
Sambalpur,Western Central Table Land,Red Laterite,Kharif,Maize,0.72,112.0,58.5,8.9,6.67,0.55,1392.7,27.9,Canal,4.42
Mayurbhanj,North Central Plateau,Sandy Loam,Kharif,Maize,1.32,134.6,79.7,46.4,5.89,0.37,1424.1,23.8,Borewell,25.25
Cuttack,East & South Eastern Coastal Plain,Sandy Loam,Rabi,Paddy (Rabi),0.61,123.1,48.9,76.7,6.81,0.55,20.0,25.4,Rainfed,32.51
Bargarh,Western Central Table Land,Alluvial,Rabi,Paddy (Rabi),1.67,94.1,50.1,64.9,6.22,0.68,172.2,22.6,Rainfed,25.07
Ganjam,South Eastern Coastal Plain,Alluvial,Kharif,Groundnut,5.53,12.4,46.1,65.8,7.32,0.62,1080.7,27.9,Rainfed,8.18
Cuttack,East & South Eastern Coastal Plain,Alluvial,Rabi,Green Gram (Moong),3.77,12.0,19.8,17.9,6.21,0.54,202.8,21.2,Borewell,2.51
Mayurbhanj,North Central Plateau,Sandy Loam,Kharif,Maize,1.79,137.5,34.0,34.7,5.62,0.43,1567.3,26.7,Rainfed,12.79
Sambalpur,Western Central Table Land,Red Laterite,Rabi,Paddy (Rabi),0.62,100.7,53.9,76.3,7.38,0.49,89.6,24.6,Rainfed,25.38
Ganjam,South Eastern Coastal Plain,Red Laterite,Rabi,Green Gram (Moong),0.71,0.0,36.0,26.5,6.42,0.5,179.5,25.8,Borewell,2.5
Puri,East & South Eastern Coastal Plain,Alluvial,Rabi,Green Gram (Moong),1.14,28.7,26.0,28.8,7.1,0.54,126.1,26.6,Borewell,5.79
Sambalpur,Western Central Table Land,Red Laterite,Kharif,Paddy (Kharif),0.7,73.2,48.9,13.9,5.95,0.43,1295.1,27.8,Rainfed,8.98
Cuttack,East & South Eastern Coastal Plain,Alluvial,Kharif,Paddy (Kharif),1.49,63.4,34.7,57.3,6.42,0.36,1071.7,26.4,Borewell,21.55
Cuttack,East & South Eastern Coastal Plain,Sandy Loam,Kharif,Paddy (Kharif),1.04,47.0,59.9,31.3,6.69,0.36,1428.6,25.7,Rainfed,12.44
Sundargarh,North Western Plateau,Sandy Loam,Kharif,Ragi (Mandia),1.65,35.0,19.2,51.6,5.36,0.39,1330.5,29.0,Rainfed,9.03
Puri,East & South Eastern Coastal Plain,Alluvial,Kharif,Groundnut,1.7,9.8,56.6,45.1,7.25,0.51,1418.1,29.1,Rainfed,6.79
Cuttack,East & South Eastern Coastal Plain,Sandy Loam,Rabi,Green Gram (Moong),2.46,27.3,25.6,31.8,6.73,0.8,222.8,25.5,Borewell,3.98
Sundargarh,North Western Plateau,Red Laterite,Kharif,Ragi (Mandia),3.62,47.8,40.0,0.0,5.4,0.51,1224.4,27.6,Rainfed,2.5
Balasore,North Eastern Coastal Plain,Sandy Loam,Rabi,Mustard,1.42,62.9,40.4,33.4,5.6,0.65,179.4,24.5,Borewell,5.48
Mayurbhanj,North Central Plateau,Red Laterite,Rabi,Mustard,0.9,93.2,30.1,32.6,6.12,0.66,40.4,22.1,Rainfed,5.65
Sundargarh,North Western Plateau,Red Laterite,Rabi,Mustard,0.94,66.4,67.9,41.7,4.69,0.47,94.2,23.5,Borewell,5.21
Bargarh,Western Central Table Land,Black Soil,Rabi,Paddy (Rabi),1.36,107.5,37.1,32.1,6.82,0.66,102.8,20.4,Canal,11.71
Bargarh,Western Central Table Land,Black Soil,Kharif,Paddy (Kharif),3.43,96.1,49.5,35.6,6.77,0.58,1304.6,27.8,Canal,22.51
Koraput,Eastern Ghat High Land,Red Laterite,Kharif,Maize,2.5,106.7,77.4,30.6,5.11,0.47,1476.3,25.1,Rainfed,16.67
Bargarh,Western Central Table Land,Alluvial,Kharif,Groundnut,0.28,23.2,31.8,46.7,6.41,0.49,1149.8,28.2,Canal,5.75
Bargarh,Western Central Table Land,Black Soil,Kharif,Paddy (Kharif),1.22,79.1,47.6,45.4,5.87,0.73,1484.7,30.4,Rainfed,14.74
Mayurbhanj,North Central Plateau,Red Laterite,Rabi,Mustard,3.57,74.6,32.3,15.6,6.04,0.31,247.2,26.7,Borewell,3.16
Cuttack,East & South Eastern Coastal Plain,Sandy Loam,Kharif,Paddy (Kharif),1.66,152.6,46.7,34.3,6.67,0.47,1195.0,26.1,Borewell,24.54
Balasore,North Eastern Coastal Plain,Alluvial,Rabi,Green Gram (Moong),1.67,21.2,66.0,12.0,6.5,0.56,236.2,20.8,Borewell,5.25
Koraput,Eastern Ghat High Land,Sandy Loam,Kharif,Ragi (Mandia),3.32,17.8,41.9,49.7,5.69,0.81,996.5,22.8,Rainfed,7.28
Balasore,North Eastern Coastal Plain,Alluvial,Rabi,Paddy (Rabi),3.39,132.6,37.0,58.7,6.06,0.71,276.5,25.3,Borewell,28.17
Puri,East & South Eastern Coastal Plain,Coastal Saline,Kharif,Groundnut,1.21,25.4,68.9,34.1,7.0,0.48,1071.1,32.0,Borewell,12.18
Puri,East & South Eastern Coastal Plain,Coastal Saline,Kharif,Paddy (Kharif),0.82,74.8,73.2,46.9,7.7,0.79,1091.1,29.0,Borewell,16.23
Koraput,Eastern Ghat High Land,Red Laterite,Kharif,Ragi (Mandia),1.23,79.4,26.1,23.6,6.11,0.48,1342.1,23.0,Rainfed,7.99
Kalahandi,Western Undulating Zone,Red Laterite,Kharif,Ragi (Mandia),1.42,54.9,6.8,0.0,5.55,0.72,1484.9,30.5,Rainfed,2.5
Ganjam,South Eastern Coastal Plain,Red Laterite,Kharif,Paddy (Kharif),3.28,69.7,34.4,37.9,6.5,0.63,1541.8,25.6,Borewell,15.45
Bargarh,Western Central Table Land,Alluvial,Kharif,Groundnut,2.47,22.8,47.1,38.4,6.65,0.73,1124.2,28.5,Canal,8.65
Sambalpur,Western Central Table Land,Black Soil,Kharif,Paddy (Kharif),0.81,114.8,43.6,41.0,5.94,0.27,1312.3,25.9,Canal,18.79
Koraput,Eastern Ghat High Land,Sandy Loam,Kharif,Ragi (Mandia),1.68,85.7,29.9,12.6,5.07,0.69,920.4,24.7,Rainfed,9.68
Puri,East & South Eastern Coastal Plain,Alluvial,Kharif,Paddy (Kharif),1.01,89.5,58.3,66.8,7.06,0.39,1343.2,27.7,Borewell,24.5
Kalahandi,Western Undulating Zone,Black Soil,Kharif,Groundnut,2.6,18.9,53.4,40.3,5.92,0.45,1112.5,31.1,Rainfed,10.07
Ganjam,South Eastern Coastal Plain,Red Laterite,Rabi,Green Gram (Moong),0.76,37.9,39.0,39.0,6.34,0.79,65.1,24.5,Borewell,4.95
Balasore,North Eastern Coastal Plain,Sandy Loam,Rabi,Green Gram (Moong),0.76,12.0,44.2,9.4,6.67,0.71,225.7,23.3,Rainfed,2.54
Sambalpur,Western Central Table Land,Red Laterite,Kharif,Paddy (Kharif),0.74,101.0,56.9,45.8,6.59,0.47,1848.2,29.1,Canal,21.42
Ganjam,South Eastern Coastal Plain,Red Laterite,Kharif,Ragi (Mandia),1.02,52.1,15.5,0.0,6.66,0.61,1211.9,29.3,Borewell,2.5
Puri,East & South Eastern Coastal Plain,Coastal Saline,Rabi,Paddy (Rabi),1.19,68.8,46.5,60.9,6.7,0.73,189.3,25.3,Rainfed,18.76
Kalahandi,Western Undulating Zone,Red Laterite,Kharif,Groundnut,3.35,20.0,67.6,56.7,5.71,0.42,1288.0,28.0,Rainfed,9.58
Sambalpur,Western Central Table Land,Black Soil,Kharif,Paddy (Kharif),0.94,83.6,33.3,37.1,6.72,0.85,1149.4,27.6,Rainfed,24.19
Sambalpur,Western Central Table Land,Red Laterite,Kharif,Maize,3.57,64.5,24.6,71.2,6.53,0.58,1203.4,26.6,Canal,15.67
Cuttack,East & South Eastern Coastal Plain,Sandy Loam,Kharif,Paddy (Kharif),3.05,68.9,41.9,28.1,6.3,0.84,1544.8,25.6,Rainfed,13.94
Koraput,Eastern Ghat High Land,Red Laterite,Kharif,Maize,1.11,104.0,54.4,56.6,5.01,0.44,1427.1,25.1,Rainfed,14.14
Sambalpur,Western Central Table Land,Red Laterite,Kharif,Maize,3.41,81.5,49.4,46.3,6.95,0.39,1226.5,30.4,Canal,16.49
Cuttack,East & South Eastern Coastal Plain,Alluvial,Rabi,Green Gram (Moong),2.49,0.0,14.7,34.7,6.57,0.75,142.9,25.8,Rainfed,2.5
Koraput,Eastern Ghat High Land,Red Laterite,Kharif,Maize,4.08,70.2,18.4,61.8,5.41,0.44,1702.9,24.1,Rainfed,10.09
Balasore,North Eastern Coastal Plain,Alluvial,Rabi,Green Gram (Moong),2.12,36.2,44.6,22.0,6.08,0.63,182.6,25.0,Borewell,6.8
Kalahandi,Western Undulating Zone,Red Laterite,Kharif,Ragi (Mandia),1.76,40.7,38.8,14.2,6.38,0.71,1396.0,27.9,Borewell,8.81
Sambalpur,Western Central Table Land,Black Soil,Rabi,Green Gram (Moong),1.77,39.4,22.2,32.9,6.14,0.19,174.0,25.0,Canal,5.06
Mayurbhanj,North Central Plateau,Red Laterite,Kharif,Maize,2.04,97.7,52.6,57.1,5.52,0.61,1226.7,27.6,Borewell,18.94
Mayurbhanj,North Central Plateau,Red Laterite,Kharif,Maize,1.15,136.2,40.8,10.5,5.94,0.32,1409.3,27.6,Borewell,8.14
Mayurbhanj,North Central Plateau,Red Laterite,Kharif,Ragi (Mandia),1.13,48.6,18.3,15.2,5.89,0.35,1860.0,26.0,Borewell,7.44
Cuttack,East & South Eastern Coastal Plain,Sandy Loam,Rabi,Green Gram (Moong),1.69,53.9,28.9,20.2,7.25,0.58,179.9,24.4,Borewell,2.5
Cuttack,East & South Eastern Coastal Plain,Sandy Loam,Rabi,Green Gram (Moong),2.03,6.3,34.4,27.5,7.03,0.53,335.2,22.8,Borewell,2.99
Ganjam,South Eastern Coastal Plain,Alluvial,Kharif,Ragi (Mandia),3.9,34.6,17.4,15.9,6.62,0.55,1201.8,29.7,Borewell,3.88
Puri,East & South Eastern Coastal Plain,Alluvial,Kharif,Groundnut,2.39,21.3,44.7,54.3,6.98,0.7,1444.9,28.8,Rainfed,9.82
Bargarh,Western Central Table Land,Alluvial,Kharif,Paddy (Kharif),1.62,130.9,51.6,38.3,6.33,0.61,1143.2,28.2,Canal,20.84
Puri,East & South Eastern Coastal Plain,Alluvial,Rabi,Green Gram (Moong),2.83,25.0,31.0,8.4,7.0,0.71,133.5,28.5,Rainfed,2.5
Ganjam,South Eastern Coastal Plain,Alluvial,Kharif,Paddy (Kharif),1.09,107.0,19.8,48.2,6.76,0.51,999.3,28.1,Borewell,15.4
Cuttack,East & South Eastern Coastal Plain,Sandy Loam,Rabi,Green Gram (Moong),0.57,49.7,39.2,4.2,6.35,0.6,172.5,24.1,Borewell,3.13
Cuttack,East & South Eastern Coastal Plain,Sandy Loam,Rabi,Mustard,0.85,61.0,19.6,24.0,6.74,0.46,155.0,20.1,Borewell,2.5
Sundargarh,North Western Plateau,Red Laterite,Rabi,Mustard,2.72,20.4,41.0,11.7,5.23,0.33,176.8,24.7,Borewell,5.4
Balasore,North Eastern Coastal Plain,Alluvial,Rabi,Paddy (Rabi),1.44,133.9,77.3,53.3,6.73,0.77,185.7,21.9,Borewell,32.11
Puri,East & South Eastern Coastal Plain,Alluvial,Kharif,Groundnut,0.47,0.0,65.9,41.2,6.9,0.8,1082.3,29.5,Rainfed,3.0
Puri,East & South Eastern Coastal Plain,Alluvial,Kharif,Groundnut,0.88,34.0,66.2,44.2,7.19,0.34,1573.2,27.6,Borewell,14.18
Kalahandi,Western Undulating Zone,Black Soil,Kharif,Maize,1.57,103.4,63.8,44.6,6.8,0.62,817.2,30.3,Rainfed,19.31
Sambalpur,Western Central Table Land,Black Soil,Rabi,Paddy (Rabi),0.72,132.2,68.8,34.0,7.06,0.26,124.9,27.1,Canal,22.54
Kalahandi,Western Undulating Zone,Black Soil,Kharif,Ragi (Mandia),0.65,54.3,15.3,49.3,5.57,0.62,1080.8,29.4,Rainfed,8.0
Balasore,North Eastern Coastal Plain,Sandy Loam,Rabi,Mustard,1.11,82.4,38.5,21.2,6.47,0.39,115.4,21.5,Rainfed,7.51
Sambalpur,Western Central Table Land,Red Laterite,Rabi,Paddy (Rabi),2.23,104.9,27.9,29.7,6.85,0.48,134.0,27.1,Rainfed,10.54
Ganjam,South Eastern Coastal Plain,Alluvial,Kharif,Paddy (Kharif),0.97,53.4,21.0,34.2,6.7,0.53,1540.5,28.1,Borewell,8.06
Koraput,Eastern Ghat High Land,Red Laterite,Kharif,Ragi (Mandia),2.35,61.4,26.3,36.5,5.75,0.6,1392.3,24.3,Rainfed,7.72
Koraput,Eastern Ghat High Land,Sandy Loam,Kharif,Ragi (Mandia),3.69,75.6,20.4,3.7,5.72,0.51,1233.0,22.5,Rainfed,2.5
Ganjam,South Eastern Coastal Plain,Red Laterite,Kharif,Paddy (Kharif),0.69,66.1,18.9,40.3,7.53,0.49,1501.1,27.3,Borewell,8.58
Balasore,North Eastern Coastal Plain,Alluvial,Rabi,Paddy (Rabi),0.71,102.7,32.1,60.4,6.07,0.4,161.8,21.5,Rainfed,20.83
Balasore,North Eastern Coastal Plain,Sandy Loam,Kharif,Groundnut,1.69,31.6,51.8,46.2,5.99,0.44,1562.0,28.5,Rainfed,14.01
Puri,East & South Eastern Coastal Plain,Coastal Saline,Rabi,Green Gram (Moong),1.83,0.0,35.0,35.1,6.84,0.37,169.5,22.3,Borewell,2.5
Sambalpur,Western Central Table Land,Black Soil,Kharif,Paddy (Kharif),1.66,99.6,41.6,41.2,6.45,0.39,1404.0,28.2,Rainfed,17.61
Kalahandi,Western Undulating Zone,Red Laterite,Kharif,Maize,0.29,119.0,55.6,27.6,5.83,0.65,1186.0,27.1,Rainfed,12.74
Sundargarh,North Western Plateau,Red Laterite,Kharif,Ragi (Mandia),1.0,12.9,4.2,23.4,5.44,0.72,1604.3,25.0,Rainfed,4.06
Balasore,North Eastern Coastal Plain,Alluvial,Rabi,Paddy (Rabi),0.81,91.4,52.1,52.1,6.61,0.8,82.2,21.1,Borewell,29.86
Mayurbhanj,North Central Plateau,Red Laterite,Rabi,Mustard,1.85,104.3,41.6,38.3,5.34,0.42,162.6,25.0,Rainfed,9.32
Mayurbhanj,North Central Plateau,Red Laterite,Kharif,Paddy (Kharif),1.56,104.2,49.4,35.8,5.12,0.55,1910.1,26.5,Rainfed,14.91
Sundargarh,North Western Plateau,Sandy Loam,Kharif,Ragi (Mandia),2.46,49.7,30.9,46.8,5.62,0.57,1581.2,30.9,Rainfed,8.04
Bargarh,Western Central Table Land,Alluvial,Kharif,Groundnut,0.86,6.5,70.1,61.2,6.95,0.81,1224.1,29.4,Canal,3.73
Koraput,Eastern Ghat High Land,Sandy Loam,Kharif,Ragi (Mandia),1.75,43.0,28.6,15.3,4.77,0.34,1473.7,22.3,Rainfed,5.16
Kalahandi,Western Undulating Zone,Red Laterite,Kharif,Maize,0.52,85.9,39.6,35.6,6.66,0.55,1476.8,29.9,Rainfed,16.87
Sambalpur,Western Central Table Land,Black Soil,Rabi,Paddy (Rabi),0.93,129.8,32.9,58.6,6.01,0.49,234.3,25.8,Canal,15.93
Kalahandi,Western Undulating Zone,Red Laterite,Kharif,Maize,1.11,134.0,50.3,46.3,6.39,0.55,1508.7,28.4,Borewell,19.51
Mayurbhanj,North Central Plateau,Red Laterite,Kharif,Ragi (Mandia),2.96,58.9,39.8,12.2,6.12,0.81,1497.1,23.5,Borewell,9.32
Koraput,Eastern Ghat High Land,Sandy Loam,Kharif,Maize,2.56,141.0,38.7,49.4,6.42,0.37,1379.7,25.6,Borewell,24.09
Balasore,North Eastern Coastal Plain,Alluvial,Rabi,Green Gram (Moong),0.7,11.0,9.4,0.0,6.24,0.37,181.4,21.9,Borewell,2.5
Bargarh,Western Central Table Land,Black Soil,Kharif,Groundnut,1.68,37.3,53.6,41.6,7.37,0.52,1237.1,28.8,Canal,9.24
Puri,East & South Eastern Coastal Plain,Alluvial,Kharif,Groundnut,1.46,30.0,55.9,79.9,7.45,0.68,1373.1,25.8,Borewell,8.17
Sundargarh,North Western Plateau,Sandy Loam,Rabi,Mustard,0.98,50.7,6.1,56.7,4.76,0.72,165.2,20.8,Borewell,2.5
Bargarh,Western Central Table Land,Black Soil,Kharif,Paddy (Kharif),0.54,66.8,57.3,56.2,6.6,0.81,1480.7,26.8,Canal,32.07
Bargarh,Western Central Table Land,Black Soil,Rabi,Paddy (Rabi),3.04,125.8,39.6,64.3,7.04,0.48,177.0,27.5,Canal,25.79
Sundargarh,North Western Plateau,Sandy Loam,Rabi,Mustard,2.4,40.2,34.6,51.6,5.21,1.02,180.7,25.7,Borewell,4.44
Mayurbhanj,North Central Plateau,Red Laterite,Kharif,Paddy (Kharif),1.55,50.0,42.8,45.1,5.55,0.48,1510.1,25.8,Rainfed,7.79
Ganjam,South Eastern Coastal Plain,Alluvial,Kharif,Paddy (Kharif),2.26,111.0,58.1,16.9,7.16,0.32,1005.3,27.8,Rainfed,14.79
Puri,East & South Eastern Coastal Plain,Alluvial,Rabi,Paddy (Rabi),1.49,135.2,64.6,43.8,7.13,0.42,152.5,22.3,Borewell,27.98
Ganjam,South Eastern Coastal Plain,Red Laterite,Rabi,Green Gram (Moong),1.87,46.5,45.1,24.4,6.31,0.69,48.6,23.8,Rainfed,9.44
Sambalpur,Western Central Table Land,Black Soil,Rabi,Paddy (Rabi),1.77,95.8,37.1,45.7,6.97,0.6,125.9,24.7,Canal,21.24
Ganjam,South Eastern Coastal Plain,Alluvial,Kharif,Paddy (Kharif),1.06,122.1,67.4,75.0,6.2,0.57,1088.4,26.8,Borewell,29.75
Sundargarh,North Western Plateau,Red Laterite,Kharif,Ragi (Mandia),3.08,36.0,20.3,12.5,5.64,0.4,1469.0,30.2,Borewell,6.69
Kalahandi,Western Undulating Zone,Black Soil,Kharif,Groundnut,1.98,38.5,48.5,62.2,6.46,0.59,728.9,29.2,Rainfed,9.73
Balasore,North Eastern Coastal Plain,Alluvial,Rabi,Paddy (Rabi),1.11,78.8,66.8,46.9,6.06,0.7,132.9,23.8,Borewell,20.72
Puri,East & South Eastern Coastal Plain,Alluvial,Kharif,Groundnut,5.31,39.6,49.4,38.4,7.73,0.7,1223.2,27.8,Rainfed,8.79
Bargarh,Western Central Table Land,Black Soil,Kharif,Paddy (Kharif),0.53,134.4,52.6,47.4,7.55,0.53,1288.8,26.7,Canal,19.19
Kalahandi,Western Undulating Zone,Red Laterite,Kharif,Groundnut,1.69,46.2,51.7,68.0,5.69,0.59,1104.5,29.5,Rainfed,8.79
Ganjam,South Eastern Coastal Plain,Red Laterite,Kharif,Paddy (Kharif),0.57,104.7,38.5,65.1,6.79,0.72,1450.0,27.0,Rainfed,25.66
Mayurbhanj,North Central Plateau,Sandy Loam,Kharif,Maize,1.25,121.8,33.5,20.3,5.99,0.5,1738.7,23.5,Rainfed,11.99
Kalahandi,Western Undulating Zone,Red Laterite,Kharif,Maize,2.56,103.0,65.8,33.5,5.75,0.7,925.3,29.9,Borewell,19.74
Sundargarh,North Western Plateau,Sandy Loam,Kharif,Ragi (Mandia),1.19,87.0,42.4,17.4,5.4,0.56,1250.4,27.4,Rainfed,12.05
Sundargarh,North Western Plateau,Sandy Loam,Rabi,Mustard,2.9,108.1,22.0,24.2,4.56,0.58,162.9,26.8,Rainfed,2.5
Mayurbhanj,North Central Plateau,Sandy Loam,Rabi,Mustard,0.98,74.8,21.7,38.3,5.66,0.31,205.2,22.7,Borewell,4.56
Bargarh,Western Central Table Land,Alluvial,Kharif,Paddy (Kharif),1.65,94.8,38.9,43.6,6.95,0.53,1243.3,27.2,Rainfed,12.89
Puri,East & South Eastern Coastal Plain,Alluvial,Kharif,Paddy (Kharif),1.4,117.4,41.3,73.3,6.78,0.65,1496.2,23.9,Rainfed,26.16
Koraput,Eastern Ghat High Land,Sandy Loam,Kharif,Maize,2.2,115.8,73.9,35.9,5.72,0.63,1767.8,24.2,Rainfed,18.89
Cuttack,East & South Eastern Coastal Plain,Alluvial,Rabi,Mustard,1.16,66.5,27.9,0.0,6.37,0.66,133.9,24.8,Rainfed,2.5
Bargarh,Western Central Table Land,Alluvial,Kharif,Paddy (Kharif),1.57,91.0,45.1,34.9,6.41,0.27,1232.8,26.9,Canal,22.9
Bargarh,Western Central Table Land,Alluvial,Rabi,Paddy (Rabi),1.21,137.3,68.2,38.8,7.08,0.25,116.3,24.7,Canal,26.07
Cuttack,East & South Eastern Coastal Plain,Sandy Loam,Rabi,Paddy (Rabi),2.57,133.8,55.5,23.3,6.29,0.65,132.4,24.2,Borewell,19.13
Koraput,Eastern Ghat High Land,Red Laterite,Kharif,Maize,0.67,89.1,44.1,71.5,5.44,0.57,1206.9,23.3,Rainfed,10.52
Koraput,Eastern Ghat High Land,Red Laterite,Kharif,Ragi (Mandia),1.29,12.9,26.4,15.2,4.88,0.58,1226.8,20.6,Borewell,5.07
Kalahandi,Western Undulating Zone,Black Soil,Kharif,Groundnut,2.03,0.0,62.9,50.2,6.05,0.74,983.6,30.1,Borewell,2.5
Kalahandi,Western Undulating Zone,Black Soil,Kharif,Groundnut,1.13,50.5,57.3,33.2,6.73,0.61,1342.9,31.5,Borewell,11.13
Ganjam,South Eastern Coastal Plain,Red Laterite,Kharif,Ragi (Mandia),1.55,50.0,45.8,18.9,6.6,0.25,1388.4,26.6,Borewell,7.32
Ganjam,South Eastern Coastal Plain,Red Laterite,Kharif,Groundnut,2.64,44.4,20.9,49.4,7.31,0.5,1141.9,32.4,Borewell,9.95
Sundargarh,North Western Plateau,Red Laterite,Kharif,Ragi (Mandia),2.46,47.1,32.3,36.8,5.58,0.53,939.6,27.3,Rainfed,14.02
Bargarh,Western Central Table Land,Alluvial,Rabi,Paddy (Rabi),2.81,69.3,47.1,61.3,7.17,0.34,198.1,28.0,Rainfed,25.87
Koraput,Eastern Ghat High Land,Sandy Loam,Kharif,Ragi (Mandia),1.02,59.6,18.6,20.0,5.08,0.76,1496.6,22.2,Rainfed,9.36
Sundargarh,North Western Plateau,Red Laterite,Kharif,Ragi (Mandia),2.11,56.9,41.3,0.0,5.34,0.4,1248.3,25.9,Borewell,2.5
Puri,East & South Eastern Coastal Plain,Alluvial,Rabi,Green Gram (Moong),0.81,21.2,21.5,5.1,7.48,0.57,241.1,24.6,Borewell,2.5
Bargarh,Western Central Table Land,Alluvial,Kharif,Paddy (Kharif),1.49,113.9,38.8,29.0,6.52,0.28,1164.1,28.4,Canal,18.49
Bargarh,Western Central Table Land,Black Soil,Rabi,Paddy (Rabi),1.33,138.9,82.3,75.6,6.6,0.43,183.5,25.4,Canal,31.73
Puri,East & South Eastern Coastal Plain,Coastal Saline,Kharif,Groundnut,1.58,8.1,61.9,46.2,7.2,0.5,1444.3,30.8,Borewell,8.53
Mayurbhanj,North Central Plateau,Red Laterite,Kharif,Ragi (Mandia),2.22,67.2,32.4,55.8,5.53,0.33,1311.7,29.1,Rainfed,12.19
Sambalpur,Western Central Table Land,Red Laterite,Kharif,Maize,2.53,98.1,60.1,37.6,5.99,0.55,1139.6,30.5,Rainfed,19.37
Cuttack,East & South Eastern Coastal Plain,Alluvial,Rabi,Green Gram (Moong),3.65,0.0,15.6,20.1,6.42,0.59,169.8,22.4,Borewell,2.5
Sambalpur,Western Central Table Land,Black Soil,Rabi,Paddy (Rabi),2.28,115.8,51.2,63.7,6.39,0.4,150.9,25.1,Canal,26.38
Kalahandi,Western Undulating Zone,Black Soil,Kharif,Maize,0.64,84.7,55.0,11.1,6.63,0.7,1234.5,31.4,Borewell,6.88
Kalahandi,Western Undulating Zone,Black Soil,Kharif,Groundnut,0.99,50.0,51.9,56.6,6.13,0.66,1374.5,27.8,Rainfed,8.01
Ganjam,South Eastern Coastal Plain,Alluvial,Rabi,Green Gram (Moong),2.86,25.5,47.0,34.7,6.51,0.77,193.3,26.0,Borewell,6.1
Sambalpur,Western Central Table Land,Black Soil,Kharif,Paddy (Kharif),1.73,49.0,51.0,62.7,6.71,0.62,1547.7,27.8,Rainfed,20.28
Balasore,North Eastern Coastal Plain,Alluvial,Rabi,Green Gram (Moong),2.43,41.5,58.3,37.2,6.53,0.48,190.6,23.9,Borewell,8.36
Sambalpur,Western Central Table Land,Red Laterite,Rabi,Paddy (Rabi),0.25,97.1,38.5,56.7,6.91,0.36,131.1,24.2,Canal,20.98
Koraput,Eastern Ghat High Land,Red Laterite,Kharif,Maize,1.05,82.3,32.6,37.9,5.04,0.78,1223.0,24.6,Rainfed,8.07
Kalahandi,Western Undulating Zone,Black Soil,Kharif,Groundnut,0.66,68.3,89.1,36.7,6.16,0.48,821.4,32.5,Rainfed,10.84
Bargarh,Western Central Table Land,Alluvial,Kharif,Paddy (Kharif),1.01,94.1,58.1,56.0,7.18,0.61,1502.0,27.3,Rainfed,24.07
Puri,East & South Eastern Coastal Plain,Alluvial,Kharif,Groundnut,3.73,12.5,59.4,37.2,7.48,0.46,1542.3,29.1,Borewell,6.13
Mayurbhanj,North Central Plateau,Sandy Loam,Rabi,Mustard,1.81,16.6,9.3,17.6,5.72,0.64,144.5,21.2,Rainfed,2.5
Cuttack,East & South Eastern Coastal Plain,Alluvial,Rabi,Paddy (Rabi),1.0,66.2,65.9,50.9,6.33,0.52,151.9,23.9,Rainfed,25.25
Cuttack,East & South Eastern Coastal Plain,Alluvial,Rabi,Paddy (Rabi),0.46,112.4,53.9,43.6,6.48,0.59,127.5,26.2,Borewell,27.62
Balasore,North Eastern Coastal Plain,Alluvial,Kharif,Paddy (Kharif),1.75,90.1,31.1,45.2,6.56,0.77,1742.4,27.0,Rainfed,21.64
Sambalpur,Western Central Table Land,Black Soil,Kharif,Paddy (Kharif),0.68,91.3,65.9,15.7,6.39,0.65,1582.9,26.2,Rainfed,11.05
Kalahandi,Western Undulating Zone,Red Laterite,Kharif,Maize,3.13,77.4,63.5,18.6,5.73,0.59,1088.6,30.7,Rainfed,11.13
Mayurbhanj,North Central Plateau,Sandy Loam,Kharif,Maize,3.68,95.7,40.3,21.8,6.11,0.54,1594.3,25.2,Rainfed,9.92
Mayurbhanj,North Central Plateau,Red Laterite,Kharif,Maize,0.93,116.0,39.3,12.0,5.6,0.62,1554.1,26.8,Rainfed,8.21
Ganjam,South Eastern Coastal Plain,Red Laterite,Kharif,Ragi (Mandia),1.42,44.0,18.9,17.8,6.91,0.33,1586.3,30.3,Borewell,8.51
Puri,East & South Eastern Coastal Plain,Alluvial,Kharif,Groundnut,0.65,53.7,79.0,47.3,7.06,0.24,1184.5,28.2,Rainfed,12.51
Cuttack,East & South Eastern Coastal Plain,Sandy Loam,Rabi,Mustard,2.88,60.1,61.0,19.7,6.23,0.38,196.3,22.7,Borewell,7.39
Bargarh,Western Central Table Land,Alluvial,Kharif,Groundnut,0.65,42.2,49.7,52.2,6.53,0.72,1298.5,29.9,Canal,14.8
Balasore,North Eastern Coastal Plain,Alluvial,Kharif,Paddy (Kharif),0.95,86.7,35.2,39.2,6.26,0.68,1827.4,27.5,Borewell,21.97
Sundargarh,North Western Plateau,Red Laterite,Rabi,Mustard,1.33,45.5,39.9,20.5,5.7,0.28,119.9,22.9,Rainfed,4.13
Puri,East & South Eastern Coastal Plain,Alluvial,Kharif,Groundnut,1.83,55.5,55.0,43.5,7.58,0.48,1342.7,29.7,Borewell,7.79
Ganjam,South Eastern Coastal Plain,Alluvial,Kharif,Ragi (Mandia),1.09,49.5,37.1,25.6,6.78,0.58,1217.6,26.5,Borewell,9.28
Bargarh,Western Central Table Land,Black Soil,Kharif,Groundnut,1.94,17.0,41.7,43.8,6.68,0.73,1106.7,26.0,Canal,5.23
Mayurbhanj,North Central Plateau,Sandy Loam,Kharif,Paddy (Kharif),0.41,70.4,50.3,35.2,5.71,0.28,1404.2,25.9,Borewell,17.0
Ganjam,South Eastern Coastal Plain,Alluvial,Kharif,Ragi (Mandia),2.89,56.3,36.3,6.0,7.33,0.72,1473.2,26.3,Borewell,2.76
Sundargarh,North Western Plateau,Red Laterite,Kharif,Ragi (Mandia),2.78,70.9,10.4,29.3,5.69,0.63,1824.1,28.9,Rainfed,11.27
Ganjam,South Eastern Coastal Plain,Red Laterite,Kharif,Ragi (Mandia),1.04,32.8,26.0,20.9,6.78,0.58,948.6,28.1,Rainfed,5.59
Balasore,North Eastern Coastal Plain,Alluvial,Kharif,Paddy (Kharif),0.97,77.0,24.7,53.9,6.73,0.39,1178.1,27.2,Rainfed,18.73
Cuttack,East & South Eastern Coastal Plain,Sandy Loam,Rabi,Mustard,1.7,42.2,22.9,25.7,6.42,0.47,323.2,24.9,Borewell,4.03
Sundargarh,North Western Plateau,Sandy Loam,Rabi,Mustard,1.73,92.0,38.8,27.8,5.96,0.49,218.0,23.0,Borewell,5.72
Koraput,Eastern Ghat High Land,Sandy Loam,Kharif,Ragi (Mandia),1.68,52.8,49.0,1.5,5.55,0.19,1295.6,22.6,Borewell,2.5
Ganjam,South Eastern Coastal Plain,Alluvial,Kharif,Paddy (Kharif),0.61,95.3,42.4,30.3,7.09,0.37,968.3,27.9,Borewell,16.72
Balasore,North Eastern Coastal Plain,Alluvial,Kharif,Groundnut,2.09,36.8,42.7,69.8,6.67,0.54,2149.4,25.7,Rainfed,13.54
Koraput,Eastern Ghat High Land,Sandy Loam,Kharif,Maize,0.76,74.6,53.3,33.5,5.54,0.39,1577.9,20.8,Rainfed,10.25
Balasore,North Eastern Coastal Plain,Sandy Loam,Kharif,Groundnut,1.12,55.0,58.4,42.0,5.55,0.63,1523.6,24.7,Rainfed,7.98
Sundargarh,North Western Plateau,Sandy Loam,Rabi,Mustard,1.09,61.8,24.3,48.0,5.89,0.53,172.0,21.6,Rainfed,5.32
Balasore,North Eastern Coastal Plain,Sandy Loam,Kharif,Paddy (Kharif),1.65,126.1,20.1,45.4,6.13,0.69,1629.1,28.0,Rainfed,12.97
Koraput,Eastern Ghat High Land,Red Laterite,Kharif,Ragi (Mandia),2.7,27.0,34.7,19.8,5.45,0.31,1423.6,22.2,Rainfed,6.99
Sambalpur,Western Central Table Land,Black Soil,Rabi,Paddy (Rabi),4.55,124.8,52.3,41.0,6.01,0.57,142.4,23.9,Canal,27.46
Sambalpur,Western Central Table Land,Black Soil,Kharif,Paddy (Kharif),0.42,99.9,50.1,47.0,6.77,0.57,1385.4,28.5,Canal,19.38
Cuttack,East & South Eastern Coastal Plain,Sandy Loam,Rabi,Green Gram (Moong),0.59,35.0,37.1,41.2,6.62,0.4,222.6,27.1,Borewell,5.95
Koraput,Eastern Ghat High Land,Sandy Loam,Kharif,Ragi (Mandia),1.43,48.2,6.8,28.6,5.2,0.42,1235.8,24.1,Rainfed,5.71
Koraput,Eastern Ghat High Land,Red Laterite,Kharif,Ragi (Mandia),3.24,49.0,26.0,3.4,5.58,0.67,1231.1,22.5,Borewell,3.29
Sambalpur,Western Central Table Land,Red Laterite,Kharif,Paddy (Kharif),0.86,86.2,68.9,26.3,6.93,0.65,1162.0,28.1,Rainfed,19.9
Koraput,Eastern Ghat High Land,Sandy Loam,Kharif,Ragi (Mandia),2.05,65.0,14.4,14.7,5.53,0.57,1675.9,24.3,Rainfed,2.51
Puri,East & South Eastern Coastal Plain,Coastal Saline,Rabi,Paddy (Rabi),0.85,90.9,42.7,68.8,7.03,0.57,162.6,23.2,Borewell,28.37
Sambalpur,Western Central Table Land,Black Soil,Kharif,Paddy (Kharif),1.89,48.6,52.2,48.3,6.26,0.55,1106.9,29.6,Canal,15.77
Mayurbhanj,North Central Plateau,Sandy Loam,Kharif,Paddy (Kharif),4.46,130.8,58.2,41.9,6.25,0.21,1118.8,26.4,Rainfed,22.2
Puri,East & South Eastern Coastal Plain,Coastal Saline,Rabi,Green Gram (Moong),2.68,23.6,41.5,36.9,7.27,0.46,119.9,25.8,Rainfed,6.05
Kalahandi,Western Undulating Zone,Red Laterite,Kharif,Groundnut,0.85,11.7,42.2,42.5,6.29,0.59,1228.2,28.7,Rainfed,3.42
Balasore,North Eastern Coastal Plain,Alluvial,Rabi,Green Gram (Moong),2.33,52.7,8.4,17.1,6.94,0.55,142.2,23.4,Borewell,2.5
Sambalpur,Western Central Table Land,Red Laterite,Kharif,Maize,0.83,93.0,48.6,33.7,6.43,0.5,1179.7,28.7,Canal,18.07
Balasore,North Eastern Coastal Plain,Sandy Loam,Kharif,Groundnut,2.47,46.9,49.7,38.0,6.59,0.38,1773.0,28.3,Borewell,8.86
Ganjam,South Eastern Coastal Plain,Red Laterite,Rabi,Green Gram (Moong),2.96,47.5,35.3,7.5,6.33,0.53,170.0,24.8,Borewell,3.21
Koraput,Eastern Ghat High Land,Red Laterite,Kharif,Ragi (Mandia),0.94,58.0,26.3,22.1,5.56,0.32,1591.6,20.9,Rainfed,7.38
Mayurbhanj,North Central Plateau,Red Laterite,Rabi,Mustard,1.89,106.3,35.4,62.1,5.76,0.68,170.2,22.5,Rainfed,8.36
Cuttack,East & South Eastern Coastal Plain,Sandy Loam,Kharif,Paddy (Kharif),3.32,126.9,46.7,41.9,6.66,0.45,1537.4,27.2,Rainfed,20.18
Koraput,Eastern Ghat High Land,Red Laterite,Kharif,Maize,2.94,93.9,63.1,35.8,5.08,0.66,1543.4,27.6,Borewell,20.39
Ganjam,South Eastern Coastal Plain,Red Laterite,Kharif,Ragi (Mandia),1.2,29.0,31.0,24.1,6.49,0.53,1229.6,31.2,Borewell,5.98
Cuttack,East & South Eastern Coastal Plain,Alluvial,Rabi,Mustard,1.24,57.7,17.7,7.9,6.92,0.55,107.1,22.7,Rainfed,4.12
Mayurbhanj,North Central Plateau,Red Laterite,Kharif,Paddy (Kharif),6.74,90.6,0.0,37.3,6.02,1.08,1612.8,26.7,Rainfed,2.64
Kalahandi,Western Undulating Zone,Black Soil,Kharif,Maize,1.02,115.8,48.8,52.5,6.09,0.41,1191.8,31.2,Rainfed,16.91
Cuttack,East & South Eastern Coastal Plain,Sandy Loam,Rabi,Paddy (Rabi),3.15,84.8,61.2,37.1,6.77,0.41,196.1,22.8,Rainfed,20.33
Cuttack,East & South Eastern Coastal Plain,Alluvial,Kharif,Paddy (Kharif),1.53,118.2,43.4,41.9,6.57,0.9,1294.8,26.7,Borewell,23.04
Ganjam,South Eastern Coastal Plain,Alluvial,Kharif,Ragi (Mandia),2.26,62.7,21.3,20.9,7.25,0.57,1398.6,27.8,Rainfed,10.04
Ganjam,South Eastern Coastal Plain,Alluvial,Rabi,Green Gram (Moong),2.85,33.5,43.3,13.5,6.4,0.78,183.8,25.1,Borewell,3.68
Mayurbhanj,North Central Plateau,Red Laterite,Kharif,Ragi (Mandia),2.8,81.2,27.5,0.3,5.75,0.56,1287.5,27.5,Borewell,2.5
Sambalpur,Western Central Table Land,Red Laterite,Rabi,Green Gram (Moong),1.25,10.9,50.0,37.8,6.86,0.69,217.3,25.2,Canal,5.72
Balasore,North Eastern Coastal Plain,Alluvial,Rabi,Green Gram (Moong),0.54,24.7,36.2,0.0,5.71,0.44,156.1,26.5,Rainfed,2.5
Ganjam,South Eastern Coastal Plain,Red Laterite,Kharif,Paddy (Kharif),0.97,88.3,55.2,34.7,6.64,0.52,1214.5,26.8,Rainfed,25.64
Kalahandi,Western Undulating Zone,Red Laterite,Kharif,Ragi (Mandia),1.69,69.2,29.0,22.7,6.11,0.35,1272.6,31.4,Borewell,7.16
Balasore,North Eastern Coastal Plain,Sandy Loam,Rabi,Paddy (Rabi),1.94,95.5,19.0,59.1,6.5,0.37,118.7,21.3,Borewell,13.06
Bargarh,Western Central Table Land,Black Soil,Kharif,Groundnut,2.13,27.4,39.1,53.2,6.81,0.48,1500.2,28.0,Canal,9.21
Ganjam,South Eastern Coastal Plain,Alluvial,Rabi,Green Gram (Moong),2.3,2.1,54.4,15.0,6.54,0.22,143.8,28.2,Borewell,2.5
Puri,East & South Eastern Coastal Plain,Coastal Saline,Rabi,Green Gram (Moong),1.88,47.7,39.3,0.0,7.05,0.24,215.4,25.3,Borewell,2.5
Kalahandi,Western Undulating Zone,Red Laterite,Kharif,Groundnut,4.33,0.0,43.0,30.8,5.93,0.38,924.0,30.2,Rainfed,2.5
Koraput,Eastern Ghat High Land,Red Laterite,Kharif,Ragi (Mandia),2.17,37.4,20.2,33.9,5.16,0.61,1570.5,21.5,Borewell,7.62
Puri,East & South Eastern Coastal Plain,Alluvial,Rabi,Green Gram (Moong),1.42,0.5,42.0,13.3,6.53,0.5,165.0,26.2,Borewell,2.5
Bargarh,Western Central Table Land,Alluvial,Kharif,Groundnut,1.01,21.1,51.5,70.7,6.84,0.82,1272.1,28.3,Canal,7.52
Sambalpur,Western Central Table Land,Black Soil,Rabi,Green Gram (Moong),2.36,11.2,64.9,15.5,6.66,0.46,178.0,22.8,Canal,3.71
Balasore,North Eastern Coastal Plain,Sandy Loam,Rabi,Paddy (Rabi),0.48,124.0,62.3,77.9,6.07,0.4,229.4,24.2,Borewell,31.91
Cuttack,East & South Eastern Coastal Plain,Alluvial,Rabi,Mustard,1.61,49.5,12.8,22.4,6.61,0.57,112.4,26.2,Rainfed,4.69
Sambalpur,Western Central Table Land,Red Laterite,Rabi,Paddy (Rabi),0.8,137.4,58.1,61.3,6.81,0.66,98.8,20.7,Canal,31.27
Koraput,Eastern Ghat High Land,Sandy Loam,Kharif,Ragi (Mandia),2.44,34.0,8.2,10.7,5.47,0.45,1459.9,24.8,Rainfed,3.28
Bargarh,Western Central Table Land,Alluvial,Kharif,Paddy (Kharif),1.17,65.7,48.3,35.8,7.04,0.67,1474.8,26.6,Rainfed,19.75
Bargarh,Western Central Table Land,Black Soil,Kharif,Groundnut,0.98,63.4,65.5,57.5,6.63,0.78,1383.9,26.4,Rainfed,12.19
Koraput,Eastern Ghat High Land,Sandy Loam,Kharif,Maize,5.23,124.1,58.0,69.7,5.22,0.5,1589.8,23.6,Rainfed,21.71
Koraput,Eastern Ghat High Land,Sandy Loam,Kharif,Maize,2.02,76.0,55.0,41.7,6.15,0.63,1428.0,24.3,Borewell,16.86
Kalahandi,Western Undulating Zone,Red Laterite,Kharif,Ragi (Mandia),2.08,56.1,21.0,68.5,5.81,0.32,1219.2,31.3,Rainfed,11.73
Koraput,Eastern Ghat High Land,Sandy Loam,Kharif,Maize,4.49,82.7,41.5,33.4,5.82,0.46,1088.2,25.5,Borewell,14.46
Koraput,Eastern Ghat High Land,Red Laterite,Kharif,Maize,3.87,102.4,39.2,56.9,5.14,0.56,1453.6,24.1,Rainfed,15.54
Balasore,North Eastern Coastal Plain,Sandy Loam,Rabi,Green Gram (Moong),0.48,0.0,52.5,0.0,5.86,0.81,220.7,19.6,Borewell,2.5
Kalahandi,Western Undulating Zone,Red Laterite,Kharif,Ragi (Mandia),2.2,22.9,29.8,24.3,6.02,0.58,1066.4,28.7,Borewell,8.86
Sambalpur,Western Central Table Land,Red Laterite,Kharif,Maize,1.03,113.4,45.0,44.2,6.05,0.6,1466.8,26.2,Canal,28.27
Balasore,North Eastern Coastal Plain,Sandy Loam,Rabi,Paddy (Rabi),2.94,123.4,64.9,57.1,6.65,0.75,45.7,22.1,Rainfed,32.16
Ganjam,South Eastern Coastal Plain,Alluvial,Kharif,Ragi (Mandia),2.32,27.3,23.4,36.8,6.68,0.55,1024.5,28.2,Rainfed,6.7
Kalahandi,Western Undulating Zone,Black Soil,Kharif,Maize,1.45,100.6,61.2,42.5,5.74,0.47,1098.3,29.1,Rainfed,17.28
Bargarh,Western Central Table Land,Alluvial,Kharif,Groundnut,1.53,12.5,44.9,69.9,6.75,0.45,1260.1,28.1,Rainfed,2.5
Kalahandi,Western Undulating Zone,Black Soil,Kharif,Maize,1.06,141.5,52.4,70.3,6.64,0.35,1583.9,28.3,Rainfed,14.91
Puri,East & South Eastern Coastal Plain,Alluvial,Kharif,Paddy (Kharif),1.84,145.6,36.9,24.9,7.24,0.39,1433.4,26.1,Rainfed,13.54
Koraput,Eastern Ghat High Land,Sandy Loam,Kharif,Maize,3.01,108.8,63.0,50.8,5.67,0.58,1225.0,20.9,Rainfed,20.05
Puri,East & South Eastern Coastal Plain,Alluvial,Kharif,Groundnut,2.36,44.7,55.3,34.2,6.79,0.32,1096.5,26.3,Rainfed,8.32
Sundargarh,North Western Plateau,Red Laterite,Kharif,Ragi (Mandia),0.31,59.0,30.5,23.0,4.81,0.7,1497.8,26.6,Rainfed,8.93
Koraput,Eastern Ghat High Land,Red Laterite,Kharif,Ragi (Mandia),1.76,34.8,45.6,33.2,5.6,0.48,1315.2,23.8,Borewell,14.87
Cuttack,East & South Eastern Coastal Plain,Sandy Loam,Rabi,Green Gram (Moong),0.3,29.5,29.1,22.0,6.7,0.43,137.3,24.1,Borewell,7.46
Cuttack,East & South Eastern Coastal Plain,Sandy Loam,Rabi,Paddy (Rabi),0.55,73.2,87.8,49.3,6.65,0.41,152.2,23.3,Borewell,25.48
Koraput,Eastern Ghat High Land,Sandy Loam,Kharif,Maize,3.12,88.0,39.7,32.7,5.32,0.54,1293.5,20.9,Rainfed,6.37
Koraput,Eastern Ghat High Land,Sandy Loam,Kharif,Ragi (Mandia),1.67,29.8,17.4,28.0,5.43,0.78,1231.8,24.9,Rainfed,5.77
Kalahandi,Western Undulating Zone,Black Soil,Kharif,Groundnut,0.96,42.4,54.2,50.7,6.38,0.52,906.8,30.4,Borewell,11.92
Cuttack,East & South Eastern Coastal Plain,Sandy Loam,Rabi,Green Gram (Moong),3.83,10.6,47.7,28.9,6.12,0.65,263.4,23.5,Rainfed,2.79
Koraput,Eastern Ghat High Land,Red Laterite,Kharif,Ragi (Mandia),1.31,24.8,22.3,36.3,6.09,0.66,1406.6,23.6,Rainfed,6.27
Ganjam,South Eastern Coastal Plain,Alluvial,Kharif,Paddy (Kharif),0.38,104.8,39.5,44.6,6.41,0.46,1173.3,27.3,Borewell,20.38
Kalahandi,Western Undulating Zone,Black Soil,Kharif,Groundnut,1.3,21.6,50.0,49.3,6.47,0.58,1045.6,29.4,Rainfed,12.32
Balasore,North Eastern Coastal Plain,Alluvial,Rabi,Paddy (Rabi),0.81,63.5,63.6,60.6,6.1,0.53,249.2,25.5,Rainfed,18.8
Ganjam,South Eastern Coastal Plain,Red Laterite,Kharif,Ragi (Mandia),0.53,22.6,23.7,28.2,5.86,0.57,1169.6,29.1,Borewell,7.57
Koraput,Eastern Ghat High Land,Sandy Loam,Kharif,Maize,1.17,101.8,23.5,44.6,5.7,0.43,1523.7,25.2,Rainfed,17.13
Bargarh,Western Central Table Land,Alluvial,Kharif,Groundnut,0.52,14.5,52.8,57.0,6.75,0.59,1601.6,27.2,Canal,9.29
Ganjam,South Eastern Coastal Plain,Alluvial,Kharif,Ragi (Mandia),1.08,75.4,0.0,0.4,5.95,0.29,831.0,30.7,Rainfed,2.5
Koraput,Eastern Ghat High Land,Red Laterite,Kharif,Ragi (Mandia),1.41,89.1,15.5,39.2,5.32,0.52,1370.8,22.6,Rainfed,7.62
Balasore,North Eastern Coastal Plain,Alluvial,Rabi,Green Gram (Moong),3.11,8.6,69.3,48.1,5.89,0.44,155.7,22.8,Rainfed,4.09
Balasore,North Eastern Coastal Plain,Sandy Loam,Rabi,Mustard,0.41,56.3,33.2,34.6,5.95,0.16,73.0,24.0,Rainfed,2.5
Cuttack,East & South Eastern Coastal Plain,Sandy Loam,Kharif,Paddy (Kharif),1.63,104.9,24.7,45.1,6.84,0.49,1301.1,30.2,Borewell,21.14
Ganjam,South Eastern Coastal Plain,Alluvial,Rabi,Green Gram (Moong),2.04,54.3,36.1,7.9,6.31,0.48,56.1,23.3,Borewell,2.71
Bargarh,Western Central Table Land,Black Soil,Kharif,Groundnut,2.5,30.0,22.7,46.2,5.85,0.78,1269.6,28.3,Canal,8.62
Kalahandi,Western Undulating Zone,Red Laterite,Kharif,Ragi (Mandia),1.54,53.9,17.6,12.1,6.58,0.44,1352.6,31.0,Rainfed,5.63
Mayurbhanj,North Central Plateau,Red Laterite,Kharif,Paddy (Kharif),1.76,78.6,46.2,54.8,5.68,0.75,1797.4,26.5,Rainfed,14.52
Bargarh,Western Central Table Land,Alluvial,Kharif,Groundnut,1.04,21.6,54.0,32.5,6.52,0.57,1170.9,29.7,Canal,12.2
Balasore,North Eastern Coastal Plain,Sandy Loam,Rabi,Mustard,1.33,49.6,4.1,45.5,6.59,0.59,139.6,23.6,Borewell,5.31
Mayurbhanj,North Central Plateau,Sandy Loam,Rabi,Mustard,1.57,37.6,2.9,17.3,5.47,0.35,233.7,24.6,Rainfed,2.5
Sambalpur,Western Central Table Land,Black Soil,Kharif,Maize,0.61,93.7,36.8,13.2,6.71,0.59,1491.4,28.2,Canal,6.59
Mayurbhanj,North Central Plateau,Sandy Loam,Kharif,Maize,0.52,103.8,42.4,9.8,5.58,0.41,1183.0,23.4,Borewell,2.95
Bargarh,Western Central Table Land,Alluvial,Kharif,Paddy (Kharif),1.63,90.0,34.3,35.6,7.38,0.54,1215.8,30.1,Canal,12.91
Ganjam,South Eastern Coastal Plain,Alluvial,Kharif,Groundnut,1.36,12.6,34.8,27.8,7.07,0.62,1036.5,29.5,Rainfed,5.36
Cuttack,East & South Eastern Coastal Plain,Sandy Loam,Rabi,Paddy (Rabi),0.8,84.9,55.0,39.4,6.93,0.67,86.0,24.5,Borewell,21.04
Ganjam,South Eastern Coastal Plain,Red Laterite,Kharif,Groundnut,1.64,72.2,41.9,57.8,6.53,0.45,1816.6,28.5,Rainfed,10.26
Ganjam,South Eastern Coastal Plain,Alluvial,Kharif,Paddy (Kharif),3.54,82.6,41.8,25.1,6.39,0.69,1280.2,30.3,Borewell,22.51
Balasore,North Eastern Coastal Plain,Sandy Loam,Rabi,Mustard,1.72,36.6,45.0,21.2,6.36,0.75,206.9,21.2,Borewell,4.55
Mayurbhanj,North Central Plateau,Red Laterite,Kharif,Maize,2.19,89.2,69.2,42.4,5.32,0.69,1055.6,25.3,Rainfed,22.6
Balasore,North Eastern Coastal Plain,Alluvial,Rabi,Green Gram (Moong),1.01,13.9,33.9,2.4,6.72,0.59,96.0,23.1,Borewell,2.5
Cuttack,East & South Eastern Coastal Plain,Sandy Loam,Rabi,Mustard,3.94,48.2,42.1,14.4,5.91,0.75,150.9,23.7,Borewell,6.78
Sambalpur,Western Central Table Land,Red Laterite,Rabi,Green Gram (Moong),1.19,18.9,51.7,18.8,6.28,0.52,40.1,24.8,Canal,6.27
Puri,East & South Eastern Coastal Plain,Coastal Saline,Rabi,Green Gram (Moong),0.81,45.1,56.0,27.2,7.6,0.34,102.9,23.2,Borewell,6.37
Puri,East & South Eastern Coastal Plain,Coastal Saline,Rabi,Paddy (Rabi),2.25,70.0,43.0,44.9,7.44,0.78,158.9,25.0,Borewell,14.54
Cuttack,East & South Eastern Coastal Plain,Alluvial,Rabi,Mustard,0.57,57.6,41.3,36.5,6.76,0.6,156.6,24.2,Borewell,4.24
Sambalpur,Western Central Table Land,Black Soil,Kharif,Paddy (Kharif),0.82,93.3,87.2,35.5,6.5,0.57,1514.1,27.3,Canal,29.45
Kalahandi,Western Undulating Zone,Red Laterite,Kharif,Ragi (Mandia),2.51,21.5,46.3,30.5,6.0,0.53,855.6,28.6,Borewell,7.29
Puri,East & South Eastern Coastal Plain,Coastal Saline,Kharif,Groundnut,1.31,26.6,29.3,43.6,6.72,0.48,1421.1,27.5,Borewell,10.39
Sambalpur,Western Central Table Land,Black Soil,Rabi,Paddy (Rabi),2.39,104.0,43.0,32.0,6.84,0.59,211.7,23.1,Rainfed,18.51
Bargarh,Western Central Table Land,Alluvial,Kharif,Groundnut,0.99,38.6,30.3,52.0,7.09,0.31,1468.1,30.6,Canal,2.5
Puri,East & South Eastern Coastal Plain,Coastal Saline,Rabi,Paddy (Rabi),1.78,134.2,35.8,47.9,7.54,0.5,101.5,25.5,Rainfed,14.72
Puri,East & South Eastern Coastal Plain,Alluvial,Rabi,Paddy (Rabi),0.83,88.8,38.5,38.2,7.26,0.5,159.8,22.5,Borewell,16.11
Kalahandi,Western Undulating Zone,Black Soil,Kharif,Groundnut,2.0,21.2,52.4,61.3,5.67,0.24,1074.5,28.7,Rainfed,8.51
Bargarh,Western Central Table Land,Black Soil,Kharif,Groundnut,1.46,33.8,63.3,59.3,6.89,0.4,1429.2,28.8,Canal,9.43
Mayurbhanj,North Central Plateau,Sandy Loam,Kharif,Paddy (Kharif),1.85,97.1,47.9,62.7,6.13,0.33,1650.3,26.5,Borewell,20.52
Bargarh,Western Central Table Land,Alluvial,Kharif,Groundnut,3.55,8.9,54.4,27.9,7.05,0.68,1401.5,30.3,Canal,4.84
Mayurbhanj,North Central Plateau,Red Laterite,Kharif,Ragi (Mandia),0.78,59.8,23.8,5.8,5.86,0.48,1761.9,24.6,Rainfed,2.5
Bargarh,Western Central Table Land,Black Soil,Kharif,Paddy (Kharif),1.84,74.6,35.3,49.9,6.71,0.41,1150.1,29.3,Canal,19.84
Koraput,Eastern Ghat High Land,Red Laterite,Kharif,Ragi (Mandia),3.12,52.2,30.3,34.8,4.93,0.8,1302.1,23.3,Borewell,7.93
Sundargarh,North Western Plateau,Red Laterite,Rabi,Mustard,5.03,61.3,13.8,36.1,5.01,0.48,254.7,25.0,Rainfed,2.5
Mayurbhanj,North Central Plateau,Sandy Loam,Kharif,Paddy (Kharif),3.75,90.6,33.4,43.2,5.2,0.24,1456.7,26.1,Borewell,14.89
Kalahandi,Western Undulating Zone,Red Laterite,Kharif,Ragi (Mandia),4.2,89.8,3.2,23.8,6.44,0.5,972.8,30.0,Rainfed,3.63
Sambalpur,Western Central Table Land,Black Soil,Kharif,Paddy (Kharif),0.69,61.4,42.6,47.3,6.35,0.5,1406.3,25.8,Canal,19.04
Puri,East & South Eastern Coastal Plain,Alluvial,Kharif,Groundnut,0.44,44.0,64.7,25.8,7.1,0.61,1386.0,27.2,Rainfed,11.89
Ganjam,South Eastern Coastal Plain,Alluvial,Kharif,Groundnut,0.81,0.0,62.2,58.8,6.55,0.49,1118.0,27.0,Borewell,2.5
Bargarh,Western Central Table Land,Alluvial,Rabi,Paddy (Rabi),0.69,120.9,42.4,44.2,6.76,0.67,188.5,27.6,Canal,26.33
Ganjam,South Eastern Coastal Plain,Alluvial,Kharif,Groundnut,0.69,32.7,43.2,51.4,7.33,0.79,1240.0,27.8,Borewell,10.53
Puri,East & South Eastern Coastal Plain,Alluvial,Kharif,Paddy (Kharif),1.27,99.6,74.0,20.8,7.17,0.66,1115.9,29.7,Rainfed,17.03
Sambalpur,Western Central Table Land,Black Soil,Rabi,Paddy (Rabi),2.49,125.4,33.8,34.1,6.38,0.65,166.7,24.3,Canal,14.74
Bargarh,Western Central Table Land,Alluvial,Rabi,Paddy (Rabi),2.84,119.6,22.7,72.2,6.95,0.52,147.4,27.4,Canal,20.94
Koraput,Eastern Ghat High Land,Red Laterite,Kharif,Ragi (Mandia),4.13,36.2,28.4,18.9,5.19,0.25,1517.0,24.9,Rainfed,5.95
Cuttack,East & South Eastern Coastal Plain,Sandy Loam,Rabi,Green Gram (Moong),0.93,42.2,57.9,0.0,6.2,0.64,109.8,23.7,Rainfed,2.5
Ganjam,South Eastern Coastal Plain,Red Laterite,Kharif,Paddy (Kharif),2.25,84.9,43.8,52.2,6.65,0.5,1026.5,28.7,Borewell,25.09
Kalahandi,Western Undulating Zone,Black Soil,Kharif,Maize,1.42,128.1,59.4,5.6,5.97,0.72,1535.2,29.7,Borewell,2.5
Cuttack,East & South Eastern Coastal Plain,Alluvial,Rabi,Mustard,3.73,32.4,16.3,12.0,6.6,0.52,288.9,27.3,Rainfed,3.07
Sambalpur,Western Central Table Land,Black Soil,Rabi,Paddy (Rabi),1.56,131.0,44.4,31.1,6.54,0.32,161.3,23.3,Rainfed,22.08
Mayurbhanj,North Central Plateau,Sandy Loam,Kharif,Ragi (Mandia),0.26,9.5,17.5,1.4,5.79,0.65,1407.5,28.1,Rainfed,2.5
Sambalpur,Western Central Table Land,Black Soil,Kharif,Paddy (Kharif),2.05,102.1,54.9,63.9,6.04,0.8,1477.9,27.8,Rainfed,22.21
Kalahandi,Western Undulating Zone,Red Laterite,Kharif,Ragi (Mandia),1.48,30.5,12.6,28.2,6.31,0.66,1350.8,28.1,Rainfed,4.82
Sambalpur,Western Central Table Land,Red Laterite,Rabi,Green Gram (Moong),2.93,8.3,56.1,5.3,6.11,0.81,206.5,22.4,Canal,2.5
Balasore,North Eastern Coastal Plain,Alluvial,Kharif,Paddy (Kharif),2.4,110.8,44.1,47.6,6.23,0.55,1166.0,31.4,Borewell,22.92
Mayurbhanj,North Central Plateau,Sandy Loam,Kharif,Ragi (Mandia),0.56,63.4,34.1,39.7,5.82,0.66,1632.4,26.6,Rainfed,12.34
Sundargarh,North Western Plateau,Red Laterite,Rabi,Mustard,2.61,18.9,30.3,34.4,5.32,0.65,58.9,23.4,Borewell,3.13
Sundargarh,North Western Plateau,Red Laterite,Rabi,Mustard,0.59,18.1,54.8,7.2,5.24,0.7,124.9,26.1,Rainfed,2.5
Bargarh,Western Central Table Land,Alluvial,Kharif,Groundnut,2.04,24.3,49.3,43.1,7.34,0.63,1257.0,26.7,Canal,8.66
Mayurbhanj,North Central Plateau,Red Laterite,Rabi,Mustard,0.55,27.1,18.6,16.6,6.25,0.72,271.4,20.7,Borewell,3.51
Koraput,Eastern Ghat High Land,Red Laterite,Kharif,Maize,2.19,94.5,48.1,36.7,5.89,0.56,1569.2,22.2,Rainfed,18.08
Puri,East & South Eastern Coastal Plain,Alluvial,Rabi,Paddy (Rabi),0.99,131.8,38.7,41.4,7.32,0.38,177.4,27.5,Rainfed,16.22
Cuttack,East & South Eastern Coastal Plain,Sandy Loam,Rabi,Mustard,1.04,86.0,44.5,38.7,6.08,0.42,189.4,22.6,Borewell,8.54
Cuttack,East & South Eastern Coastal Plain,Sandy Loam,Rabi,Mustard,0.83,83.8,38.1,27.0,6.57,0.57,209.9,23.3,Rainfed,5.58
Cuttack,East & South Eastern Coastal Plain,Alluvial,Rabi,Mustard,2.73,68.5,12.1,17.0,6.55,0.84,165.6,22.6,Rainfed,4.65
Ganjam,South Eastern Coastal Plain,Red Laterite,Rabi,Green Gram (Moong),0.42,0.0,30.7,13.4,6.04,0.61,117.2,27.7,Borewell,2.5
Sambalpur,Western Central Table Land,Black Soil,Rabi,Green Gram (Moong),0.72,22.2,46.2,23.1,6.66,0.47,187.5,25.2,Rainfed,4.91
Puri,East & South Eastern Coastal Plain,Coastal Saline,Rabi,Paddy (Rabi),1.48,119.9,42.6,28.8,7.39,0.64,152.6,24.8,Borewell,14.38
Puri,East & South Eastern Coastal Plain,Alluvial,Rabi,Green Gram (Moong),1.87,32.7,35.2,9.4,7.61,0.27,235.3,28.2,Rainfed,3.36
Kalahandi,Western Undulating Zone,Black Soil,Kharif,Groundnut,0.48,0.0,61.5,51.9,6.2,0.5,753.9,30.6,Rainfed,2.5
Ganjam,South Eastern Coastal Plain,Red Laterite,Kharif,Ragi (Mandia),2.27,43.7,30.2,12.6,7.48,0.59,868.0,29.4,Borewell,4.72
Ganjam,South Eastern Coastal Plain,Red Laterite,Kharif,Groundnut,0.56,0.0,60.7,51.2,7.0,0.74,1410.3,26.9,Rainfed,2.5
Bargarh,Western Central Table Land,Black Soil,Kharif,Groundnut,0.78,34.5,72.1,56.5,6.54,0.68,1287.5,29.5,Canal,12.95
Balasore,North Eastern Coastal Plain,Alluvial,Kharif,Groundnut,2.48,0.0,45.4,40.4,6.08,0.6,1350.1,26.3,Rainfed,2.5
Balasore,North Eastern Coastal Plain,Alluvial,Kharif,Groundnut,1.4,20.2,69.4,43.4,7.21,0.42,1435.1,28.2,Rainfed,6.24
Sambalpur,Western Central Table Land,Red Laterite,Kharif,Paddy (Kharif),1.15,48.5,61.7,27.5,6.03,0.69,1233.3,30.6,Canal,13.2
Balasore,North Eastern Coastal Plain,Alluvial,Kharif,Groundnut,2.74,38.7,88.3,30.1,6.35,0.6,1696.8,25.6,Borewell,12.98
Sambalpur,Western Central Table Land,Red Laterite,Rabi,Green Gram (Moong),1.1,0.0,50.8,1.7,6.31,0.57,155.3,25.7,Canal,2.5
Ganjam,South Eastern Coastal Plain,Red Laterite,Kharif,Groundnut,2.88,8.7,35.2,28.5,6.49,0.72,1180.4,28.5,Rainfed,5.9
Bargarh,Western Central Table Land,Black Soil,Rabi,Paddy (Rabi),0.77,110.9,66.5,81.7,6.73,0.77,79.4,22.1,Canal,30.83
Balasore,North Eastern Coastal Plain,Alluvial,Rabi,Paddy (Rabi),1.63,96.2,35.6,39.7,6.51,0.59,140.4,23.9,Rainfed,19.74
Cuttack,East & South Eastern Coastal Plain,Sandy Loam,Rabi,Paddy (Rabi),1.04,129.0,36.3,46.5,6.98,0.51,228.1,23.3,Rainfed,20.3
Puri,East & South Eastern Coastal Plain,Alluvial,Kharif,Paddy (Kharif),1.31,77.5,33.7,39.3,7.61,0.7,1768.1,29.0,Borewell,5.33
Balasore,North Eastern Coastal Plain,Alluvial,Rabi,Paddy (Rabi),1.94,117.0,31.9,44.8,6.37,0.49,147.7,21.4,Rainfed,20.32
Sambalpur,Western Central Table Land,Red Laterite,Kharif,Maize,1.07,99.1,61.4,49.5,7.48,0.64,1129.2,28.9,Canal,14.67
Cuttack,East & South Eastern Coastal Plain,Alluvial,Kharif,Paddy (Kharif),1.65,81.1,51.8,49.0,6.96,0.7,1511.5,24.7,Rainfed,18.07
Balasore,North Eastern Coastal Plain,Alluvial,Rabi,Mustard,2.01,104.2,12.1,7.6,6.52,0.85,113.8,22.8,Rainfed,2.67
Puri,East & South Eastern Coastal Plain,Alluvial,Rabi,Green Gram (Moong),2.72,4.3,53.9,10.9,6.58,0.74,141.1,22.5,Rainfed,3.0
Mayurbhanj,North Central Plateau,Red Laterite,Kharif,Ragi (Mandia),4.3,85.0,25.1,19.0,5.99,0.43,1629.1,28.0,Rainfed,8.55
Mayurbhanj,North Central Plateau,Red Laterite,Kharif,Ragi (Mandia),2.16,25.9,14.6,41.7,5.83,0.43,1409.9,26.7,Borewell,4.82
Balasore,North Eastern Coastal Plain,Sandy Loam,Kharif,Paddy (Kharif),0.64,138.7,47.4,60.2,6.84,0.6,1681.3,26.9,Rainfed,26.89
Sundargarh,North Western Plateau,Red Laterite,Rabi,Mustard,1.82,87.4,39.4,27.3,5.9,0.68,116.0,25.6,Borewell,8.63
Bargarh,Western Central Table Land,Alluvial,Kharif,Paddy (Kharif),1.49,114.9,45.5,46.7,7.18,0.5,1680.5,26.8,Canal,21.23
Kalahandi,Western Undulating Zone,Black Soil,Kharif,Maize,2.03,77.3,65.8,66.0,6.12,0.35,1161.3,31.8,Rainfed,19.88
Bargarh,Western Central Table Land,Black Soil,Rabi,Paddy (Rabi),2.42,82.1,44.1,34.3,6.76,0.47,86.6,23.9,Canal,17.22
Koraput,Eastern Ghat High Land,Sandy Loam,Kharif,Ragi (Mandia),1.26,66.7,42.0,40.3,5.68,0.54,1356.5,23.3,Rainfed,11.28
Balasore,North Eastern Coastal Plain,Alluvial,Rabi,Green Gram (Moong),2.48,3.0,34.5,13.6,6.47,0.73,156.6,21.5,Rainfed,2.5
Bargarh,Western Central Table Land,Alluvial,Rabi,Paddy (Rabi),1.56,130.7,50.7,59.1,6.96,0.64,162.7,26.0,Canal,28.41
Cuttack,East & South Eastern Coastal Plain,Alluvial,Rabi,Mustard,1.2,67.7,24.8,46.2,6.25,0.56,130.8,25.4,Borewell,5.88
Sambalpur,Western Central Table Land,Black Soil,Kharif,Maize,2.14,86.6,34.5,56.9,6.79,0.6,1765.6,30.6,Rainfed,12.58
Ganjam,South Eastern Coastal Plain,Red Laterite,Kharif,Ragi (Mandia),1.25,48.6,4.3,40.8,6.86,0.49,1432.1,26.8,Rainfed,2.5
Puri,East & South Eastern Coastal Plain,Coastal Saline,Kharif,Paddy (Kharif),1.94,71.5,15.3,51.0,7.15,0.86,1748.7,30.3,Borewell,8.5
Mayurbhanj,North Central Plateau,Red Laterite,Kharif,Maize,1.17,139.9,41.8,31.5,6.04,0.6,1694.0,25.9,Rainfed,11.35
Koraput,Eastern Ghat High Land,Red Laterite,Kharif,Ragi (Mandia),5.01,64.8,23.1,33.4,5.1,0.3,1720.8,24.0,Borewell,8.48
Ganjam,South Eastern Coastal Plain,Red Laterite,Kharif,Ragi (Mandia),3.4,43.6,26.1,32.8,6.15,0.72,1274.1,26.8,Rainfed,8.37
Puri,East & South Eastern Coastal Plain,Alluvial,Kharif,Groundnut,0.69,57.1,38.8,18.8,7.0,0.56,1519.7,27.0,Rainfed,2.5
Koraput,Eastern Ghat High Land,Sandy Loam,Kharif,Maize,1.54,92.4,44.1,38.8,5.63,0.55,1533.2,22.5,Rainfed,19.64
Koraput,Eastern Ghat High Land,Sandy Loam,Kharif,Maize,1.0,94.8,63.5,49.3,5.77,0.57,1523.9,24.2,Rainfed,14.98
Ganjam,South Eastern Coastal Plain,Alluvial,Kharif,Groundnut,0.6,56.2,42.9,48.9,7.04,0.48,1450.0,27.6,Borewell,9.24
Ganjam,South Eastern Coastal Plain,Alluvial,Rabi,Green Gram (Moong),0.57,31.2,29.9,32.0,6.25,0.4,102.9,23.9,Borewell,3.98
Bargarh,Western Central Table Land,Alluvial,Kharif,Groundnut,1.41,27.1,55.5,51.3,6.98,0.7,1181.2,27.5,Canal,5.98
Koraput,Eastern Ghat High Land,Red Laterite,Kharif,Ragi (Mandia),0.62,59.3,22.0,32.1,5.4,0.44,1350.5,20.5,Rainfed,8.93
Koraput,Eastern Ghat High Land,Red Laterite,Kharif,Ragi (Mandia),3.07,33.4,9.3,38.9,6.11,0.57,1270.4,22.7,Borewell,5.18
Kalahandi,Western Undulating Zone,Black Soil,Kharif,Groundnut,0.6,0.0,46.0,38.3,6.86,0.47,1229.3,30.1,Rainfed,2.5
Cuttack,East & South Eastern Coastal Plain,Alluvial,Rabi,Green Gram (Moong),3.65,26.2,40.4,30.2,6.81,0.47,106.9,23.8,Borewell,6.5
Sambalpur,Western Central Table Land,Red Laterite,Rabi,Green Gram (Moong),2.95,37.5,41.8,22.1,7.15,0.79,53.3,24.5,Rainfed,5.84
Cuttack,East & South Eastern Coastal Plain,Sandy Loam,Rabi,Green Gram (Moong),2.01,13.0,48.1,12.2,7.01,0.51,173.7,26.9,Borewell,3.37
Ganjam,South Eastern Coastal Plain,Red Laterite,Rabi,Green Gram (Moong),3.42,14.7,42.8,10.9,6.87,0.29,199.1,26.0,Borewell,2.91
Ganjam,South Eastern Coastal Plain,Red Laterite,Kharif,Groundnut,0.35,42.1,45.4,12.6,6.56,0.6,1357.1,28.1,Rainfed,2.5
Bargarh,Western Central Table Land,Alluvial,Kharif,Groundnut,1.14,47.1,65.4,44.2,6.67,0.59,890.0,28.0,Canal,10.98
Puri,East & South Eastern Coastal Plain,Coastal Saline,Rabi,Green Gram (Moong),0.55,24.0,26.8,5.8,7.53,0.77,97.6,26.3,Borewell,4.21
Kalahandi,Western Undulating Zone,Red Laterite,Kharif,Maize,2.38,79.7,71.8,50.8,6.42,0.69,1068.0,32.0,Rainfed,21.35
Kalahandi,Western Undulating Zone,Red Laterite,Kharif,Maize,3.0,104.2,43.1,58.5,5.89,0.58,1303.1,29.6,Borewell,21.15
Mayurbhanj,North Central Plateau,Red Laterite,Kharif,Ragi (Mandia),2.86,0.0,40.3,21.3,6.11,0.41,1779.2,26.5,Rainfed,2.5
Sundargarh,North Western Plateau,Sandy Loam,Rabi,Mustard,1.51,93.9,31.7,40.2,5.53,0.46,210.4,25.9,Rainfed,7.15
Bargarh,Western Central Table Land,Black Soil,Rabi,Paddy (Rabi),1.11,79.1,12.6,41.1,7.1,0.54,115.2,26.0,Canal,9.44
Puri,East & South Eastern Coastal Plain,Coastal Saline,Kharif,Paddy (Kharif),1.52,76.3,59.5,25.9,7.49,0.57,1147.3,26.4,Borewell,15.04
Balasore,North Eastern Coastal Plain,Alluvial,Kharif,Paddy (Kharif),1.44,66.3,39.2,43.7,6.7,0.68,1256.6,27.3,Borewell,18.48
Ganjam,South Eastern Coastal Plain,Alluvial,Rabi,Green Gram (Moong),0.57,33.2,47.4,1.9,5.97,0.56,168.8,24.8,Borewell,2.5
Bargarh,Western Central Table Land,Alluvial,Rabi,Paddy (Rabi),2.53,78.2,34.9,48.7,6.99,0.5,204.6,26.1,Canal,15.31
Bargarh,Western Central Table Land,Black Soil,Kharif,Groundnut,0.88,0.0,50.5,44.0,6.64,0.45,1174.4,27.1,Rainfed,2.5
Ganjam,South Eastern Coastal Plain,Red Laterite,Kharif,Ragi (Mandia),0.66,75.5,24.8,4.2,6.92,0.53,1219.7,25.6,Borewell,3.27
Sambalpur,Western Central Table Land,Red Laterite,Rabi,Paddy (Rabi),1.26,79.9,69.4,58.4,6.86,0.7,235.0,23.5,Canal,28.46
Cuttack,East & South Eastern Coastal Plain,Sandy Loam,Rabi,Green Gram (Moong),1.03,0.0,46.3,36.4,6.26,0.61,165.0,22.6,Borewell,2.5
Koraput,Eastern Ghat High Land,Red Laterite,Kharif,Ragi (Mandia),0.52,78.3,24.5,30.9,5.9,0.61,1275.7,21.8,Rainfed,7.01
Puri,East & South Eastern Coastal Plain,Coastal Saline,Kharif,Groundnut,1.04,68.5,46.4,64.5,7.12,0.24,1032.1,29.9,Rainfed,8.14
Cuttack,East & South Eastern Coastal Plain,Sandy Loam,Rabi,Paddy (Rabi),0.24,152.1,62.0,49.4,6.37,0.57,89.1,24.9,Rainfed,31.71
Cuttack,East & South Eastern Coastal Plain,Alluvial,Kharif,Paddy (Kharif),1.68,76.4,34.5,46.0,6.78,0.57,1477.2,28.6,Borewell,13.34
Mayurbhanj,North Central Plateau,Sandy Loam,Kharif,Ragi (Mandia),1.18,52.2,17.3,56.2,5.65,0.35,1454.8,28.7,Rainfed,6.5
Puri,East & South Eastern Coastal Plain,Alluvial,Rabi,Green Gram (Moong),1.37,40.6,60.0,17.9,6.76,0.52,49.1,25.5,Borewell,6.53
Koraput,Eastern Ghat High Land,Red Laterite,Kharif,Ragi (Mandia),0.95,85.9,3.0,5.8,5.78,0.68,1400.6,22.4,Borewell,2.5
Kalahandi,Western Undulating Zone,Black Soil,Kharif,Groundnut,5.99,5.4,57.2,68.1,5.89,0.55,1367.6,27.2,Borewell,5.93
Koraput,Eastern Ghat High Land,Red Laterite,Kharif,Ragi (Mandia),1.52,65.5,37.1,31.4,5.81,0.45,1552.6,20.7,Rainfed,6.34
Cuttack,East & South Eastern Coastal Plain,Alluvial,Rabi,Green Gram (Moong),0.7,0.0,31.5,0.0,6.5,0.53,176.8,23.4,Borewell,2.5
Ganjam,South Eastern Coastal Plain,Red Laterite,Kharif,Ragi (Mandia),1.82,39.5,31.7,21.7,6.19,0.62,1298.6,28.6,Borewell,11.89
Koraput,Eastern Ghat High Land,Sandy Loam,Kharif,Maize,1.7,91.8,51.1,36.1,5.28,0.37,943.6,22.4,Borewell,13.64
Kalahandi,Western Undulating Zone,Red Laterite,Kharif,Groundnut,0.59,47.0,60.4,45.4,6.41,0.47,990.3,29.3,Rainfed,9.78
Sambalpur,Western Central Table Land,Black Soil,Rabi,Green Gram (Moong),2.27,26.2,47.2,0.0,6.34,0.95,137.6,26.4,Canal,2.5
Sambalpur,Western Central Table Land,Black Soil,Rabi,Green Gram (Moong),2.22,19.0,48.9,21.5,6.38,0.31,111.8,26.3,Canal,3.5
Koraput,Eastern Ghat High Land,Sandy Loam,Kharif,Maize,0.89,102.9,44.1,42.2,5.41,0.32,1289.6,26.0,Rainfed,14.63
Cuttack,East & South Eastern Coastal Plain,Alluvial,Rabi,Mustard,2.7,26.2,23.0,29.9,6.95,0.46,135.3,24.3,Rainfed,2.5
Koraput,Eastern Ghat High Land,Sandy Loam,Kharif,Maize,1.14,132.3,47.9,45.8,5.68,0.55,1727.1,23.2,Rainfed,20.44
Bargarh,Western Central Table Land,Alluvial,Kharif,Paddy (Kharif),2.11,98.1,62.2,40.0,6.28,0.72,1586.3,28.2,Canal,24.38
Kalahandi,Western Undulating Zone,Black Soil,Kharif,Ragi (Mandia),2.24,93.8,16.4,20.4,5.85,0.15,1442.3,29.9,Rainfed,7.72
Sundargarh,North Western Plateau,Red Laterite,Kharif,Ragi (Mandia),0.96,54.7,12.8,0.0,6.0,0.61,1334.8,27.4,Rainfed,2.5
Kalahandi,Western Undulating Zone,Red Laterite,Kharif,Ragi (Mandia),0.94,43.8,13.1,28.7,6.44,0.46,1321.5,29.8,Rainfed,8.86
Kalahandi,Western Undulating Zone,Black Soil,Kharif,Ragi (Mandia),0.49,8.1,14.4,46.1,6.35,0.45,938.7,26.3,Rainfed,5.85
Puri,East & South Eastern Coastal Plain,Alluvial,Rabi,Green Gram (Moong),1.52,11.5,66.9,31.0,7.2,0.7,121.1,23.9,Rainfed,3.89
Mayurbhanj,North Central Plateau,Sandy Loam,Kharif,Maize,2.69,119.1,57.8,55.9,6.4,0.72,1442.4,26.6,Borewell,22.59
Sundargarh,North Western Plateau,Sandy Loam,Rabi,Mustard,0.47,28.6,18.1,51.3,5.77,0.72,177.0,22.9,Borewell,5.23
Kalahandi,Western Undulating Zone,Black Soil,Kharif,Ragi (Mandia),2.64,67.5,22.7,2.0,6.2,0.7,1315.7,29.6,Rainfed,2.5
Puri,East & South Eastern Coastal Plain,Coastal Saline,Kharif,Groundnut,4.98,8.0,50.8,33.6,6.67,0.55,1293.4,26.7,Borewell,3.93
Ganjam,South Eastern Coastal Plain,Red Laterite,Kharif,Ragi (Mandia),1.05,75.1,22.4,23.9,6.24,0.56,923.7,28.4,Rainfed,6.89
Bargarh,Western Central Table Land,Alluvial,Rabi,Paddy (Rabi),1.44,99.9,48.4,3.4,7.2,0.39,176.7,27.4,Canal,3.18
Sundargarh,North Western Plateau,Sandy Loam,Rabi,Mustard,2.86,63.7,33.5,34.7,5.26,0.68,148.0,22.2,Rainfed,5.42
Sundargarh,North Western Plateau,Red Laterite,Kharif,Ragi (Mandia),1.14,65.9,26.7,24.2,5.63,0.61,1335.8,24.6,Rainfed,6.37
Kalahandi,Western Undulating Zone,Black Soil,Kharif,Maize,2.04,114.9,41.8,65.4,5.84,0.58,860.4,29.4,Rainfed,12.17
Puri,East & South Eastern Coastal Plain,Coastal Saline,Kharif,Groundnut,1.16,13.0,43.4,25.0,7.03,0.78,1627.5,26.8,Rainfed,3.9
Ganjam,South Eastern Coastal Plain,Red Laterite,Kharif,Groundnut,1.19,37.1,60.3,50.4,6.26,0.48,1338.0,29.8,Borewell,11.65
Cuttack,East & South Eastern Coastal Plain,Sandy Loam,Rabi,Mustard,0.53,35.6,36.1,7.0,6.43,0.48,110.9,24.2,Rainfed,2.5
Sambalpur,Western Central Table Land,Red Laterite,Kharif,Maize,3.88,105.4,67.9,52.1,6.59,0.6,1086.1,28.0,Canal,21.9
Kalahandi,Western Undulating Zone,Red Laterite,Kharif,Groundnut,2.67,45.6,45.7,47.1,6.26,0.69,1119.5,27.7,Rainfed,13.41
Ganjam,South Eastern Coastal Plain,Red Laterite,Kharif,Ragi (Mandia),1.42,15.6,23.2,3.8,6.88,0.48,1051.6,29.1,Rainfed,2.5
Sundargarh,North Western Plateau,Red Laterite,Kharif,Ragi (Mandia),1.52,39.1,0.0,36.4,5.33,0.48,1621.0,26.5,Rainfed,3.69
Sambalpur,Western Central Table Land,Black Soil,Kharif,Maize,3.64,104.1,41.1,22.9,6.85,0.25,1328.5,29.4,Rainfed,8.76
Bargarh,Western Central Table Land,Alluvial,Kharif,Paddy (Kharif),0.57,71.8,48.0,24.4,7.37,0.65,973.7,26.2,Canal,13.17
Koraput,Eastern Ghat High Land,Red Laterite,Kharif,Ragi (Mandia),4.14,86.8,56.6,18.9,5.47,0.76,1488.1,23.4,Rainfed,10.12
Cuttack,East & South Eastern Coastal Plain,Alluvial,Kharif,Paddy (Kharif),2.24,106.9,40.8,31.5,6.14,0.71,1489.6,27.7,Borewell,16.83
Cuttack,East & South Eastern Coastal Plain,Alluvial,Rabi,Green Gram (Moong),0.96,44.2,52.5,20.4,6.64,0.32,221.3,23.1,Borewell,5.07
Sundargarh,North Western Plateau,Sandy Loam,Rabi,Mustard,1.31,68.9,18.3,22.2,5.4,0.33,218.3,24.4,Borewell,4.12
Koraput,Eastern Ghat High Land,Red Laterite,Kharif,Ragi (Mandia),3.11,83.2,20.8,22.0,5.38,0.46,1435.1,23.2,Rainfed,8.55
Koraput,Eastern Ghat High Land,Sandy Loam,Kharif,Maize,1.37,97.2,46.1,33.7,4.95,0.76,1329.9,27.4,Rainfed,13.62
Cuttack,East & South Eastern Coastal Plain,Alluvial,Rabi,Green Gram (Moong),2.72,19.6,48.5,47.5,5.87,0.5,116.8,24.5,Borewell,5.3
Cuttack,East & South Eastern Coastal Plain,Alluvial,Rabi,Mustard,1.36,74.9,2.6,35.0,6.35,0.55,88.4,19.2,Rainfed,2.5
Balasore,North Eastern Coastal Plain,Sandy Loam,Rabi,Mustard,0.93,59.8,25.2,31.1,7.0,0.53,252.4,23.1,Borewell,7.65
Bargarh,Western Central Table Land,Alluvial,Kharif,Paddy (Kharif),2.41,62.6,43.4,39.6,6.62,0.54,1219.4,28.0,Canal,29.32
Sundargarh,North Western Plateau,Sandy Loam,Rabi,Mustard,2.27,49.9,24.0,41.7,5.73,0.5,240.6,25.8,Borewell,5.87
Koraput,Eastern Ghat High Land,Red Laterite,Kharif,Ragi (Mandia),3.24,79.8,27.9,17.7,4.49,0.5,1465.5,24.1,Rainfed,6.07
Mayurbhanj,North Central Plateau,Red Laterite,Kharif,Paddy (Kharif),0.71,106.1,46.3,16.4,5.63,0.84,1567.8,27.8,Borewell,8.79
Sundargarh,North Western Plateau,Sandy Loam,Kharif,Ragi (Mandia),0.99,52.6,19.5,16.9,5.58,0.68,1372.6,26.5,Rainfed,3.98
Kalahandi,Western Undulating Zone,Red Laterite,Kharif,Ragi (Mandia),3.84,61.2,14.7,8.8,6.52,0.64,1559.6,29.4,Borewell,5.29
Sambalpur,Western Central Table Land,Red Laterite,Kharif,Maize,0.7,100.8,78.2,25.6,5.74,0.39,1181.1,28.5,Rainfed,18.36
Mayurbhanj,North Central Plateau,Sandy Loam,Rabi,Mustard,0.8,32.5,22.6,31.0,5.49,0.84,81.1,20.5,Borewell,3.37
Ganjam,South Eastern Coastal Plain,Red Laterite,Kharif,Groundnut,1.32,0.0,50.4,56.5,6.86,0.64,1345.7,28.3,Borewell,2.5
Sundargarh,North Western Plateau,Sandy Loam,Rabi,Mustard,2.0,74.7,27.4,46.8,5.83,0.37,180.1,23.1,Rainfed,7.46
Puri,East & South Eastern Coastal Plain,Coastal Saline,Rabi,Paddy (Rabi),4.56,70.9,49.6,71.8,7.13,0.43,71.5,23.6,Borewell,20.92
Cuttack,East & South Eastern Coastal Plain,Alluvial,Kharif,Paddy (Kharif),2.15,56.2,58.2,43.3,6.47,0.15,1074.7,27.4,Rainfed,22.73
Mayurbhanj,North Central Plateau,Red Laterite,Rabi,Mustard,3.33,47.3,24.6,28.3,5.49,0.38,253.4,21.7,Rainfed,3.74
Puri,East & South Eastern Coastal Plain,Alluvial,Rabi,Paddy (Rabi),2.28,140.5,62.4,67.9,6.95,0.65,133.3,27.3,Borewell,36.43
Balasore,North Eastern Coastal Plain,Alluvial,Kharif,Paddy (Kharif),2.13,77.5,77.3,37.6,6.08,0.25,1043.5,26.7,Rainfed,26.16
Ganjam,South Eastern Coastal Plain,Alluvial,Kharif,Paddy (Kharif),1.41,81.6,32.0,46.6,6.37,0.45,1118.2,26.1,Borewell,16.19
Ganjam,South Eastern Coastal Plain,Alluvial,Rabi,Green Gram (Moong),0.9,1.5,44.5,17.7,6.84,0.37,270.6,21.4,Borewell,2.5
Kalahandi,Western Undulating Zone,Red Laterite,Kharif,Maize,2.05,139.7,58.1,27.9,6.21,0.44,1105.0,27.5,Rainfed,14.3
Sambalpur,Western Central Table Land,Black Soil,Kharif,Maize,1.65,65.9,70.4,29.5,6.5,0.41,1439.1,27.0,Canal,12.34
Sambalpur,Western Central Table Land,Black Soil,Rabi,Green Gram (Moong),1.45,39.7,45.1,43.7,6.52,0.86,227.3,22.2,Canal,6.8
Sundargarh,North Western Plateau,Red Laterite,Kharif,Ragi (Mandia),1.18,37.6,50.1,20.4,5.64,0.66,1141.3,26.0,Rainfed,7.94
Sundargarh,North Western Plateau,Sandy Loam,Kharif,Ragi (Mandia),1.24,53.2,13.6,0.7,5.16,0.52,1339.2,28.3,Borewell,2.5
Balasore,North Eastern Coastal Plain,Alluvial,Kharif,Paddy (Kharif),1.72,110.9,41.2,44.6,6.62,0.58,1496.7,26.4,Rainfed,23.91
Ganjam,South Eastern Coastal Plain,Alluvial,Kharif,Ragi (Mandia),1.34,63.8,26.3,8.9,6.41,0.32,1320.0,27.6,Borewell,7.17
Puri,East & South Eastern Coastal Plain,Coastal Saline,Rabi,Paddy (Rabi),1.36,80.9,30.9,34.4,6.91,0.35,95.4,26.6,Rainfed,14.08
Sambalpur,Western Central Table Land,Red Laterite,Kharif,Maize,0.65,77.3,39.8,53.8,6.66,0.52,1522.3,28.3,Canal,17.15
Koraput,Eastern Ghat High Land,Sandy Loam,Kharif,Maize,5.36,56.4,61.6,47.5,5.31,0.79,1406.5,23.0,Rainfed,11.1
Sambalpur,Western Central Table Land,Black Soil,Kharif,Paddy (Kharif),1.52,92.7,48.1,30.8,7.25,0.4,1570.7,28.2,Rainfed,15.03
Mayurbhanj,North Central Plateau,Sandy Loam,Rabi,Mustard,0.71,72.4,35.2,20.0,4.97,0.35,100.8,22.3,Borewell,3.79
Kalahandi,Western Undulating Zone,Red Laterite,Kharif,Maize,0.94,91.2,49.2,8.8,6.28,0.63,999.4,27.9,Rainfed,7.35
Ganjam,South Eastern Coastal Plain,Red Laterite,Kharif,Ragi (Mandia),1.72,40.1,36.7,51.5,7.37,0.4,1242.4,28.1,Borewell,7.36
Bargarh,Western Central Table Land,Black Soil,Kharif,Groundnut,1.95,2.1,38.4,38.0,6.52,0.88,1742.8,27.3,Canal,5.12
Koraput,Eastern Ghat High Land,Red Laterite,Kharif,Maize,1.05,85.5,55.0,42.0,5.98,0.24,1259.6,24.5,Borewell,20.07
Ganjam,South Eastern Coastal Plain,Alluvial,Rabi,Green Gram (Moong),1.25,0.0,59.7,38.6,6.9,0.55,109.0,23.6,Borewell,2.5
Bargarh,Western Central Table Land,Black Soil,Kharif,Groundnut,0.67,20.1,59.4,73.7,6.46,0.78,1422.6,27.6,Canal,17.3
Ganjam,South Eastern Coastal Plain,Alluvial,Kharif,Groundnut,1.13,49.1,81.1,73.7,6.63,0.53,1580.8,29.4,Borewell,14.18
Balasore,North Eastern Coastal Plain,Sandy Loam,Rabi,Mustard,2.28,82.6,6.9,48.4,6.26,0.24,156.5,23.0,Rainfed,2.5
Puri,East & South Eastern Coastal Plain,Alluvial,Rabi,Green Gram (Moong),2.38,46.1,35.5,29.6,6.58,0.63,107.4,29.0,Rainfed,4.99
Kalahandi,Western Undulating Zone,Red Laterite,Kharif,Groundnut,2.92,47.5,38.2,43.8,5.81,0.41,1384.8,27.2,Rainfed,11.06
Ganjam,South Eastern Coastal Plain,Alluvial,Rabi,Green Gram (Moong),0.33,53.9,29.6,44.4,6.92,0.48,195.6,23.7,Borewell,5.18
Bargarh,Western Central Table Land,Black Soil,Rabi,Paddy (Rabi),0.9,140.6,35.6,53.6,6.84,0.68,179.0,22.6,Canal,30.61
Ganjam,South Eastern Coastal Plain,Alluvial,Kharif,Groundnut,1.04,0.0,56.4,73.9,7.07,0.42,1422.5,29.4,Borewell,2.5
Puri,East & South Eastern Coastal Plain,Alluvial,Kharif,Paddy (Kharif),1.39,73.0,28.3,87.5,7.83,0.46,1500.4,30.2,Borewell,12.67
Sambalpur,Western Central Table Land,Black Soil,Rabi,Green Gram (Moong),2.09,0.0,25.6,18.7,7.05,0.77,117.6,24.7,Canal,2.5
Koraput,Eastern Ghat High Land,Sandy Loam,Kharif,Maize,0.34,83.2,54.0,32.2,5.81,0.57,1378.6,21.6,Rainfed,12.03
Koraput,Eastern Ghat High Land,Sandy Loam,Kharif,Ragi (Mandia),2.85,40.2,0.0,27.3,5.47,0.49,1406.5,23.4,Borewell,2.5
Mayurbhanj,North Central Plateau,Sandy Loam,Kharif,Maize,5.49,55.9,45.3,42.3,5.55,0.24,1870.7,24.8,Rainfed,12.52
Koraput,Eastern Ghat High Land,Sandy Loam,Kharif,Maize,1.99,82.2,49.5,4.0,5.07,0.3,1764.7,25.2,Rainfed,2.5
Mayurbhanj,North Central Plateau,Sandy Loam,Rabi,Mustard,1.73,71.0,34.7,47.2,5.22,0.57,248.2,25.4,Borewell,4.49
Kalahandi,Western Undulating Zone,Red Laterite,Kharif,Maize,2.18,126.8,51.2,52.4,6.12,0.45,1083.1,28.3,Rainfed,19.9
Sundargarh,North Western Plateau,Red Laterite,Kharif,Ragi (Mandia),1.34,33.9,11.8,43.4,5.11,0.51,1049.7,26.0,Borewell,6.35
Koraput,Eastern Ghat High Land,Sandy Loam,Kharif,Ragi (Mandia),0.69,29.1,40.8,16.8,5.99,0.32,1075.1,23.4,Rainfed,8.49
Ganjam,South Eastern Coastal Plain,Alluvial,Kharif,Paddy (Kharif),2.71,104.8,45.3,61.6,6.71,0.61,1182.7,28.1,Rainfed,26.55
Koraput,Eastern Ghat High Land,Sandy Loam,Kharif,Maize,0.37,103.6,62.1,48.1,5.32,0.69,1224.7,22.5,Rainfed,15.36
Sambalpur,Western Central Table Land,Red Laterite,Kharif,Paddy (Kharif),1.12,90.5,20.0,36.7,6.19,0.5,1422.5,27.7,Canal,13.46
Sundargarh,North Western Plateau,Red Laterite,Rabi,Mustard,1.02,96.7,25.8,48.5,5.08,0.54,219.6,24.6,Borewell,4.86
Puri,East & South Eastern Coastal Plain,Coastal Saline,Rabi,Green Gram (Moong),2.68,7.6,29.3,14.7,7.87,0.6,125.7,24.5,Borewell,3.44
Puri,East & South Eastern Coastal Plain,Alluvial,Kharif,Groundnut,0.73,30.5,22.5,30.3,6.79,0.34,1191.6,25.1,Borewell,4.35
Mayurbhanj,North Central Plateau,Sandy Loam,Kharif,Paddy (Kharif),3.07,88.5,49.5,52.3,5.56,0.54,1678.4,28.2,Rainfed,18.29
Kalahandi,Western Undulating Zone,Black Soil,Kharif,Ragi (Mandia),1.2,106.8,15.8,2.5,6.65,0.64,1354.7,33.2,Rainfed,3.43
Cuttack,East & South Eastern Coastal Plain,Alluvial,Rabi,Green Gram (Moong),0.87,32.8,29.9,10.2,7.09,0.69,56.5,24.3,Borewell,2.71
Balasore,North Eastern Coastal Plain,Alluvial,Rabi,Green Gram (Moong),1.65,11.3,45.2,20.1,6.68,0.62,55.2,21.9,Borewell,6.83
Puri,East & South Eastern Coastal Plain,Alluvial,Kharif,Paddy (Kharif),1.84,87.3,35.8,53.9,6.91,0.51,1253.1,25.7,Rainfed,16.51
Mayurbhanj,North Central Plateau,Sandy Loam,Kharif,Ragi (Mandia),0.58,59.8,5.4,2.2,6.07,0.55,1712.4,28.2,Rainfed,2.5
Sundargarh,North Western Plateau,Red Laterite,Rabi,Mustard,0.5,58.0,37.0,45.3,5.84,0.51,245.3,24.7,Rainfed,8.6
Balasore,North Eastern Coastal Plain,Sandy Loam,Rabi,Paddy (Rabi),0.91,134.1,56.4,76.1,6.2,0.56,132.8,24.6,Rainfed,36.82
Balasore,North Eastern Coastal Plain,Alluvial,Rabi,Paddy (Rabi),0.97,84.2,64.1,32.0,6.07,0.7,138.7,22.5,Rainfed,12.79
Balasore,North Eastern Coastal Plain,Alluvial,Rabi,Mustard,2.35,33.1,19.2,16.8,6.22,0.66,153.3,23.9,Rainfed,2.5
Cuttack,East & South Eastern Coastal Plain,Alluvial,Kharif,Paddy (Kharif),0.55,82.4,65.4,34.8,6.62,0.29,1297.6,28.5,Rainfed,27.03
Koraput,Eastern Ghat High Land,Sandy Loam,Kharif,Maize,0.92,104.4,62.2,28.2,5.76,0.48,1246.4,24.6,Rainfed,15.28
Puri,East & South Eastern Coastal Plain,Coastal Saline,Kharif,Groundnut,1.78,12.0,40.7,37.9,7.26,0.49,1903.3,28.0,Rainfed,4.8
Kalahandi,Western Undulating Zone,Red Laterite,Kharif,Maize,1.15,73.7,54.7,49.7,6.63,0.74,1100.3,31.9,Rainfed,19.37
Ganjam,South Eastern Coastal Plain,Alluvial,Rabi,Green Gram (Moong),1.04,7.4,46.2,14.7,6.94,0.7,213.1,23.2,Borewell,2.5
Mayurbhanj,North Central Plateau,Red Laterite,Kharif,Paddy (Kharif),1.08,96.3,42.1,68.1,6.24,0.53,1676.0,26.4,Rainfed,21.24
Ganjam,South Eastern Coastal Plain,Red Laterite,Kharif,Groundnut,2.54,51.1,25.6,58.6,6.58,0.51,1586.0,28.4,Borewell,6.82
Koraput,Eastern Ghat High Land,Red Laterite,Kharif,Maize,0.32,91.4,45.0,20.5,5.44,0.62,1311.5,27.0,Borewell,9.19
Sambalpur,Western Central Table Land,Black Soil,Rabi,Green Gram (Moong),0.6,0.0,60.8,1.1,6.96,0.47,224.2,25.0,Rainfed,2.5
Kalahandi,Western Undulating Zone,Red Laterite,Kharif,Groundnut,2.71,52.2,22.1,43.8,5.88,0.61,590.5,28.7,Rainfed,3.6
Sundargarh,North Western Plateau,Sandy Loam,Kharif,Ragi (Mandia),1.03,55.8,9.3,18.4,5.46,0.62,1691.5,28.0,Rainfed,2.5
Puri,East & South Eastern Coastal Plain,Alluvial,Rabi,Paddy (Rabi),1.19,80.1,72.0,42.9,7.38,0.44,105.7,23.0,Rainfed,13.1
Cuttack,East & South Eastern Coastal Plain,Alluvial,Kharif,Paddy (Kharif),2.85,105.7,43.3,16.7,6.49,0.59,1390.5,28.3,Borewell,16.73
Ganjam,South Eastern Coastal Plain,Alluvial,Kharif,Ragi (Mandia),1.19,62.0,20.6,62.1,6.1,0.55,1136.6,28.0,Rainfed,9.9
Kalahandi,Western Undulating Zone,Black Soil,Kharif,Ragi (Mandia),2.52,65.6,32.2,18.2,5.89,0.48,1448.3,28.9,Borewell,7.43
Puri,East & South Eastern Coastal Plain,Coastal Saline,Rabi,Paddy (Rabi),4.92,135.2,45.5,35.4,7.06,0.58,108.3,27.9,Rainfed,24.49
Sambalpur,Western Central Table Land,Black Soil,Rabi,Paddy (Rabi),0.98,138.0,40.0,44.8,6.61,0.42,182.6,27.2,Canal,26.8
Bargarh,Western Central Table Land,Black Soil,Kharif,Groundnut,3.35,0.4,28.9,36.1,6.66,0.59,1019.2,29.1,Canal,2.5
Balasore,North Eastern Coastal Plain,Alluvial,Rabi,Mustard,1.75,87.5,26.4,65.6,6.68,0.63,130.3,23.0,Borewell,6.1
Bargarh,Western Central Table Land,Black Soil,Kharif,Paddy (Kharif),2.51,90.0,19.8,75.1,6.5,0.43,1301.0,28.4,Canal,17.61
Sambalpur,Western Central Table Land,Black Soil,Kharif,Paddy (Kharif),0.73,79.3,45.4,49.8,6.69,0.61,1185.9,29.1,Rainfed,18.13
Balasore,North Eastern Coastal Plain,Sandy Loam,Rabi,Paddy (Rabi),0.42,82.3,51.6,51.0,6.5,0.46,196.1,21.2,Rainfed,25.57
Ganjam,South Eastern Coastal Plain,Alluvial,Rabi,Green Gram (Moong),1.62,9.7,43.0,1.9,6.51,0.52,207.2,24.5,Rainfed,2.5
Sundargarh,North Western Plateau,Red Laterite,Kharif,Ragi (Mandia),2.5,44.4,15.9,30.5,5.26,0.49,1581.5,28.2,Rainfed,6.07
Koraput,Eastern Ghat High Land,Sandy Loam,Kharif,Maize,3.64,73.7,22.8,26.6,5.49,0.51,1171.5,23.9,Borewell,2.5
Cuttack,East & South Eastern Coastal Plain,Alluvial,Rabi,Green Gram (Moong),1.65,12.8,50.1,5.5,6.81,0.62,144.5,24.5,Rainfed,2.5
Kalahandi,Western Undulating Zone,Red Laterite,Kharif,Groundnut,0.68,35.0,63.4,28.8,6.44,0.71,1470.5,25.9,Borewell,9.36
Koraput,Eastern Ghat High Land,Sandy Loam,Kharif,Ragi (Mandia),1.82,34.7,23.2,0.0,5.76,0.76,1321.1,24.1,Rainfed,2.5
Puri,East & South Eastern Coastal Plain,Alluvial,Kharif,Groundnut,2.03,33.2,60.7,47.2,6.71,0.44,1508.9,26.7,Rainfed,10.39
Balasore,North Eastern Coastal Plain,Alluvial,Kharif,Groundnut,0.31,4.1,65.0,27.6,6.39,0.48,1500.3,27.2,Rainfed,2.5
Sambalpur,Western Central Table Land,Black Soil,Kharif,Maize,1.49,127.9,62.6,51.9,6.91,0.68,1088.3,27.0,Canal,20.07
Sambalpur,Western Central Table Land,Red Laterite,Rabi,Green Gram (Moong),1.25,22.2,40.6,27.6,6.44,0.43,158.2,23.2,Rainfed,3.86
Koraput,Eastern Ghat High Land,Sandy Loam,Kharif,Maize,1.99,87.9,49.8,46.1,5.35,0.54,1549.0,25.0,Borewell,17.97
Kalahandi,Western Undulating Zone,Black Soil,Kharif,Groundnut,1.74,42.0,44.8,26.1,6.38,0.58,872.7,30.8,Rainfed,7.41
Balasore,North Eastern Coastal Plain,Sandy Loam,Kharif,Groundnut,1.68,19.0,52.0,43.9,7.39,0.61,1395.6,25.7,Borewell,5.99
Kalahandi,Western Undulating Zone,Black Soil,Kharif,Ragi (Mandia),4.21,72.8,28.3,33.0,6.18,0.51,963.4,30.3,Rainfed,9.16
Koraput,Eastern Ghat High Land,Sandy Loam,Kharif,Maize,1.46,117.3,46.5,28.0,5.55,0.63,1357.7,24.3,Borewell,18.6
Bargarh,Western Central Table Land,Alluvial,Kharif,Groundnut,2.99,24.6,25.4,39.4,7.17,0.2,1337.7,29.5,Canal,6.52
Sundargarh,North Western Plateau,Red Laterite,Kharif,Ragi (Mandia),0.68,39.5,3.3,29.9,5.26,0.53,1184.8,27.1,Rainfed,2.5
Bargarh,Western Central Table Land,Alluvial,Kharif,Groundnut,2.9,8.2,37.9,62.8,7.05,0.77,1414.1,29.4,Canal,2.95
Cuttack,East & South Eastern Coastal Plain,Sandy Loam,Kharif,Paddy (Kharif),3.42,51.2,38.3,57.3,6.79,0.6,1477.9,26.4,Borewell,18.32
Bargarh,Western Central Table Land,Alluvial,Kharif,Paddy (Kharif),0.99,84.5,46.9,18.0,6.47,0.52,1048.2,29.3,Canal,14.51
Mayurbhanj,North Central Plateau,Sandy Loam,Kharif,Paddy (Kharif),0.75,74.5,36.8,39.2,4.87,0.71,1718.8,28.8,Borewell,7.26
Cuttack,East & South Eastern Coastal Plain,Sandy Loam,Rabi,Paddy (Rabi),3.16,109.0,40.0,62.2,6.39,0.65,57.7,25.3,Rainfed,30.28
Sundargarh,North Western Plateau,Red Laterite,Rabi,Mustard,3.07,74.3,17.3,31.9,5.44,0.52,146.2,18.0,Rainfed,2.5
Sundargarh,North Western Plateau,Red Laterite,Kharif,Ragi (Mandia),1.05,69.3,26.5,10.8,5.42,0.65,1372.6,26.4,Rainfed,4.53
Ganjam,South Eastern Coastal Plain,Red Laterite,Kharif,Ragi (Mandia),2.66,58.7,16.5,20.3,7.1,0.57,1279.9,30.6,Borewell,6.95
Kalahandi,Western Undulating Zone,Black Soil,Kharif,Ragi (Mandia),3.7,70.0,3.1,43.8,6.38,0.45,1445.5,29.6,Borewell,2.5
Sundargarh,North Western Plateau,Red Laterite,Kharif,Ragi (Mandia),2.72,75.3,31.9,5.8,5.2,0.55,1519.2,25.7,Borewell,4.16
Sundargarh,North Western Plateau,Red Laterite,Rabi,Mustard,1.68,45.3,47.1,6.4,5.57,0.71,226.0,23.8,Rainfed,3.27
Bargarh,Western Central Table Land,Alluvial,Kharif,Paddy (Kharif),1.42,103.0,63.8,41.0,6.87,0.78,1229.1,26.8,Rainfed,23.41
Ganjam,South Eastern Coastal Plain,Alluvial,Kharif,Ragi (Mandia),1.81,82.1,17.3,58.1,6.32,0.59,1109.7,27.5,Rainfed,10.58
Sambalpur,Western Central Table Land,Red Laterite,Rabi,Paddy (Rabi),3.4,112.0,28.8,57.4,6.32,0.59,282.7,23.4,Canal,20.61
Kalahandi,Western Undulating Zone,Red Laterite,Kharif,Groundnut,2.19,64.7,25.2,61.2,6.28,0.61,1197.9,30.2,Rainfed,7.1
Bargarh,Western Central Table Land,Alluvial,Kharif,Paddy (Kharif),0.41,92.3,25.8,34.6,6.41,0.62,1402.5,30.2,Rainfed,9.84
Sundargarh,North Western Plateau,Sandy Loam,Rabi,Mustard,3.32,74.7,25.9,14.8,5.18,0.44,248.8,24.6,Rainfed,3.65
Balasore,North Eastern Coastal Plain,Sandy Loam,Kharif,Paddy (Kharif),2.76,122.3,32.3,13.4,6.37,0.51,1569.3,27.1,Borewell,15.13
Cuttack,East & South Eastern Coastal Plain,Sandy Loam,Rabi,Paddy (Rabi),1.5,132.2,59.0,57.1,6.51,0.26,320.5,25.5,Rainfed,27.49
Mayurbhanj,North Central Plateau,Red Laterite,Kharif,Ragi (Mandia),0.71,20.1,0.0,17.6,5.91,0.58,1302.2,26.5,Rainfed,2.5
Puri,East & South Eastern Coastal Plain,Alluvial,Rabi,Green Gram (Moong),0.6,19.3,49.3,17.0,6.73,0.49,140.7,23.7,Borewell,3.06
Balasore,North Eastern Coastal Plain,Alluvial,Rabi,Mustard,2.05,20.2,60.0,16.7,6.45,0.8,109.3,24.9,Borewell,3.9
Koraput,Eastern Ghat High Land,Sandy Loam,Kharif,Maize,2.35,74.5,43.7,20.1,5.84,0.61,1945.2,20.2,Rainfed,10.81
Koraput,Eastern Ghat High Land,Sandy Loam,Kharif,Ragi (Mandia),0.29,37.8,19.2,3.5,5.98,0.54,1750.4,23.9,Rainfed,2.5
Balasore,North Eastern Coastal Plain,Alluvial,Rabi,Green Gram (Moong),1.5,37.8,42.5,26.1,6.04,0.64,151.9,22.4,Borewell,5.79
Puri,East & South Eastern Coastal Plain,Alluvial,Rabi,Green Gram (Moong),2.79,0.0,36.3,8.7,6.92,0.67,163.0,26.5,Borewell,2.5
Sambalpur,Western Central Table Land,Black Soil,Kharif,Paddy (Kharif),1.93,86.9,22.6,35.1,5.86,0.63,1010.8,31.3,Rainfed,10.46
Puri,East & South Eastern Coastal Plain,Coastal Saline,Kharif,Paddy (Kharif),0.86,40.4,52.0,34.2,6.58,0.61,1552.4,27.7,Rainfed,14.73
Puri,East & South Eastern Coastal Plain,Coastal Saline,Rabi,Paddy (Rabi),2.49,99.3,48.7,35.3,7.2,0.57,136.1,24.9,Borewell,19.37
Koraput,Eastern Ghat High Land,Sandy Loam,Kharif,Ragi (Mandia),1.08,60.0,38.2,23.0,5.04,0.51,1873.4,21.8,Rainfed,10.66
Ganjam,South Eastern Coastal Plain,Red Laterite,Rabi,Green Gram (Moong),0.93,10.8,32.5,20.4,6.15,0.61,59.8,24.8,Borewell,2.5
Sambalpur,Western Central Table Land,Red Laterite,Rabi,Green Gram (Moong),1.56,24.9,55.3,0.0,6.97,0.25,255.2,25.6,Canal,2.5
Sambalpur,Western Central Table Land,Red Laterite,Kharif,Maize,1.0,92.8,17.3,34.7,6.52,0.8,1029.6,28.9,Canal,7.95
Mayurbhanj,North Central Plateau,Sandy Loam,Rabi,Mustard,1.93,64.5,30.9,31.9,5.71,0.68,304.7,22.6,Borewell,6.55
Puri,East & South Eastern Coastal Plain,Alluvial,Kharif,Groundnut,2.88,14.5,54.7,52.9,6.84,0.7,1180.9,27.5,Borewell,9.39
Balasore,North Eastern Coastal Plain,Alluvial,Rabi,Mustard,0.57,13.0,1.9,60.9,5.72,0.48,204.6,24.1,Rainfed,2.5
Balasore,North Eastern Coastal Plain,Alluvial,Rabi,Green Gram (Moong),0.51,16.1,15.5,34.5,6.37,0.66,114.1,22.6,Rainfed,3.38
Koraput,Eastern Ghat High Land,Red Laterite,Kharif,Maize,0.8,69.1,9.6,34.8,5.39,0.17,1365.0,22.6,Rainfed,2.5
Ganjam,South Eastern Coastal Plain,Red Laterite,Rabi,Green Gram (Moong),0.71,0.0,70.9,36.9,6.48,0.33,122.8,23.1,Rainfed,2.5
Balasore,North Eastern Coastal Plain,Sandy Loam,Rabi,Mustard,0.98,17.4,31.0,35.7,6.29,0.46,142.0,25.7,Rainfed,2.5
Bargarh,Western Central Table Land,Black Soil,Rabi,Paddy (Rabi),0.61,112.9,47.9,31.2,6.89,0.61,200.3,23.1,Canal,12.76
Koraput,Eastern Ghat High Land,Red Laterite,Kharif,Maize,0.76,76.5,66.5,35.0,5.76,0.64,1185.5,25.8,Borewell,16.52
Balasore,North Eastern Coastal Plain,Sandy Loam,Rabi,Mustard,0.78,54.8,26.1,30.7,6.06,0.37,20.0,22.5,Borewell,6.94
Koraput,Eastern Ghat High Land,Sandy Loam,Kharif,Maize,1.14,120.3,56.5,42.6,5.19,0.49,1370.5,24.1,Rainfed,12.6
Mayurbhanj,North Central Plateau,Sandy Loam,Kharif,Paddy (Kharif),2.57,78.4,24.8,54.3,5.95,0.44,1257.4,24.5,Rainfed,12.65
Puri,East & South Eastern Coastal Plain,Coastal Saline,Rabi,Paddy (Rabi),0.5,136.3,36.1,39.0,6.81,0.66,120.5,28.1,Rainfed,17.69
Mayurbhanj,North Central Plateau,Sandy Loam,Kharif,Paddy (Kharif),2.1,96.4,50.0,47.0,6.16,0.37,1425.3,23.4,Borewell,25.51
Cuttack,East & South Eastern Coastal Plain,Alluvial,Rabi,Green Gram (Moong),0.83,15.7,51.1,11.0,7.01,0.57,211.1,22.8,Borewell,3.45
Cuttack,East & South Eastern Coastal Plain,Alluvial,Kharif,Paddy (Kharif),0.85,76.9,30.4,51.7,7.02,0.48,1539.5,25.7,Borewell,13.7
Koraput,Eastern Ghat High Land,Red Laterite,Kharif,Maize,1.03,102.1,62.6,55.2,5.59,0.62,1556.9,24.5,Rainfed,25.24
Bargarh,Western Central Table Land,Alluvial,Kharif,Paddy (Kharif),0.97,57.5,48.3,33.1,6.71,0.58,1138.7,29.5,Rainfed,15.53
Ganjam,South Eastern Coastal Plain,Red Laterite,Kharif,Paddy (Kharif),0.22,122.5,31.8,49.3,6.99,0.63,1241.5,25.9,Borewell,19.23
Kalahandi,Western Undulating Zone,Black Soil,Kharif,Ragi (Mandia),4.1,47.8,40.0,32.1,6.31,0.47,869.0,28.0,Rainfed,8.7
Cuttack,East & South Eastern Coastal Plain,Sandy Loam,Rabi,Green Gram (Moong),0.81,48.0,41.3,0.0,6.09,0.45,48.3,26.1,Borewell,2.5
Sundargarh,North Western Plateau,Sandy Loam,Rabi,Mustard,1.34,65.5,39.6,25.3,5.0,0.66,220.0,21.5,Rainfed,6.22
Balasore,North Eastern Coastal Plain,Alluvial,Kharif,Paddy (Kharif),3.01,79.1,24.4,32.4,6.43,0.42,1354.9,26.1,Rainfed,11.73
Koraput,Eastern Ghat High Land,Sandy Loam,Kharif,Maize,0.46,86.4,77.4,52.4,5.12,0.59,1502.4,22.3,Borewell,18.28
Puri,East & South Eastern Coastal Plain,Alluvial,Kharif,Groundnut,2.74,0.0,63.2,47.9,6.7,0.57,1709.6,29.7,Borewell,2.5
Cuttack,East & South Eastern Coastal Plain,Sandy Loam,Rabi,Paddy (Rabi),1.05,143.2,57.7,22.8,6.9,0.52,51.3,23.2,Borewell,19.93
Balasore,North Eastern Coastal Plain,Alluvial,Kharif,Paddy (Kharif),7.68,73.7,47.7,39.4,6.44,0.39,1731.5,26.7,Borewell,16.87
Cuttack,East & South Eastern Coastal Plain,Alluvial,Rabi,Paddy (Rabi),1.69,86.3,37.9,42.5,6.96,0.53,212.1,21.0,Borewell,17.35
Sundargarh,North Western Plateau,Sandy Loam,Rabi,Mustard,2.4,39.8,52.8,35.7,5.6,0.68,134.9,25.2,Borewell,5.48
Cuttack,East & South Eastern Coastal Plain,Alluvial,Rabi,Mustard,1.6,47.6,32.0,25.7,6.52,0.83,186.4,24.3,Rainfed,7.84
Koraput,Eastern Ghat High Land,Sandy Loam,Kharif,Ragi (Mandia),1.97,37.5,8.6,33.5,5.15,0.42,1321.5,24.9,Rainfed,2.5
Kalahandi,Western Undulating Zone,Red Laterite,Kharif,Ragi (Mandia),1.5,22.3,34.0,17.4,6.58,0.81,1063.1,31.9,Rainfed,4.74
Sambalpur,Western Central Table Land,Red Laterite,Rabi,Paddy (Rabi),1.02,88.7,67.2,67.2,6.94,0.71,52.3,26.9,Canal,29.67
Balasore,North Eastern Coastal Plain,Alluvial,Kharif,Paddy (Kharif),1.03,97.1,30.8,19.7,6.42,0.4,1509.6,28.0,Rainfed,14.4
Bargarh,Western Central Table Land,Black Soil,Rabi,Paddy (Rabi),3.86,134.3,53.0,51.1,6.51,0.89,152.0,22.7,Rainfed,26.76
Mayurbhanj,North Central Plateau,Red Laterite,Kharif,Ragi (Mandia),2.16,34.8,33.2,0.0,6.16,0.74,1440.2,26.3,Rainfed,2.5
Ganjam,South Eastern Coastal Plain,Alluvial,Rabi,Green Gram (Moong),1.4,23.4,37.8,11.6,7.11,0.41,226.1,27.3,Borewell,3.86
Koraput,Eastern Ghat High Land,Sandy Loam,Kharif,Maize,2.07,121.8,52.3,33.2,5.55,0.51,1230.5,24.0,Rainfed,12.54
Sambalpur,Western Central Table Land,Black Soil,Rabi,Paddy (Rabi),1.64,110.6,50.8,26.7,6.33,0.66,117.1,25.7,Canal,20.81
Bargarh,Western Central Table Land,Alluvial,Kharif,Paddy (Kharif),1.74,92.5,58.9,45.9,6.81,0.4,1462.9,26.8,Canal,23.41
Bargarh,Western Central Table Land,Black Soil,Kharif,Groundnut,0.87,14.4,28.8,29.1,6.76,0.54,1155.7,30.0,Canal,3.14
Puri,East & South Eastern Coastal Plain,Coastal Saline,Kharif,Groundnut,4.01,20.2,53.7,71.3,7.13,0.42,1252.3,29.4,Rainfed,5.83
Balasore,North Eastern Coastal Plain,Sandy Loam,Kharif,Paddy (Kharif),1.16,81.3,41.4,49.4,6.99,0.58,1483.0,28.0,Rainfed,16.62
Puri,East & South Eastern Coastal Plain,Alluvial,Kharif,Paddy (Kharif),1.7,95.0,35.8,45.3,7.15,0.55,1137.5,26.9,Rainfed,19.37
Koraput,Eastern Ghat High Land,Red Laterite,Kharif,Ragi (Mandia),0.59,58.0,5.3,74.0,5.52,0.43,1662.3,22.3,Rainfed,4.86
Sambalpur,Western Central Table Land,Black Soil,Rabi,Paddy (Rabi),1.42,115.3,39.7,41.4,7.26,0.58,205.8,25.3,Canal,17.24
Sambalpur,Western Central Table Land,Red Laterite,Kharif,Paddy (Kharif),1.16,107.4,37.7,23.5,6.83,0.71,1777.7,30.5,Rainfed,11.5
Sambalpur,Western Central Table Land,Red Laterite,Kharif,Maize,2.05,107.2,49.2,37.0,5.85,0.67,1354.7,27.1,Rainfed,20.86
Ganjam,South Eastern Coastal Plain,Red Laterite,Kharif,Ragi (Mandia),0.57,32.0,26.8,9.6,6.71,0.69,1157.6,30.9,Borewell,5.15
Kalahandi,Western Undulating Zone,Red Laterite,Kharif,Groundnut,2.46,4.6,60.5,73.9,5.81,0.57,1254.9,27.5,Borewell,3.34
Mayurbhanj,North Central Plateau,Sandy Loam,Kharif,Maize,1.36,103.4,46.4,18.3,6.18,0.78,1523.8,27.6,Rainfed,13.15
Sambalpur,Western Central Table Land,Red Laterite,Kharif,Paddy (Kharif),1.56,95.8,54.8,45.4,6.85,0.6,1418.7,26.4,Canal,20.95
Sundargarh,North Western Plateau,Sandy Loam,Rabi,Mustard,0.53,73.4,38.9,18.4,4.63,0.55,122.1,22.4,Rainfed,3.18
Ganjam,South Eastern Coastal Plain,Alluvial,Rabi,Green Gram (Moong),0.76,3.7,61.0,16.5,6.37,0.53,177.4,25.8,Borewell,2.5
Koraput,Eastern Ghat High Land,Red Laterite,Kharif,Maize,1.23,97.8,33.6,31.0,5.96,0.72,1047.8,21.1,Rainfed,10.53
Kalahandi,Western Undulating Zone,Black Soil,Kharif,Groundnut,0.75,71.9,45.7,24.6,6.01,0.52,1030.1,31.1,Rainfed,9.08
Koraput,Eastern Ghat High Land,Red Laterite,Kharif,Maize,2.75,113.2,57.7,53.8,5.4,0.6,944.1,22.9,Rainfed,17.22
Sundargarh,North Western Plateau,Red Laterite,Rabi,Mustard,0.7,82.6,17.8,9.9,5.12,0.58,106.2,21.9,Borewell,2.5
Koraput,Eastern Ghat High Land,Red Laterite,Kharif,Ragi (Mandia),1.67,59.9,18.0,25.9,4.98,0.54,1779.5,26.7,Rainfed,4.96
Kalahandi,Western Undulating Zone,Red Laterite,Kharif,Ragi (Mandia),2.1,46.1,40.2,6.6,5.83,0.84,1340.2,29.3,Rainfed,2.51
Sambalpur,Western Central Table Land,Black Soil,Kharif,Maize,3.56,93.9,36.4,66.0,6.63,0.48,1158.8,27.3,Canal,19.04
Mayurbhanj,North Central Plateau,Sandy Loam,Kharif,Maize,2.26,101.3,47.9,46.9,6.11,0.31,1686.0,26.7,Borewell,19.72
Puri,East & South Eastern Coastal Plain,Alluvial,Kharif,Paddy (Kharif),0.75,111.8,34.4,36.6,7.09,0.62,1233.2,28.4,Borewell,20.45
Kalahandi,Western Undulating Zone,Black Soil,Kharif,Ragi (Mandia),1.46,38.1,36.8,0.0,6.1,0.55,924.1,29.7,Borewell,2.5
Sambalpur,Western Central Table Land,Red Laterite,Rabi,Green Gram (Moong),0.77,19.7,48.8,42.2,6.31,0.52,164.1,23.7,Rainfed,5.76
Puri,East & South Eastern Coastal Plain,Coastal Saline,Kharif,Groundnut,1.69,12.0,53.2,48.7,7.3,0.5,933.0,27.1,Rainfed,10.12
Mayurbhanj,North Central Plateau,Sandy Loam,Kharif,Paddy (Kharif),2.09,105.4,45.3,55.3,5.7,0.34,1556.9,27.6,Borewell,15.69
Cuttack,East & South Eastern Coastal Plain,Alluvial,Rabi,Green Gram (Moong),2.6,24.3,38.1,20.2,6.29,0.35,94.3,26.2,Rainfed,2.5
Cuttack,East & South Eastern Coastal Plain,Sandy Loam,Kharif,Paddy (Kharif),0.44,110.2,37.9,51.5,6.95,0.61,709.1,28.7,Borewell,23.84
Sambalpur,Western Central Table Land,Red Laterite,Rabi,Green Gram (Moong),1.89,40.0,55.0,20.0,6.36,0.61,245.5,21.9,Canal,5.5
Cuttack,East & South Eastern Coastal Plain,Sandy Loam,Kharif,Paddy (Kharif),1.38,106.1,56.4,59.2,6.97,0.49,1538.3,28.3,Borewell,23.88
Cuttack,East & South Eastern Coastal Plain,Alluvial,Rabi,Green Gram (Moong),0.67,32.5,28.0,0.0,6.21,0.91,144.1,24.8,Rainfed,2.5
Cuttack,East & South Eastern Coastal Plain,Sandy Loam,Rabi,Paddy (Rabi),1.12,97.5,53.0,41.1,6.36,0.74,59.2,23.0,Rainfed,23.55
Sundargarh,North Western Plateau,Sandy Loam,Kharif,Ragi (Mandia),0.51,80.9,25.9,0.0,4.89,0.26,1368.3,26.8,Borewell,2.5
Bargarh,Western Central Table Land,Alluvial,Rabi,Paddy (Rabi),1.8,100.7,57.2,33.9,6.63,0.76,84.0,24.0,Canal,28.42
Ganjam,South Eastern Coastal Plain,Red Laterite,Kharif,Ragi (Mandia),1.55,44.9,12.3,38.5,6.24,0.62,1130.6,29.3,Rainfed,5.74
Ganjam,South Eastern Coastal Plain,Red Laterite,Kharif,Ragi (Mandia),1.22,102.3,14.0,14.4,6.37,0.61,1221.9,29.6,Rainfed,2.5
Mayurbhanj,North Central Plateau,Sandy Loam,Kharif,Paddy (Kharif),1.03,23.4,31.5,18.6,5.59,0.63,1536.5,25.0,Rainfed,6.55
Balasore,North Eastern Coastal Plain,Alluvial,Kharif,Paddy (Kharif),1.97,86.9,28.3,59.7,6.69,0.71,1357.8,27.4,Rainfed,20.74
Balasore,North Eastern Coastal Plain,Sandy Loam,Rabi,Mustard,0.77,43.0,13.5,3.2,6.21,0.63,127.5,24.6,Borewell,2.5
Ganjam,South Eastern Coastal Plain,Red Laterite,Kharif,Paddy (Kharif),2.87,90.3,35.4,54.0,6.98,0.56,1102.8,28.5,Rainfed,16.89
Kalahandi,Western Undulating Zone,Red Laterite,Kharif,Groundnut,0.89,47.5,42.3,52.4,6.04,0.25,1136.3,29.9,Borewell,10.53
Puri,East & South Eastern Coastal Plain,Coastal Saline,Kharif,Paddy (Kharif),0.85,68.5,40.6,81.1,7.19,1.0,1283.8,24.5,Rainfed,23.72
Sundargarh,North Western Plateau,Sandy Loam,Kharif,Ragi (Mandia),1.67,89.6,16.1,9.9,5.0,0.63,1207.5,28.8,Rainfed,3.66
Cuttack,East & South Eastern Coastal Plain,Sandy Loam,Rabi,Mustard,1.32,63.7,34.3,52.2,6.59,0.68,130.5,22.6,Borewell,7.06
Cuttack,East & South Eastern Coastal Plain,Sandy Loam,Rabi,Paddy (Rabi),2.28,98.5,57.9,33.7,6.6,0.33,225.5,20.1,Rainfed,19.62
Kalahandi,Western Undulating Zone,Red Laterite,Kharif,Ragi (Mandia),1.68,0.0,49.5,0.0,5.89,0.34,1224.7,28.4,Borewell,2.5
Cuttack,East & South Eastern Coastal Plain,Sandy Loam,Rabi,Green Gram (Moong),1.88,11.3,49.7,7.2,6.7,0.76,205.1,24.8,Rainfed,3.76
Koraput,Eastern Ghat High Land,Red Laterite,Kharif,Maize,0.29,84.5,47.4,49.8,5.53,0.89,1568.9,24.9,Rainfed,20.21
Balasore,North Eastern Coastal Plain,Alluvial,Kharif,Paddy (Kharif),2.84,82.6,30.2,55.2,6.85,0.45,1157.1,25.2,Borewell,17.83
Cuttack,East & South Eastern Coastal Plain,Sandy Loam,Kharif,Paddy (Kharif),2.27,85.6,47.0,28.2,6.26,0.83,1279.7,28.1,Borewell,16.86
Bargarh,Western Central Table Land,Alluvial,Kharif,Groundnut,0.57,24.2,32.6,60.9,7.2,0.49,1276.0,26.2,Canal,4.18
Ganjam,South Eastern Coastal Plain,Alluvial,Kharif,Paddy (Kharif),2.13,100.5,29.9,23.3,6.47,0.61,1175.7,30.4,Borewell,17.37
Puri,East & South Eastern Coastal Plain,Coastal Saline,Kharif,Groundnut,1.35,32.2,38.9,73.9,6.45,0.77,1533.9,28.1,Rainfed,11.39
Sundargarh,North Western Plateau,Sandy Loam,Kharif,Ragi (Mandia),0.83,84.3,23.2,34.4,5.17,0.57,1362.3,25.6,Borewell,7.65
Koraput,Eastern Ghat High Land,Red Laterite,Kharif,Ragi (Mandia),1.14,23.0,33.8,0.0,5.15,0.55,1511.0,23.9,Rainfed,2.5
Puri,East & South Eastern Coastal Plain,Coastal Saline,Kharif,Paddy (Kharif),1.09,110.9,50.8,50.5,7.29,0.54,1273.6,26.6,Rainfed,20.98
Koraput,Eastern Ghat High Land,Sandy Loam,Kharif,Maize,4.64,126.2,56.6,48.9,5.82,0.66,1471.7,23.3,Rainfed,17.22
Sambalpur,Western Central Table Land,Red Laterite,Kharif,Maize,1.25,105.6,58.8,40.9,6.24,0.91,1128.4,27.6,Canal,23.98
Kalahandi,Western Undulating Zone,Red Laterite,Kharif,Groundnut,0.7,77.4,50.8,83.8,6.85,0.73,988.3,29.5,Borewell,11.82
Puri,East & South Eastern Coastal Plain,Coastal Saline,Rabi,Paddy (Rabi),0.65,137.5,78.4,38.6,7.01,0.86,226.1,26.8,Borewell,26.71
Ganjam,South Eastern Coastal Plain,Red Laterite,Rabi,Green Gram (Moong),3.3,38.6,12.9,15.4,6.81,0.41,132.0,25.4,Borewell,2.5
Ganjam,South Eastern Coastal Plain,Red Laterite,Rabi,Green Gram (Moong),1.2,39.3,58.8,36.6,7.01,0.63,99.5,24.7,Rainfed,5.61
Sundargarh,North Western Plateau,Red Laterite,Kharif,Ragi (Mandia),1.54,37.3,21.0,44.3,4.81,0.23,1455.9,26.6,Rainfed,3.68
Sambalpur,Western Central Table Land,Red Laterite,Kharif,Maize,0.73,66.2,72.1,23.1,6.83,0.77,1499.4,26.3,Rainfed,16.89
Koraput,Eastern Ghat High Land,Sandy Loam,Kharif,Ragi (Mandia),1.86,51.1,0.0,0.0,4.98,0.69,1104.5,25.6,Rainfed,2.5
Mayurbhanj,North Central Plateau,Red Laterite,Kharif,Maize,2.69,54.3,46.5,48.4,5.93,0.47,1986.0,26.6,Borewell,15.48
Puri,East & South Eastern Coastal Plain,Alluvial,Rabi,Paddy (Rabi),2.41,104.6,62.6,32.0,7.0,0.73,184.4,25.5,Borewell,26.88
Balasore,North Eastern Coastal Plain,Alluvial,Rabi,Paddy (Rabi),0.74,156.5,46.6,48.2,6.79,0.33,256.2,21.9,Rainfed,21.63
Cuttack,East & South Eastern Coastal Plain,Alluvial,Rabi,Green Gram (Moong),1.42,17.0,29.7,15.6,6.56,0.35,180.7,26.1,Borewell,3.2
Ganjam,South Eastern Coastal Plain,Red Laterite,Rabi,Green Gram (Moong),1.83,17.9,48.3,32.2,7.26,0.52,215.2,24.6,Rainfed,5.2
Mayurbhanj,North Central Plateau,Sandy Loam,Rabi,Mustard,1.9,92.2,39.2,49.2,6.09,0.48,116.7,22.4,Rainfed,7.19
Koraput,Eastern Ghat High Land,Red Laterite,Kharif,Ragi (Mandia),2.98,59.1,1.8,8.5,5.76,0.51,1219.8,23.8,Rainfed,2.5
Koraput,Eastern Ghat High Land,Red Laterite,Kharif,Maize,3.66,57.3,50.5,47.7,5.36,0.38,1237.4,21.3,Borewell,15.3
Balasore,North Eastern Coastal Plain,Alluvial,Kharif,Groundnut,0.78,53.3,25.9,47.1,6.73,0.5,1396.7,25.7,Borewell,7.86
Puri,East & South Eastern Coastal Plain,Alluvial,Rabi,Green Gram (Moong),2.67,0.0,56.1,30.3,7.03,0.43,181.4,24.6,Rainfed,2.67
Balasore,North Eastern Coastal Plain,Sandy Loam,Kharif,Groundnut,1.94,17.3,74.7,45.6,6.34,0.6,1457.4,26.0,Borewell,12.07
Puri,East & South Eastern Coastal Plain,Coastal Saline,Kharif,Paddy (Kharif),0.79,113.9,49.5,36.7,7.25,0.2,1368.6,26.8,Rainfed,20.66
Kalahandi,Western Undulating Zone,Black Soil,Kharif,Maize,2.15,115.5,21.8,60.4,6.42,0.47,1313.1,28.8,Borewell,14.66
Kalahandi,Western Undulating Zone,Red Laterite,Kharif,Ragi (Mandia),3.89,94.9,31.3,42.2,5.88,0.67,1031.4,28.9,Rainfed,9.87
Mayurbhanj,North Central Plateau,Red Laterite,Rabi,Mustard,3.2,33.4,42.6,31.6,5.88,0.4,166.8,20.2,Rainfed,4.55
Puri,East & South Eastern Coastal Plain,Coastal Saline,Rabi,Paddy (Rabi),1.08,107.0,50.5,59.4,6.85,0.7,122.2,23.9,Borewell,24.45
Puri,East & South Eastern Coastal Plain,Alluvial,Kharif,Paddy (Kharif),1.82,92.1,68.3,63.9,6.82,0.66,1237.0,28.4,Rainfed,31.2
Balasore,North Eastern Coastal Plain,Alluvial,Kharif,Paddy (Kharif),3.87,90.2,76.4,33.0,6.54,0.56,1623.0,26.1,Borewell,23.11
Sundargarh,North Western Plateau,Red Laterite,Rabi,Mustard,0.46,32.3,29.8,5.6,5.28,0.61,110.1,24.4,Rainfed,2.5
Mayurbhanj,North Central Plateau,Sandy Loam,Kharif,Paddy (Kharif),1.11,98.0,48.1,53.0,5.71,0.45,1223.0,23.8,Rainfed,17.25
Cuttack,East & South Eastern Coastal Plain,Sandy Loam,Rabi,Green Gram (Moong),1.92,2.0,37.6,43.8,6.65,0.47,108.9,24.4,Borewell,3.78
Balasore,North Eastern Coastal Plain,Alluvial,Kharif,Paddy (Kharif),1.03,61.0,26.4,62.3,6.5,0.63,1453.5,27.5,Rainfed,13.09
Sambalpur,Western Central Table Land,Red Laterite,Rabi,Green Gram (Moong),0.33,17.9,84.5,27.5,6.1,0.53,162.9,25.2,Canal,5.55
Balasore,North Eastern Coastal Plain,Sandy Loam,Kharif,Groundnut,2.78,39.3,41.8,52.9,5.84,0.52,1399.5,27.9,Rainfed,7.33
Kalahandi,Western Undulating Zone,Black Soil,Kharif,Maize,3.33,139.2,21.2,46.0,6.18,0.35,753.8,30.4,Rainfed,11.55
Sambalpur,Western Central Table Land,Black Soil,Kharif,Paddy (Kharif),5.93,58.7,51.2,48.1,6.75,0.51,1374.9,27.0,Rainfed,14.52
Bargarh,Western Central Table Land,Black Soil,Rabi,Paddy (Rabi),0.39,49.0,52.9,81.3,6.17,0.37,87.9,21.8,Rainfed,13.75
Ganjam,South Eastern Coastal Plain,Alluvial,Kharif,Ragi (Mandia),1.9,49.0,8.1,35.2,6.78,0.67,1538.1,28.7,Rainfed,3.02
Ganjam,South Eastern Coastal Plain,Alluvial,Kharif,Groundnut,1.34,25.2,44.4,66.3,6.56,0.48,1329.5,29.7,Rainfed,9.28
Ganjam,South Eastern Coastal Plain,Alluvial,Rabi,Green Gram (Moong),2.25,0.9,31.2,5.9,7.43,0.62,98.1,25.4,Rainfed,2.5
Kalahandi,Western Undulating Zone,Red Laterite,Kharif,Groundnut,0.8,34.3,40.8,43.0,6.05,0.44,975.2,28.9,Rainfed,8.77
Bargarh,Western Central Table Land,Alluvial,Rabi,Paddy (Rabi),1.02,67.9,40.6,35.5,6.9,0.67,235.1,23.2,Canal,14.81
Sambalpur,Western Central Table Land,Red Laterite,Rabi,Paddy (Rabi),2.89,101.0,47.4,40.7,6.5,0.82,139.8,20.4,Canal,19.82
Balasore,North Eastern Coastal Plain,Alluvial,Rabi,Mustard,3.41,26.1,17.8,20.6,6.66,0.44,126.7,21.1,Borewell,3.69
Koraput,Eastern Ghat High Land,Sandy Loam,Kharif,Maize,3.12,126.0,37.5,3.1,4.89,0.5,1221.2,23.4,Rainfed,2.5
Koraput,Eastern Ghat High Land,Sandy Loam,Kharif,Ragi (Mandia),1.05,55.6,24.2,12.9,5.87,0.41,1627.1,21.3,Rainfed,4.39
Sambalpur,Western Central Table Land,Red Laterite,Kharif,Paddy (Kharif),1.16,139.1,58.1,47.4,6.24,0.36,1364.2,28.3,Canal,26.09
Bargarh,Western Central Table Land,Black Soil,Kharif,Groundnut,3.13,8.5,66.2,60.6,6.49,0.61,1174.4,30.9,Canal,5.79
Bargarh,Western Central Table Land,Alluvial,Kharif,Groundnut,3.32,49.9,74.4,52.5,7.07,0.6,1051.0,25.0,Rainfed,11.49
Cuttack,East & South Eastern Coastal Plain,Alluvial,Rabi,Green Gram (Moong),1.2,29.7,39.5,16.5,6.92,0.61,236.2,23.8,Borewell,3.02
Kalahandi,Western Undulating Zone,Red Laterite,Kharif,Groundnut,2.68,1.6,64.5,55.0,6.42,0.57,1261.6,28.7,Rainfed,2.5
Kalahandi,Western Undulating Zone,Black Soil,Kharif,Maize,0.94,99.4,27.6,38.6,6.3,0.7,1330.5,29.3,Rainfed,15.6
Sundargarh,North Western Plateau,Sandy Loam,Rabi,Mustard,1.54,21.3,37.9,30.6,5.42,0.41,50.6,24.1,Borewell,2.5
Ganjam,South Eastern Coastal Plain,Alluvial,Kharif,Ragi (Mandia),2.61,68.3,36.6,0.0,6.19,0.55,1292.0,26.8,Rainfed,2.5
Sundargarh,North Western Plateau,Sandy Loam,Rabi,Mustard,1.71,38.9,28.5,30.7,5.66,0.41,219.1,24.3,Rainfed,4.81
Sundargarh,North Western Plateau,Sandy Loam,Kharif,Ragi (Mandia),1.13,64.9,21.9,51.7,5.12,0.56,1349.9,27.1,Borewell,8.2
Sambalpur,Western Central Table Land,Red Laterite,Rabi,Green Gram (Moong),2.77,41.3,26.1,28.9,6.59,0.4,196.0,25.3,Canal,5.65
Koraput,Eastern Ghat High Land,Sandy Loam,Kharif,Maize,0.25,89.7,56.2,57.1,5.38,0.61,1653.3,22.4,Rainfed,15.45
Puri,East & South Eastern Coastal Plain,Alluvial,Kharif,Paddy (Kharif),2.62,50.4,56.9,16.4,7.26,0.61,1138.8,26.0,Borewell,9.96
Sundargarh,North Western Plateau,Sandy Loam,Kharif,Ragi (Mandia),3.29,76.1,10.7,4.4,5.48,0.69,1358.9,28.5,Borewell,3.69
Sundargarh,North Western Plateau,Sandy Loam,Rabi,Mustard,0.8,58.1,7.5,15.4,5.43,0.42,78.5,23.4,Rainfed,2.5
Cuttack,East & South Eastern Coastal Plain,Alluvial,Rabi,Paddy (Rabi),0.84,133.8,55.4,55.7,7.15,0.62,205.2,24.4,Borewell,27.43
Bargarh,Western Central Table Land,Black Soil,Kharif,Paddy (Kharif),3.15,87.8,51.9,47.0,6.97,0.78,1274.9,25.8,Rainfed,17.88
Sundargarh,North Western Plateau,Sandy Loam,Rabi,Mustard,1.55,67.9,20.4,27.3,4.9,0.78,256.4,21.6,Borewell,2.5
Kalahandi,Western Undulating Zone,Red Laterite,Kharif,Ragi (Mandia),1.79,52.1,35.0,37.4,5.69,0.29,1885.7,30.2,Rainfed,12.39
Bargarh,Western Central Table Land,Alluvial,Kharif,Paddy (Kharif),2.12,71.6,36.6,47.6,6.66,0.72,1289.8,28.8,Rainfed,18.73
Balasore,North Eastern Coastal Plain,Sandy Loam,Kharif,Groundnut,0.9,13.8,44.1,17.5,6.08,0.43,1660.0,26.2,Rainfed,5.05
Bargarh,Western Central Table Land,Black Soil,Kharif,Paddy (Kharif),1.3,121.6,63.7,46.6,6.67,0.18,1357.5,28.1,Canal,18.59
Kalahandi,Western Undulating Zone,Black Soil,Kharif,Maize,1.92,94.8,64.2,54.3,6.17,0.56,888.9,28.7,Rainfed,19.43
Koraput,Eastern Ghat High Land,Sandy Loam,Kharif,Maize,1.07,134.6,61.3,22.3,5.68,0.42,1396.0,21.5,Rainfed,15.04
Cuttack,East & South Eastern Coastal Plain,Alluvial,Rabi,Green Gram (Moong),1.32,7.8,59.5,12.9,6.2,0.74,263.0,24.2,Rainfed,2.83
Puri,East & South Eastern Coastal Plain,Alluvial,Kharif,Paddy (Kharif),1.9,128.1,53.7,47.7,7.9,0.33,1326.7,27.8,Borewell,19.28
Cuttack,East & South Eastern Coastal Plain,Sandy Loam,Rabi,Green Gram (Moong),7.45,35.0,31.0,35.1,7.06,0.41,165.5,24.2,Borewell,4.65
Koraput,Eastern Ghat High Land,Red Laterite,Kharif,Ragi (Mandia),2.06,48.5,36.6,39.3,5.76,0.86,1128.3,22.4,Rainfed,16.73
Sambalpur,Western Central Table Land,Red Laterite,Rabi,Green Gram (Moong),1.89,15.0,30.1,13.1,6.32,0.51,417.9,22.4,Canal,2.97
Kalahandi,Western Undulating Zone,Black Soil,Kharif,Ragi (Mandia),0.29,74.0,16.4,45.9,6.1,0.55,1076.2,29.1,Rainfed,5.9
Kalahandi,Western Undulating Zone,Red Laterite,Kharif,Groundnut,0.42,19.3,59.7,46.0,6.31,0.62,843.2,29.9,Borewell,8.8
Sambalpur,Western Central Table Land,Black Soil,Rabi,Green Gram (Moong),2.27,24.4,30.6,0.0,6.93,0.46,164.5,24.5,Rainfed,2.5
Koraput,Eastern Ghat High Land,Sandy Loam,Kharif,Ragi (Mandia),2.49,43.3,17.8,26.2,5.34,0.7,1047.3,23.2,Rainfed,4.14
Koraput,Eastern Ghat High Land,Sandy Loam,Kharif,Ragi (Mandia),0.4,64.8,24.5,14.7,5.32,0.58,1310.8,23.5,Rainfed,8.25
Cuttack,East & South Eastern Coastal Plain,Alluvial,Rabi,Mustard,3.41,56.1,43.5,66.7,6.01,0.4,237.7,24.2,Rainfed,3.83
Balasore,North Eastern Coastal Plain,Alluvial,Rabi,Paddy (Rabi),4.41,99.6,41.1,30.3,6.53,0.62,123.9,24.6,Rainfed,15.38
Sambalpur,Western Central Table Land,Black Soil,Rabi,Green Gram (Moong),0.5,41.0,34.2,2.3,7.02,0.45,227.0,26.3,Canal,2.5
Mayurbhanj,North Central Plateau,Sandy Loam,Kharif,Paddy (Kharif),2.95,66.7,69.5,8.5,5.85,0.25,1642.0,27.4,Borewell,9.75
Kalahandi,Western Undulating Zone,Black Soil,Kharif,Groundnut,1.66,42.3,43.8,59.0,6.03,0.5,1407.8,29.4,Borewell,11.42
Ganjam,South Eastern Coastal Plain,Red Laterite,Kharif,Groundnut,1.23,58.6,56.2,59.8,6.81,0.41,1565.7,27.7,Borewell,12.75
Bargarh,Western Central Table Land,Black Soil,Kharif,Groundnut,0.52,28.5,56.2,37.1,6.77,0.25,1456.5,27.7,Rainfed,8.06
Sambalpur,Western Central Table Land,Black Soil,Rabi,Paddy (Rabi),2.21,100.4,31.3,45.8,6.83,0.65,154.4,23.1,Canal,18.9
Bargarh,Western Central Table Land,Black Soil,Rabi,Paddy (Rabi),1.03,115.0,42.1,65.5,7.22,0.47,185.4,23.7,Canal,23.61
Sundargarh,North Western Plateau,Red Laterite,Rabi,Mustard,0.96,46.6,23.3,17.4,4.8,0.59,152.6,23.2,Rainfed,2.5
Mayurbhanj,North Central Plateau,Red Laterite,Rabi,Mustard,1.4,25.5,44.8,35.8,5.38,0.7,146.9,22.6,Rainfed,2.68
Bargarh,Western Central Table Land,Alluvial,Kharif,Groundnut,0.84,0.0,36.0,46.0,7.48,0.6,1282.7,28.3,Canal,2.5
Kalahandi,Western Undulating Zone,Red Laterite,Kharif,Ragi (Mandia),3.17,41.5,32.4,42.0,5.96,0.44,1718.5,30.2,Borewell,8.8
Sambalpur,Western Central Table Land,Red Laterite,Rabi,Green Gram (Moong),1.79,37.0,59.5,5.8,5.9,0.64,156.6,24.3,Canal,4.06
Sambalpur,Western Central Table Land,Black Soil,Rabi,Paddy (Rabi),0.84,136.7,44.6,44.1,6.23,0.61,128.8,23.0,Canal,23.5
Mayurbhanj,North Central Plateau,Sandy Loam,Kharif,Ragi (Mandia),6.21,40.4,32.6,32.6,6.2,0.41,1248.1,26.0,Borewell,6.88
Sambalpur,Western Central Table Land,Red Laterite,Kharif,Maize,0.81,96.5,38.8,39.4,6.5,0.52,1087.0,29.1,Canal,17.37
Sundargarh,North Western Plateau,Red Laterite,Rabi,Mustard,1.11,31.2,30.0,29.3,5.78,0.65,98.8,22.0,Borewell,2.85
Kalahandi,Western Undulating Zone,Black Soil,Kharif,Ragi (Mandia),2.58,71.0,24.7,12.2,5.94,0.45,850.0,29.2,Borewell,8.23
Kalahandi,Western Undulating Zone,Black Soil,Kharif,Groundnut,0.67,28.3,48.2,53.3,6.14,0.45,789.9,33.8,Rainfed,11.99
Cuttack,East & South Eastern Coastal Plain,Alluvial,Kharif,Paddy (Kharif),1.08,107.7,52.9,57.0,6.65,0.55,1531.8,28.7,Borewell,30.73
Cuttack,East & South Eastern Coastal Plain,Sandy Loam,Rabi,Paddy (Rabi),1.21,111.2,35.3,46.3,6.47,0.48,135.5,23.6,Borewell,18.46
Balasore,North Eastern Coastal Plain,Sandy Loam,Kharif,Groundnut,2.8,7.0,51.3,39.1,5.67,0.69,1394.7,26.9,Rainfed,2.56
Puri,East & South Eastern Coastal Plain,Coastal Saline,Kharif,Paddy (Kharif),1.67,83.4,59.0,31.8,7.32,0.44,1672.8,29.1,Rainfed,12.96
Balasore,North Eastern Coastal Plain,Sandy Loam,Rabi,Mustard,1.69,29.4,20.8,29.4,6.41,0.49,176.2,21.7,Borewell,3.75
Balasore,North Eastern Coastal Plain,Alluvial,Rabi,Green Gram (Moong),1.71,23.7,44.7,27.4,6.31,0.86,214.8,22.4,Rainfed,5.63
Ganjam,South Eastern Coastal Plain,Red Laterite,Rabi,Green Gram (Moong),1.51,28.7,62.7,24.4,7.03,0.33,168.3,25.3,Rainfed,5.75
Bargarh,Western Central Table Land,Alluvial,Rabi,Paddy (Rabi),2.29,87.4,60.4,44.6,6.24,0.57,181.9,23.3,Canal,23.34
Kalahandi,Western Undulating Zone,Red Laterite,Kharif,Maize,4.1,99.4,52.4,22.3,6.46,0.57,1035.0,30.3,Rainfed,12.89
Kalahandi,Western Undulating Zone,Red Laterite,Kharif,Maize,1.99,141.0,43.8,42.0,6.91,0.54,825.7,33.0,Borewell,16.5
Sambalpur,Western Central Table Land,Red Laterite,Rabi,Paddy (Rabi),0.88,111.1,48.4,26.2,6.71,0.51,76.1,25.3,Rainfed,19.98
Balasore,North Eastern Coastal Plain,Sandy Loam,Kharif,Paddy (Kharif),0.25,124.0,52.0,34.8,5.88,0.71,1652.7,26.9,Rainfed,22.15
Cuttack,East & South Eastern Coastal Plain,Alluvial,Rabi,Mustard,2.57,48.8,36.5,34.0,6.9,0.43,205.5,26.8,Borewell,8.32
Cuttack,East & South Eastern Coastal Plain,Alluvial,Rabi,Paddy (Rabi),1.65,103.1,44.8,22.5,7.28,0.48,50.4,26.0,Borewell,14.55
Bargarh,Western Central Table Land,Black Soil,Kharif,Groundnut,2.6,30.8,59.4,61.1,7.1,0.5,798.7,28.9,Canal,13.85
Sambalpur,Western Central Table Land,Black Soil,Kharif,Maize,0.92,86.1,45.7,39.0,6.16,0.46,1355.1,29.4,Canal,17.26
Cuttack,East & South Eastern Coastal Plain,Alluvial,Kharif,Paddy (Kharif),1.87,66.3,17.5,39.9,6.68,0.58,1135.0,27.0,Borewell,10.33
Kalahandi,Western Undulating Zone,Red Laterite,Kharif,Groundnut,1.3,2.2,31.9,39.4,6.28,0.42,851.5,29.2,Rainfed,2.5
Bargarh,Western Central Table Land,Alluvial,Kharif,Groundnut,1.4,0.0,62.4,42.0,7.34,0.48,1237.0,29.3,Canal,2.5
Bargarh,Western Central Table Land,Alluvial,Rabi,Paddy (Rabi),0.73,121.9,52.2,70.4,6.7,0.57,184.5,24.4,Canal,29.66
Koraput,Eastern Ghat High Land,Sandy Loam,Kharif,Ragi (Mandia),0.99,107.5,40.5,13.8,4.94,0.67,1972.2,22.9,Rainfed,6.45
Sundargarh,North Western Plateau,Red Laterite,Kharif,Ragi (Mandia),3.1,84.2,31.0,35.0,5.85,0.64,1243.2,28.6,Rainfed,11.51
Puri,East & South Eastern Coastal Plain,Coastal Saline,Kharif,Paddy (Kharif),0.8,118.4,56.6,42.1,6.44,0.43,1498.8,29.4,Rainfed,27.39
Kalahandi,Western Undulating Zone,Red Laterite,Kharif,Groundnut,0.6,13.4,40.2,43.2,6.16,0.99,1402.7,30.5,Rainfed,6.05
Sundargarh,North Western Plateau,Sandy Loam,Kharif,Ragi (Mandia),1.05,65.3,30.5,3.0,5.83,0.57,1357.4,27.3,Rainfed,3.21
Ganjam,South Eastern Coastal Plain,Red Laterite,Kharif,Paddy (Kharif),1.03,86.5,50.3,32.0,6.27,0.58,1311.0,27.2,Borewell,19.92
Puri,East & South Eastern Coastal Plain,Alluvial,Rabi,Green Gram (Moong),3.87,62.2,31.4,4.2,6.6,0.48,163.1,24.5,Borewell,4.78
Bargarh,Western Central Table Land,Black Soil,Kharif,Groundnut,2.52,60.8,35.5,40.7,6.82,0.52,1171.0,27.9,Canal,7.9
Sambalpur,Western Central Table Land,Black Soil,Kharif,Maize,0.92,95.8,64.3,29.1,6.47,0.73,1070.6,30.0,Canal,20.52
Sambalpur,Western Central Table Land,Black Soil,Kharif,Maize,1.01,117.7,52.2,46.2,6.67,0.73,1119.7,27.7,Canal,17.81
Ganjam,South Eastern Coastal Plain,Red Laterite,Kharif,Groundnut,4.63,68.3,48.3,21.8,6.67,0.73,762.5,25.2,Borewell,7.23
Kalahandi,Western Undulating Zone,Red Laterite,Kharif,Maize,1.09,97.1,65.8,48.4,5.93,0.65,1598.7,25.8,Borewell,20.03
Puri,East & South Eastern Coastal Plain,Coastal Saline,Rabi,Green Gram (Moong),0.7,11.0,52.1,0.0,6.57,0.56,226.2,23.0,Borewell,2.5
Ganjam,South Eastern Coastal Plain,Alluvial,Kharif,Paddy (Kharif),1.54,81.4,53.2,95.3,7.22,0.58,1068.2,26.4,Rainfed,19.17
Mayurbhanj,North Central Plateau,Sandy Loam,Kharif,Ragi (Mandia),0.36,49.7,43.2,0.0,5.53,0.72,1305.8,26.1,Rainfed,2.5
Bargarh,Western Central Table Land,Black Soil,Kharif,Groundnut,1.35,39.7,51.4,51.4,7.0,0.7,1189.3,31.2,Canal,10.64
Sambalpur,Western Central Table Land,Red Laterite,Rabi,Paddy (Rabi),0.8,111.7,36.1,47.7,6.54,0.42,204.3,27.6,Canal,27.24
Kalahandi,Western Undulating Zone,Red Laterite,Kharif,Maize,0.89,49.6,32.8,32.9,5.16,0.46,1323.6,28.4,Rainfed,9.0
Mayurbhanj,North Central Plateau,Red Laterite,Kharif,Maize,2.56,65.9,39.3,16.6,5.59,0.6,1398.4,26.1,Rainfed,13.54
Cuttack,East & South Eastern Coastal Plain,Sandy Loam,Kharif,Paddy (Kharif),1.12,49.8,48.8,50.2,6.41,0.46,1476.9,28.7,Borewell,18.57
Koraput,Eastern Ghat High Land,Red Laterite,Kharif,Maize,1.9,144.3,57.1,49.5,5.09,0.63,1487.3,25.3,Borewell,17.63
Sambalpur,Western Central Table Land,Black Soil,Rabi,Paddy (Rabi),0.55,110.0,51.1,42.3,6.64,0.73,172.4,26.3,Rainfed,30.48
Mayurbhanj,North Central Plateau,Red Laterite,Kharif,Paddy (Kharif),1.99,113.1,41.2,26.4,6.35,0.54,1486.1,23.0,Borewell,23.21
Balasore,North Eastern Coastal Plain,Sandy Loam,Kharif,Paddy (Kharif),0.62,82.3,42.2,0.0,6.21,0.4,1619.2,24.7,Rainfed,4.11
Mayurbhanj,North Central Plateau,Red Laterite,Rabi,Mustard,0.25,91.5,49.9,17.3,5.33,0.47,102.0,23.5,Rainfed,5.52
Mayurbhanj,North Central Plateau,Sandy Loam,Kharif,Maize,1.79,67.6,57.7,38.2,6.12,0.66,1372.0,26.9,Rainfed,14.75
Mayurbhanj,North Central Plateau,Red Laterite,Kharif,Ragi (Mandia),1.61,42.5,29.4,11.3,5.44,0.5,1656.3,26.1,Rainfed,3.83
Balasore,North Eastern Coastal Plain,Sandy Loam,Rabi,Green Gram (Moong),2.61,3.6,29.3,6.8,6.56,0.32,209.9,22.8,Borewell,2.5
Sambalpur,Western Central Table Land,Black Soil,Kharif,Paddy (Kharif),1.32,48.2,62.0,63.5,6.18,0.36,951.0,27.2,Canal,22.27
Koraput,Eastern Ghat High Land,Sandy Loam,Kharif,Ragi (Mandia),5.02,62.0,31.2,24.2,5.57,0.44,1623.9,24.1,Rainfed,12.63
Mayurbhanj,North Central Plateau,Red Laterite,Rabi,Mustard,1.64,17.7,27.4,35.0,5.62,0.67,206.4,21.2,Borewell,3.61
Koraput,Eastern Ghat High Land,Sandy Loam,Kharif,Maize,1.4,91.9,33.6,31.5,5.73,0.47,1522.7,20.6,Borewell,8.64
Kalahandi,Western Undulating Zone,Black Soil,Kharif,Maize,0.86,117.6,38.9,40.0,6.29,0.44,1359.3,26.8,Rainfed,21.08
Ganjam,South Eastern Coastal Plain,Red Laterite,Kharif,Paddy (Kharif),0.44,92.2,35.9,66.9,6.92,0.7,1050.7,27.3,Borewell,22.03
Kalahandi,Western Undulating Zone,Black Soil,Kharif,Ragi (Mandia),0.76,64.5,40.5,34.5,6.37,0.61,1274.0,27.8,Borewell,13.92
Sambalpur,Western Central Table Land,Red Laterite,Rabi,Paddy (Rabi),3.5,89.5,26.0,45.3,6.5,0.45,213.6,25.7,Canal,18.81
Bargarh,Western Central Table Land,Alluvial,Kharif,Paddy (Kharif),0.53,62.5,46.7,34.9,6.83,0.44,1524.2,29.8,Canal,22.15
Cuttack,East & South Eastern Coastal Plain,Alluvial,Rabi,Mustard,1.46,33.8,30.8,54.9,6.48,0.71,189.2,21.7,Borewell,5.96
Cuttack,East & South Eastern Coastal Plain,Sandy Loam,Rabi,Green Gram (Moong),0.78,24.5,29.3,23.2,7.33,0.49,171.4,24.2,Rainfed,3.51
Mayurbhanj,North Central Plateau,Sandy Loam,Kharif,Paddy (Kharif),0.92,71.7,64.5,60.4,5.69,0.39,1347.2,27.3,Rainfed,21.41
Bargarh,Western Central Table Land,Alluvial,Kharif,Groundnut,2.53,39.3,39.5,60.3,7.23,0.59,1081.6,28.2,Rainfed,8.06
Balasore,North Eastern Coastal Plain,Alluvial,Rabi,Mustard,3.11,86.9,32.0,29.4,6.61,0.61,134.0,24.9,Borewell,7.62
Sambalpur,Western Central Table Land,Red Laterite,Kharif,Paddy (Kharif),1.54,132.4,30.0,32.6,6.22,0.34,1215.0,29.0,Canal,16.69
Cuttack,East & South Eastern Coastal Plain,Alluvial,Rabi,Green Gram (Moong),3.86,31.3,39.1,16.1,6.52,0.56,181.4,25.4,Rainfed,4.06
Puri,East & South Eastern Coastal Plain,Alluvial,Rabi,Paddy (Rabi),1.5,107.4,39.9,68.6,7.41,0.59,119.4,22.9,Borewell,23.06
Ganjam,South Eastern Coastal Plain,Red Laterite,Kharif,Ragi (Mandia),0.74,39.6,20.1,37.4,6.61,0.52,1236.5,24.7,Borewell,10.02
Balasore,North Eastern Coastal Plain,Alluvial,Rabi,Paddy (Rabi),0.35,137.8,76.0,32.7,6.69,0.61,175.1,26.4,Borewell,26.62
Cuttack,East & South Eastern Coastal Plain,Alluvial,Rabi,Paddy (Rabi),2.01,121.3,41.6,52.7,6.08,0.19,172.1,24.8,Borewell,24.2
Ganjam,South Eastern Coastal Plain,Alluvial,Kharif,Paddy (Kharif),0.71,141.2,34.5,49.9,7.06,0.5,943.1,27.1,Borewell,15.81
Bargarh,Western Central Table Land,Alluvial,Rabi,Paddy (Rabi),3.49,85.1,40.7,51.4,6.78,0.52,246.0,27.7,Rainfed,25.5
Sambalpur,Western Central Table Land,Red Laterite,Kharif,Maize,0.6,126.0,64.6,31.0,6.38,0.37,1456.7,27.9,Rainfed,13.53
Mayurbhanj,North Central Plateau,Sandy Loam,Rabi,Mustard,1.78,20.3,35.2,41.0,5.48,0.65,208.8,22.1,Borewell,3.47
Cuttack,East & South Eastern Coastal Plain,Alluvial,Rabi,Mustard,0.45,48.1,7.6,33.2,6.51,0.59,147.6,26.3,Borewell,2.5
Balasore,North Eastern Coastal Plain,Alluvial,Rabi,Green Gram (Moong),3.05,19.8,42.7,29.2,6.1,0.6,176.4,25.1,Borewell,7.88
Sambalpur,Western Central Table Land,Red Laterite,Rabi,Green Gram (Moong),1.4,0.0,29.6,0.0,5.73,0.55,139.6,22.5,Canal,2.5
Kalahandi,Western Undulating Zone,Red Laterite,Kharif,Ragi (Mandia),0.84,39.4,31.1,32.1,5.88,0.76,866.6,29.7,Rainfed,9.22
Sambalpur,Western Central Table Land,Red Laterite,Rabi,Paddy (Rabi),2.08,94.1,52.1,39.6,6.84,0.42,155.0,27.0,Canal,23.31
Puri,East & South Eastern Coastal Plain,Alluvial,Rabi,Green Gram (Moong),1.05,0.0,28.0,49.9,7.22,0.25,199.1,24.2,Rainfed,2.5
Mayurbhanj,North Central Plateau,Sandy Loam,Kharif,Ragi (Mandia),1.01,80.9,3.2,8.6,5.73,0.58,1414.8,23.4,Borewell,2.5
Mayurbhanj,North Central Plateau,Red Laterite,Rabi,Mustard,2.63,51.8,26.6,49.0,5.6,0.53,78.9,24.4,Rainfed,3.92
Sundargarh,North Western Plateau,Sandy Loam,Kharif,Ragi (Mandia),0.73,22.8,26.9,24.7,5.51,0.56,1225.7,25.5,Rainfed,3.14
Ganjam,South Eastern Coastal Plain,Red Laterite,Kharif,Ragi (Mandia),0.79,82.4,27.4,31.0,7.16,0.41,1019.1,27.9,Rainfed,7.69
Ganjam,South Eastern Coastal Plain,Red Laterite,Kharif,Paddy (Kharif),0.44,112.2,35.6,53.6,6.49,0.8,1249.6,31.5,Borewell,25.25
Koraput,Eastern Ghat High Land,Sandy Loam,Kharif,Ragi (Mandia),2.95,39.5,62.4,15.7,5.62,0.6,1410.3,23.7,Rainfed,7.87
Ganjam,South Eastern Coastal Plain,Alluvial,Kharif,Groundnut,2.15,0.0,55.5,40.3,7.27,0.61,1138.9,27.8,Borewell,2.5
Balasore,North Eastern Coastal Plain,Sandy Loam,Kharif,Groundnut,5.22,30.2,37.7,35.1,6.03,0.51,1256.7,25.9,Borewell,10.25
Bargarh,Western Central Table Land,Black Soil,Kharif,Paddy (Kharif),0.87,83.6,63.3,46.6,7.15,0.59,1370.7,27.3,Canal,24.77
Kalahandi,Western Undulating Zone,Red Laterite,Kharif,Ragi (Mandia),1.38,52.8,25.2,3.9,6.22,0.56,512.1,29.4,Borewell,2.5
Puri,East & South Eastern Coastal Plain,Alluvial,Rabi,Green Gram (Moong),1.58,41.7,27.1,13.1,7.14,0.62,189.4,25.8,Borewell,3.08
Koraput,Eastern Ghat High Land,Sandy Loam,Kharif,Maize,1.49,51.7,48.6,38.3,5.76,0.57,1464.9,22.3,Rainfed,12.86
Mayurbhanj,North Central Plateau,Red Laterite,Kharif,Maize,1.8,78.8,60.1,65.6,5.8,0.64,1130.6,23.9,Rainfed,18.88
Sambalpur,Western Central Table Land,Red Laterite,Kharif,Paddy (Kharif),2.66,112.9,40.2,38.0,7.02,0.54,1348.5,31.3,Rainfed,18.99
Kalahandi,Western Undulating Zone,Red Laterite,Kharif,Ragi (Mandia),3.13,81.1,39.9,25.0,6.18,0.61,959.6,26.6,Borewell,11.15
Bargarh,Western Central Table Land,Alluvial,Kharif,Groundnut,1.12,46.3,39.7,52.5,6.55,0.69,1265.9,26.2,Canal,11.24
Mayurbhanj,North Central Plateau,Red Laterite,Kharif,Paddy (Kharif),0.27,118.5,53.5,35.9,5.67,0.66,1357.8,24.5,Rainfed,22.84
Cuttack,East & South Eastern Coastal Plain,Sandy Loam,Kharif,Paddy (Kharif),2.61,76.8,46.1,53.5,6.15,0.43,1272.1,28.3,Rainfed,18.17
Mayurbhanj,North Central Plateau,Red Laterite,Kharif,Ragi (Mandia),2.02,0.0,12.6,28.9,5.97,0.63,1911.1,30.3,Rainfed,2.5
Cuttack,East & South Eastern Coastal Plain,Sandy Loam,Rabi,Mustard,0.4,26.8,37.1,35.1,6.47,0.59,179.4,23.2,Rainfed,3.45
Sundargarh,North Western Plateau,Red Laterite,Kharif,Ragi (Mandia),6.06,65.8,21.4,41.9,5.36,0.36,1458.6,27.7,Borewell,9.73
Ganjam,South Eastern Coastal Plain,Red Laterite,Kharif,Groundnut,8.74,20.9,67.1,39.7,6.53,0.66,1165.9,27.0,Rainfed,5.96
Kalahandi,Western Undulating Zone,Black Soil,Kharif,Ragi (Mandia),1.38,63.6,20.7,27.0,5.55,0.48,569.3,28.5,Rainfed,6.82
Puri,East & South Eastern Coastal Plain,Coastal Saline,Rabi,Paddy (Rabi),1.74,106.6,52.5,37.9,7.56,0.39,188.2,25.3,Rainfed,20.27
Puri,East & South Eastern Coastal Plain,Alluvial,Rabi,Paddy (Rabi),1.86,111.6,64.3,39.6,7.25,0.61,149.7,27.1,Borewell,24.58
Sundargarh,North Western Plateau,Red Laterite,Rabi,Mustard,0.55,117.7,8.5,39.0,5.22,0.69,163.9,19.9,Rainfed,3.11
Cuttack,East & South Eastern Coastal Plain,Sandy Loam,Rabi,Mustard,1.21,74.1,41.4,19.5,6.71,0.37,224.1,20.8,Borewell,6.49
Cuttack,East & South Eastern Coastal Plain,Sandy Loam,Kharif,Paddy (Kharif),3.37,85.4,63.3,52.6,7.06,0.37,1268.2,26.9,Rainfed,20.05
Puri,East & South Eastern Coastal Plain,Alluvial,Kharif,Paddy (Kharif),2.94,55.1,39.1,52.2,7.04,0.57,1850.4,27.6,Rainfed,16.0
Cuttack,East & South Eastern Coastal Plain,Alluvial,Kharif,Paddy (Kharif),4.19,68.6,53.6,37.1,6.13,0.4,1628.1,27.3,Borewell,19.95
Mayurbhanj,North Central Plateau,Sandy Loam,Rabi,Mustard,1.96,69.0,30.9,32.3,5.74,0.32,218.0,24.3,Borewell,3.17
Koraput,Eastern Ghat High Land,Sandy Loam,Kharif,Ragi (Mandia),5.7,53.7,25.2,25.5,5.21,0.47,1382.9,23.9,Borewell,9.18
Puri,East & South Eastern Coastal Plain,Alluvial,Kharif,Groundnut,0.76,0.7,38.5,76.7,7.31,0.52,1626.5,26.8,Rainfed,7.3
Koraput,Eastern Ghat High Land,Sandy Loam,Kharif,Ragi (Mandia),3.0,43.8,34.3,28.3,5.09,0.64,1740.9,27.1,Rainfed,9.83
Mayurbhanj,North Central Plateau,Red Laterite,Rabi,Mustard,1.95,64.8,54.6,52.5,5.66,0.6,69.1,23.0,Rainfed,6.95
Balasore,North Eastern Coastal Plain,Alluvial,Kharif,Paddy (Kharif),2.86,114.1,52.9,57.6,6.63,0.6,1430.7,25.7,Rainfed,23.11
Ganjam,South Eastern Coastal Plain,Red Laterite,Kharif,Paddy (Kharif),1.6,58.3,69.9,26.3,6.48,0.44,1172.5,27.3,Rainfed,21.69
Sambalpur,Western Central Table Land,Black Soil,Rabi,Paddy (Rabi),1.44,80.5,63.4,58.6,6.32,0.47,191.9,22.4,Canal,24.81
Kalahandi,Western Undulating Zone,Black Soil,Kharif,Ragi (Mandia),0.36,95.9,20.0,44.5,5.84,0.61,698.0,30.7,Borewell,8.3
Kalahandi,Western Undulating Zone,Red Laterite,Kharif,Groundnut,0.57,45.6,55.1,87.6,6.44,0.56,957.4,27.3,Rainfed,13.64
Sundargarh,North Western Plateau,Red Laterite,Kharif,Ragi (Mandia),2.17,10.8,45.0,37.6,5.35,0.48,1322.6,28.7,Rainfed,5.77
Mayurbhanj,North Central Plateau,Sandy Loam,Kharif,Maize,0.77,139.8,66.7,49.9,5.45,0.73,1438.8,25.3,Rainfed,21.21
Bargarh,Western Central Table Land,Black Soil,Kharif,Groundnut,0.44,17.9,71.6,54.1,6.63,0.28,1029.4,26.3,Rainfed,13.27
Mayurbhanj,North Central Plateau,Sandy Loam,Kharif,Paddy (Kharif),0.9,95.8,17.9,28.7,5.59,0.6,1343.0,27.7,Rainfed,9.59
Bargarh,Western Central Table Land,Alluvial,Kharif,Groundnut,0.39,44.6,72.9,57.5,6.73,0.59,1300.4,32.7,Canal,13.98
Balasore,North Eastern Coastal Plain,Alluvial,Rabi,Mustard,2.37,76.2,53.1,54.0,6.12,0.59,144.2,27.3,Rainfed,8.16
Kalahandi,Western Undulating Zone,Black Soil,Kharif,Ragi (Mandia),3.45,37.1,9.1,34.1,6.05,0.97,1066.8,30.6,Rainfed,5.33
Ganjam,South Eastern Coastal Plain,Red Laterite,Rabi,Green Gram (Moong),2.65,59.2,48.2,9.9,6.33,0.45,188.2,21.6,Borewell,4.33
Sambalpur,Western Central Table Land,Red Laterite,Kharif,Paddy (Kharif),1.43,76.5,45.7,32.2,6.34,0.49,1783.5,28.8,Canal,17.37
Balasore,North Eastern Coastal Plain,Sandy Loam,Kharif,Groundnut,1.4,27.3,35.7,69.4,6.61,0.58,1545.3,28.2,Borewell,13.36
Bargarh,Western Central Table Land,Black Soil,Kharif,Paddy (Kharif),0.39,86.6,46.4,55.8,6.67,0.71,1290.6,28.9,Canal,17.16
Koraput,Eastern Ghat High Land,Red Laterite,Kharif,Maize,2.28,87.8,58.3,67.1,5.7,0.39,1394.6,27.1,Borewell,20.04
Koraput,Eastern Ghat High Land,Sandy Loam,Kharif,Ragi (Mandia),1.72,65.6,6.9,0.0,5.09,0.54,1380.9,23.4,Rainfed,2.5
Balasore,North Eastern Coastal Plain,Sandy Loam,Rabi,Green Gram (Moong),2.45,30.4,20.0,16.3,6.56,0.27,341.2,22.6,Rainfed,3.28
Kalahandi,Western Undulating Zone,Red Laterite,Kharif,Ragi (Mandia),1.16,67.9,22.5,20.7,6.78,0.64,1021.6,29.2,Rainfed,9.11
Balasore,North Eastern Coastal Plain,Alluvial,Kharif,Paddy (Kharif),4.45,70.4,48.9,56.1,6.01,0.54,1508.9,25.2,Rainfed,24.61
Puri,East & South Eastern Coastal Plain,Alluvial,Kharif,Paddy (Kharif),1.1,98.9,49.9,37.4,7.3,0.53,1314.7,25.0,Rainfed,21.62
Mayurbhanj,North Central Plateau,Sandy Loam,Rabi,Mustard,1.4,61.1,47.4,49.4,5.65,0.56,240.9,23.1,Borewell,5.37
Balasore,North Eastern Coastal Plain,Sandy Loam,Rabi,Mustard,2.36,64.3,38.7,41.0,6.19,0.38,229.1,25.4,Borewell,8.02
Sambalpur,Western Central Table Land,Red Laterite,Kharif,Paddy (Kharif),1.04,62.7,60.3,64.3,6.19,0.37,1447.7,26.5,Rainfed,23.8
Balasore,North Eastern Coastal Plain,Alluvial,Rabi,Mustard,0.75,57.1,29.4,77.2,6.5,0.48,202.8,24.0,Borewell,6.68
Sundargarh,North Western Plateau,Red Laterite,Rabi,Mustard,1.1,18.9,22.3,40.1,5.59,0.43,149.0,24.7,Rainfed,2.5
Bargarh,Western Central Table Land,Alluvial,Kharif,Paddy (Kharif),2.07,81.6,34.6,63.4,6.74,0.55,1211.3,28.7,Canal,19.7
Sundargarh,North Western Plateau,Sandy Loam,Rabi,Mustard,0.77,48.6,21.9,10.1,4.83,0.58,109.4,22.5,Borewell,2.5
Puri,East & South Eastern Coastal Plain,Alluvial,Rabi,Paddy (Rabi),1.55,114.8,45.5,69.0,6.65,0.47,152.9,23.0,Borewell,28.87
Kalahandi,Western Undulating Zone,Red Laterite,Kharif,Ragi (Mandia),2.16,50.2,24.8,8.2,6.46,0.68,1382.1,31.7,Rainfed,2.5
Bargarh,Western Central Table Land,Alluvial,Kharif,Paddy (Kharif),2.07,91.4,36.6,60.9,6.87,0.6,1205.0,26.9,Canal,23.92
Puri,East & South Eastern Coastal Plain,Alluvial,Kharif,Groundnut,3.88,17.3,45.4,47.1,6.93,0.44,1287.6,30.2,Rainfed,5.54
Sambalpur,Western Central Table Land,Black Soil,Rabi,Paddy (Rabi),1.29,78.2,22.7,35.7,6.66,0.68,135.5,24.9,Canal,11.84
Sambalpur,Western Central Table Land,Black Soil,Rabi,Paddy (Rabi),2.02,102.6,34.4,53.0,6.47,0.53,162.9,23.0,Canal,20.27
Puri,East & South Eastern Coastal Plain,Alluvial,Kharif,Paddy (Kharif),1.8,50.1,43.6,27.0,7.08,0.62,1406.9,28.3,Rainfed,9.09
Cuttack,East & South Eastern Coastal Plain,Alluvial,Rabi,Mustard,1.99,90.5,53.1,53.3,6.14,0.24,95.9,25.1,Borewell,5.89
Ganjam,South Eastern Coastal Plain,Alluvial,Kharif,Ragi (Mandia),1.46,44.4,32.1,30.2,7.22,0.84,1186.8,27.7,Borewell,6.38
Koraput,Eastern Ghat High Land,Sandy Loam,Kharif,Ragi (Mandia),1.51,94.0,6.0,0.0,5.38,0.44,1436.4,25.0,Rainfed,2.5
Koraput,Eastern Ghat High Land,Red Laterite,Kharif,Ragi (Mandia),0.57,88.9,53.1,21.0,4.49,0.62,1415.7,24.3,Rainfed,4.82
Sambalpur,Western Central Table Land,Red Laterite,Rabi,Paddy (Rabi),2.04,93.5,51.9,66.5,6.62,0.69,116.2,26.6,Canal,27.43
Bargarh,Western Central Table Land,Alluvial,Rabi,Paddy (Rabi),0.89,89.8,59.2,43.3,5.96,0.75,55.9,23.7,Canal,25.53
Koraput,Eastern Ghat High Land,Red Laterite,Kharif,Maize,1.8,78.7,43.0,45.8,5.76,0.54,1132.5,21.5,Rainfed,12.53
Kalahandi,Western Undulating Zone,Red Laterite,Kharif,Maize,0.78,119.4,74.0,51.7,5.54,0.35,781.4,30.0,Rainfed,19.48
Mayurbhanj,North Central Plateau,Red Laterite,Rabi,Mustard,0.46,75.9,59.8,14.2,5.75,0.83,171.4,24.1,Borewell,6.06
Koraput,Eastern Ghat High Land,Sandy Loam,Kharif,Ragi (Mandia),2.19,63.9,25.1,33.2,5.59,0.63,1549.9,21.4,Rainfed,10.96
Sundargarh,North Western Plateau,Sandy Loam,Kharif,Ragi (Mandia),0.58,31.6,25.0,46.2,5.37,0.35,1318.1,26.9,Borewell,7.44
Cuttack,East & South Eastern Coastal Plain,Alluvial,Rabi,Mustard,0.74,99.9,13.4,32.1,6.67,0.7,98.2,22.8,Borewell,4.24
Bargarh,Western Central Table Land,Alluvial,Rabi,Paddy (Rabi),0.46,117.5,61.7,41.1,7.09,0.88,153.5,25.2,Canal,23.57
Sundargarh,North Western Plateau,Sandy Loam,Kharif,Ragi (Mandia),1.27,78.4,1.7,52.1,4.63,0.65,1643.3,27.8,Borewell,2.5
Sambalpur,Western Central Table Land,Black Soil,Rabi,Green Gram (Moong),3.83,10.8,24.1,18.3,6.63,0.72,37.0,26.8,Canal,4.69
Puri,East & South Eastern Coastal Plain,Alluvial,Rabi,Paddy (Rabi),0.67,115.5,29.5,81.4,6.85,0.31,228.3,26.9,Rainfed,20.82
Ganjam,South Eastern Coastal Plain,Alluvial,Kharif,Ragi (Mandia),0.84,30.0,44.4,45.0,6.42,0.48,1298.4,27.3,Borewell,7.95
Mayurbhanj,North Central Plateau,Red Laterite,Rabi,Mustard,1.31,67.6,20.6,36.0,5.8,0.52,134.8,20.6,Rainfed,5.25
Mayurbhanj,North Central Plateau,Red Laterite,Kharif,Ragi (Mandia),0.96,36.0,23.5,35.2,5.3,0.65,1480.2,24.6,Rainfed,3.28
Koraput,Eastern Ghat High Land,Sandy Loam,Kharif,Maize,1.92,99.9,39.2,31.0,5.93,0.4,1499.4,21.5,Rainfed,9.92
Cuttack,East & South Eastern Coastal Plain,Sandy Loam,Rabi,Green Gram (Moong),2.04,33.9,73.2,24.3,6.34,0.57,77.8,25.3,Rainfed,6.99
Ganjam,South Eastern Coastal Plain,Red Laterite,Rabi,Green Gram (Moong),1.88,8.8,62.3,0.0,7.03,0.53,250.8,22.5,Borewell,2.5
Puri,East & South Eastern Coastal Plain,Coastal Saline,Kharif,Paddy (Kharif),0.33,98.7,58.5,34.6,7.25,0.5,1103.7,28.8,Rainfed,22.29
Puri,East & South Eastern Coastal Plain,Alluvial,Rabi,Paddy (Rabi),2.72,106.1,35.9,33.2,7.14,0.26,43.9,26.1,Borewell,15.66
Kalahandi,Western Undulating Zone,Red Laterite,Kharif,Maize,1.03,131.1,31.5,38.6,6.3,0.65,1341.9,29.5,Rainfed,17.26
Sambalpur,Western Central Table Land,Red Laterite,Rabi,Green Gram (Moong),0.28,24.9,47.3,55.6,6.45,0.43,148.5,24.3,Canal,6.25
Sundargarh,North Western Plateau,Red Laterite,Kharif,Ragi (Mandia),2.06,58.6,40.9,35.9,5.21,0.32,1594.5,27.0,Rainfed,9.61
Ganjam,South Eastern Coastal Plain,Red Laterite,Kharif,Ragi (Mandia),0.56,37.4,12.9,35.4,6.45,0.67,1423.2,27.2,Rainfed,5.15
Bargarh,Western Central Table Land,Alluvial,Rabi,Paddy (Rabi),1.73,123.1,21.7,37.6,7.11,0.56,98.2,25.4,Canal,12.09
Balasore,North Eastern Coastal Plain,Alluvial,Rabi,Paddy (Rabi),2.99,122.4,23.2,32.5,6.8,0.86,185.2,26.1,Rainfed,13.03
Koraput,Eastern Ghat High Land,Red Laterite,Kharif,Ragi (Mandia),0.96,42.4,22.1,18.9,5.27,0.55,1845.6,21.5,Rainfed,4.7
Balasore,North Eastern Coastal Plain,Sandy Loam,Kharif,Paddy (Kharif),2.39,66.6,30.6,29.6,6.51,0.61,1687.8,26.3,Rainfed,17.17
Puri,East & South Eastern Coastal Plain,Coastal Saline,Kharif,Groundnut,0.4,0.0,59.8,37.0,6.83,0.63,1481.1,26.4,Rainfed,2.5
Bargarh,Western Central Table Land,Black Soil,Rabi,Paddy (Rabi),1.43,90.8,58.1,41.1,6.29,0.61,81.2,26.2,Canal,23.52
Koraput,Eastern Ghat High Land,Sandy Loam,Kharif,Maize,2.92,98.3,54.9,39.4,5.63,0.62,1171.0,23.0,Rainfed,16.7
Kalahandi,Western Undulating Zone,Black Soil,Kharif,Ragi (Mandia),0.81,85.8,38.4,44.2,5.97,0.88,961.5,28.2,Rainfed,13.56
Bargarh,Western Central Table Land,Alluvial,Rabi,Paddy (Rabi),1.12,107.8,64.4,61.2,7.03,0.77,208.6,27.8,Canal,22.78
Cuttack,East & South Eastern Coastal Plain,Alluvial,Rabi,Green Gram (Moong),0.88,8.1,48.6,33.5,6.62,0.56,158.9,24.0,Rainfed,3.53
Sambalpur,Western Central Table Land,Black Soil,Kharif,Paddy (Kharif),2.92,104.2,51.1,16.0,6.39,0.4,1503.6,28.8,Rainfed,14.02
Cuttack,East & South Eastern Coastal Plain,Alluvial,Rabi,Green Gram (Moong),1.15,48.8,15.4,12.7,7.0,0.67,187.1,24.4,Borewell,4.58
Sambalpur,Western Central Table Land,Red Laterite,Rabi,Green Gram (Moong),1.1,0.0,50.3,10.4,6.36,0.44,174.2,23.6,Rainfed,2.5
Ganjam,South Eastern Coastal Plain,Alluvial,Kharif,Paddy (Kharif),1.6,78.7,53.2,47.9,6.44,0.8,1346.7,29.1,Rainfed,27.46
Koraput,Eastern Ghat High Land,Red Laterite,Kharif,Ragi (Mandia),1.12,44.6,35.2,7.1,5.35,0.66,1408.0,25.5,Rainfed,4.62
Cuttack,East & South Eastern Coastal Plain,Sandy Loam,Rabi,Green Gram (Moong),3.64,24.5,52.9,31.5,6.2,0.31,228.6,21.7,Borewell,5.73
Ganjam,South Eastern Coastal Plain,Red Laterite,Kharif,Groundnut,0.83,6.3,55.2,41.5,6.57,0.56,1425.8,28.7,Borewell,3.37
Ganjam,South Eastern Coastal Plain,Alluvial,Rabi,Green Gram (Moong),1.7,0.0,20.2,22.7,6.85,0.8,241.6,24.2,Borewell,2.5
Mayurbhanj,North Central Plateau,Sandy Loam,Kharif,Maize,2.23,100.8,36.4,32.0,5.55,0.63,1243.6,27.0,Rainfed,10.54
Bargarh,Western Central Table Land,Alluvial,Kharif,Paddy (Kharif),1.12,92.5,56.3,43.6,6.89,0.5,1372.8,28.4,Canal,18.53
Ganjam,South Eastern Coastal Plain,Alluvial,Kharif,Paddy (Kharif),1.88,141.2,34.0,48.0,7.2,0.49,1298.4,30.3,Rainfed,15.44
Bargarh,Western Central Table Land,Black Soil,Rabi,Paddy (Rabi),1.1,123.8,35.5,91.0,7.53,0.88,75.8,26.6,Canal,32.98
Ganjam,South Eastern Coastal Plain,Alluvial,Kharif,Paddy (Kharif),1.84,90.5,28.6,72.5,6.84,0.69,858.5,29.9,Borewell,26.32
Puri,East & South Eastern Coastal Plain,Alluvial,Kharif,Paddy (Kharif),1.77,32.2,74.2,48.0,6.78,0.34,1053.8,28.8,Rainfed,14.03
Bargarh,Western Central Table Land,Black Soil,Kharif,Paddy (Kharif),2.45,101.7,77.1,13.7,6.45,0.45,1460.9,30.0,Rainfed,17.07
Mayurbhanj,North Central Plateau,Sandy Loam,Kharif,Ragi (Mandia),7.72,44.8,21.6,10.4,5.99,0.63,1345.7,28.4,Rainfed,3.57
Mayurbhanj,North Central Plateau,Sandy Loam,Kharif,Maize,1.47,103.1,53.0,53.5,5.54,0.55,1700.6,26.2,Rainfed,12.72
Balasore,North Eastern Coastal Plain,Alluvial,Kharif,Paddy (Kharif),3.04,85.4,58.3,54.6,6.22,0.57,1759.9,27.4,Borewell,20.36
Puri,East & South Eastern Coastal Plain,Coastal Saline,Rabi,Paddy (Rabi),2.02,87.9,49.2,72.8,7.33,0.38,128.3,25.3,Rainfed,21.98
Bargarh,Western Central Table Land,Black Soil,Kharif,Groundnut,3.75,14.8,33.3,45.9,6.46,0.68,1136.8,26.5,Canal,6.82
Cuttack,East & South Eastern Coastal Plain,Sandy Loam,Rabi,Paddy (Rabi),1.21,128.3,35.2,42.2,6.69,0.33,110.5,26.6,Borewell,21.65
Sambalpur,Western Central Table Land,Red Laterite,Kharif,Paddy (Kharif),4.78,81.9,40.8,26.1,6.84,0.35,1031.7,26.8,Rainfed,14.26
Balasore,North Eastern Coastal Plain,Alluvial,Kharif,Paddy (Kharif),2.96,103.9,55.7,44.0,6.19,0.51,1584.4,25.9,Rainfed,23.4
Sambalpur,Western Central Table Land,Black Soil,Rabi,Paddy (Rabi),0.36,103.1,19.9,51.4,6.35,0.55,293.5,24.9,Canal,17.54
Balasore,North Eastern Coastal Plain,Sandy Loam,Kharif,Groundnut,1.99,9.9,24.0,59.9,6.08,0.46,1673.2,28.1,Rainfed,6.27
Puri,East & South Eastern Coastal Plain,Alluvial,Rabi,Green Gram (Moong),0.75,12.7,45.7,30.8,7.09,0.55,153.4,25.5,Rainfed,5.37
Cuttack,East & South Eastern Coastal Plain,Sandy Loam,Rabi,Green Gram (Moong),1.32,35.2,39.1,24.7,7.03,0.5,299.5,25.5,Borewell,7.2
Sundargarh,North Western Plateau,Sandy Loam,Rabi,Mustard,0.46,23.4,26.3,7.2,5.24,0.21,228.7,23.9,Rainfed,2.5
Cuttack,East & South Eastern Coastal Plain,Sandy Loam,Rabi,Paddy (Rabi),4.86,104.5,50.5,20.5,6.71,0.49,111.8,23.0,Rainfed,15.52
Balasore,North Eastern Coastal Plain,Sandy Loam,Rabi,Green Gram (Moong),1.69,28.4,59.3,4.3,6.72,0.49,237.0,28.4,Rainfed,2.5
Sundargarh,North Western Plateau,Red Laterite,Rabi,Mustard,3.01,58.3,31.4,23.9,5.15,0.31,211.0,21.2,Borewell,4.36
Ganjam,South Eastern Coastal Plain,Alluvial,Kharif,Groundnut,3.15,39.7,43.7,43.3,6.96,0.68,1391.0,26.4,Rainfed,10.05
Cuttack,East & South Eastern Coastal Plain,Sandy Loam,Rabi,Paddy (Rabi),1.38,135.1,32.3,66.8,7.13,0.47,254.9,24.4,Borewell,22.3
Koraput,Eastern Ghat High Land,Red Laterite,Kharif,Maize,3.27,109.4,46.6,62.9,5.87,0.33,1234.3,22.7,Borewell,20.06
Puri,East & South Eastern Coastal Plain,Coastal Saline,Rabi,Paddy (Rabi),2.6,76.1,40.2,75.6,7.49,0.66,169.5,23.1,Rainfed,20.25
Sambalpur,Western Central Table Land,Red Laterite,Kharif,Maize,2.54,91.1,31.6,46.3,6.97,0.58,1599.1,27.3,Rainfed,13.18
Kalahandi,Western Undulating Zone,Black Soil,Kharif,Groundnut,1.71,13.1,29.7,45.9,5.61,0.77,549.0,32.6,Rainfed,2.97
Balasore,North Eastern Coastal Plain,Sandy Loam,Rabi,Green Gram (Moong),1.01,22.5,12.3,14.0,6.27,0.57,138.2,21.3,Borewell,2.5
Bargarh,Western Central Table Land,Alluvial,Rabi,Paddy (Rabi),1.96,127.1,56.0,73.0,6.73,0.48,234.0,26.2,Canal,35.94
Mayurbhanj,North Central Plateau,Red Laterite,Kharif,Paddy (Kharif),1.36,90.0,43.1,66.1,5.54,0.65,1401.8,27.4,Rainfed,18.53
Puri,East & South Eastern Coastal Plain,Coastal Saline,Rabi,Green Gram (Moong),1.78,43.9,29.8,16.1,6.51,0.5,123.7,25.0,Rainfed,4.36
Sambalpur,Western Central Table Land,Black Soil,Rabi,Green Gram (Moong),1.56,0.0,42.4,35.0,7.05,0.48,201.7,25.2,Canal,2.5
Sundargarh,North Western Plateau,Sandy Loam,Rabi,Mustard,1.13,46.6,19.6,24.7,4.63,0.62,182.3,20.4,Borewell,2.5
Cuttack,East & South Eastern Coastal Plain,Sandy Loam,Kharif,Paddy (Kharif),2.21,92.3,24.3,65.5,7.11,0.59,1460.1,26.1,Borewell,17.97
Sambalpur,Western Central Table Land,Red Laterite,Kharif,Maize,3.34,125.2,46.0,37.3,5.71,0.58,1479.8,26.8,Rainfed,17.74
Cuttack,East & South Eastern Coastal Plain,Alluvial,Rabi,Green Gram (Moong),1.54,51.8,29.2,5.2,6.61,0.39,145.9,24.0,Rainfed,2.73
Koraput,Eastern Ghat High Land,Red Laterite,Kharif,Ragi (Mandia),0.86,31.1,14.9,19.2,5.38,0.62,1496.9,21.4,Rainfed,4.01
Ganjam,South Eastern Coastal Plain,Red Laterite,Rabi,Green Gram (Moong),1.32,31.5,32.2,25.8,6.63,0.64,112.4,21.0,Borewell,5.42
Sundargarh,North Western Plateau,Sandy Loam,Kharif,Ragi (Mandia),0.44,23.9,34.0,6.9,5.08,0.64,1507.1,28.8,Borewell,2.5
Puri,East & South Eastern Coastal Plain,Alluvial,Kharif,Paddy (Kharif),1.88,87.7,38.6,49.0,7.33,0.43,1539.0,27.6,Rainfed,17.33
Sambalpur,Western Central Table Land,Black Soil,Kharif,Paddy (Kharif),1.24,90.6,44.4,56.2,6.41,0.49,1613.7,28.1,Canal,23.15
Sundargarh,North Western Plateau,Sandy Loam,Rabi,Mustard,0.86,55.1,10.1,47.0,5.29,0.41,127.3,20.7,Borewell,4.7
Sambalpur,Western Central Table Land,Red Laterite,Rabi,Paddy (Rabi),0.58,139.8,46.4,69.8,6.0,0.23,127.6,23.1,Rainfed,21.59
Balasore,North Eastern Coastal Plain,Alluvial,Kharif,Paddy (Kharif),1.18,92.3,36.6,62.9,6.89,0.61,1089.4,28.9,Borewell,26.76
Cuttack,East & South Eastern Coastal Plain,Sandy Loam,Rabi,Mustard,0.87,82.8,8.9,37.2,6.54,0.55,102.8,21.9,Borewell,5.11
Sundargarh,North Western Plateau,Sandy Loam,Rabi,Mustard,5.61,24.1,33.4,30.5,5.15,0.45,87.3,20.4,Rainfed,2.91
Cuttack,East & South Eastern Coastal Plain,Sandy Loam,Rabi,Mustard,1.27,65.9,31.6,21.4,6.42,0.59,205.6,28.0,Rainfed,6.27
Kalahandi,Western Undulating Zone,Black Soil,Kharif,Ragi (Mandia),1.22,79.5,24.3,2.4,6.4,0.34,1254.9,33.1,Rainfed,2.5
Bargarh,Western Central Table Land,Black Soil,Kharif,Paddy (Kharif),1.31,103.1,22.7,22.4,6.48,0.53,1738.6,31.4,Canal,11.04
Sambalpur,Western Central Table Land,Red Laterite,Rabi,Green Gram (Moong),1.73,18.9,29.1,6.7,6.46,0.24,179.1,25.9,Rainfed,3.7
Mayurbhanj,North Central Plateau,Red Laterite,Kharif,Ragi (Mandia),2.81,69.6,13.7,17.9,5.56,0.8,1737.6,21.7,Borewell,4.78
Balasore,North Eastern Coastal Plain,Alluvial,Rabi,Mustard,4.23,65.3,22.6,46.0,6.48,0.41,128.4,21.4,Borewell,6.88
Puri,East & South Eastern Coastal Plain,Alluvial,Rabi,Green Gram (Moong),2.66,21.4,33.0,40.6,7.17,0.65,269.5,22.9,Rainfed,4.5
Mayurbhanj,North Central Plateau,Red Laterite,Kharif,Maize,2.7,105.7,50.7,55.2,5.28,0.3,1499.1,29.3,Rainfed,11.05
Bargarh,Western Central Table Land,Alluvial,Kharif,Groundnut,0.87,69.7,54.1,25.0,6.78,0.84,1235.7,28.4,Canal,11.87
Mayurbhanj,North Central Plateau,Red Laterite,Kharif,Maize,1.77,112.9,50.0,25.4,5.56,0.45,1552.6,25.4,Borewell,10.12
Puri,East & South Eastern Coastal Plain,Alluvial,Kharif,Paddy (Kharif),2.12,86.5,50.0,57.2,6.77,0.15,1645.4,27.2,Rainfed,21.43
Sundargarh,North Western Plateau,Sandy Loam,Rabi,Mustard,2.38,63.1,37.1,50.9,5.14,0.51,241.9,25.4,Borewell,3.76
Kalahandi,Western Undulating Zone,Black Soil,Kharif,Groundnut,0.61,44.0,44.8,56.8,6.87,0.54,1334.4,30.8,Rainfed,10.87
Kalahandi,Western Undulating Zone,Red Laterite,Kharif,Groundnut,1.75,27.3,45.2,28.9,6.28,0.68,990.8,28.4,Borewell,8.9
Bargarh,Western Central Table Land,Black Soil,Kharif,Paddy (Kharif),1.94,92.1,33.3,49.5,6.12,0.55,1276.7,28.9,Canal,13.49
Ganjam,South Eastern Coastal Plain,Alluvial,Rabi,Green Gram (Moong),1.81,48.5,26.9,14.5,7.03,0.56,52.6,25.5,Rainfed,2.5
Puri,East & South Eastern Coastal Plain,Coastal Saline,Kharif,Paddy (Kharif),5.0,79.9,27.3,69.1,6.67,0.57,1384.6,30.1,Rainfed,21.58
Cuttack,East & South Eastern Coastal Plain,Alluvial,Rabi,Mustard,0.45,74.8,24.5,47.8,6.81,0.92,177.4,24.5,Rainfed,6.1
Bargarh,Western Central Table Land,Black Soil,Kharif,Groundnut,0.61,36.7,51.9,53.8,6.86,0.72,1245.1,28.5,Canal,11.95
Bargarh,Western Central Table Land,Alluvial,Kharif,Groundnut,1.19,23.8,40.7,63.5,6.75,0.42,1178.4,30.7,Canal,7.13
Bargarh,Western Central Table Land,Black Soil,Rabi,Paddy (Rabi),2.09,103.3,49.3,47.1,6.5,0.72,117.3,26.0,Canal,29.31
Cuttack,East & South Eastern Coastal Plain,Sandy Loam,Kharif,Paddy (Kharif),1.18,86.2,50.0,52.8,6.31,0.61,1538.1,28.7,Rainfed,25.01
Sundargarh,North Western Plateau,Red Laterite,Rabi,Mustard,0.69,64.7,42.3,38.3,5.28,0.42,127.6,26.9,Borewell,7.19
Sundargarh,North Western Plateau,Red Laterite,Kharif,Ragi (Mandia),2.84,30.6,11.5,31.7,5.42,0.66,1592.9,25.8,Borewell,4.58
Puri,East & South Eastern Coastal Plain,Alluvial,Rabi,Paddy (Rabi),1.09,99.3,37.9,47.3,7.09,0.52,102.6,26.3,Rainfed,21.27
Sundargarh,North Western Plateau,Sandy Loam,Kharif,Ragi (Mandia),0.96,35.9,34.7,37.9,5.55,0.29,1079.4,26.1,Rainfed,11.57
Koraput,Eastern Ghat High Land,Red Laterite,Kharif,Maize,1.6,117.0,59.4,56.7,5.12,0.72,1565.8,22.7,Borewell,22.83
Ganjam,South Eastern Coastal Plain,Alluvial,Kharif,Ragi (Mandia),1.02,45.6,3.0,40.0,6.65,0.46,1666.7,27.9,Borewell,2.5
Puri,East & South Eastern Coastal Plain,Coastal Saline,Kharif,Paddy (Kharif),1.32,72.0,36.9,34.0,7.14,0.6,1230.8,28.2,Borewell,19.04
Sambalpur,Western Central Table Land,Red Laterite,Rabi,Green Gram (Moong),0.81,39.6,51.5,29.6,6.91,0.68,150.1,26.4,Rainfed,6.29
Cuttack,East & South Eastern Coastal Plain,Alluvial,Rabi,Green Gram (Moong),0.64,32.1,39.4,22.7,6.4,0.65,201.0,25.4,Borewell,6.74
Mayurbhanj,North Central Plateau,Sandy Loam,Kharif,Ragi (Mandia),1.27,90.7,22.8,57.0,6.74,0.49,1613.2,27.2,Rainfed,8.43
Bargarh,Western Central Table Land,Black Soil,Kharif,Paddy (Kharif),2.05,60.3,29.5,35.7,6.74,0.33,1216.5,30.3,Canal,10.82
Puri,East & South Eastern Coastal Plain,Alluvial,Rabi,Green Gram (Moong),0.56,2.8,21.5,19.0,7.52,0.5,180.2,23.4,Rainfed,2.5
Kalahandi,Western Undulating Zone,Red Laterite,Kharif,Maize,2.41,98.2,62.5,56.9,6.42,0.38,777.9,27.5,Borewell,19.31
Mayurbhanj,North Central Plateau,Sandy Loam,Kharif,Paddy (Kharif),1.41,129.0,57.2,64.8,5.97,0.6,1454.8,26.2,Rainfed,25.9
Koraput,Eastern Ghat High Land,Sandy Loam,Kharif,Ragi (Mandia),2.44,47.1,36.7,33.5,5.09,0.57,1468.2,24.6,Borewell,11.84
Sundargarh,North Western Plateau,Sandy Loam,Kharif,Ragi (Mandia),4.42,31.2,34.1,12.8,5.22,0.59,900.4,25.9,Borewell,4.89
Sambalpur,Western Central Table Land,Black Soil,Kharif,Paddy (Kharif),1.58,105.8,39.9,50.4,5.72,0.7,1103.5,27.9,Canal,17.23
Sundargarh,North Western Plateau,Red Laterite,Kharif,Ragi (Mandia),3.23,63.5,26.4,0.6,5.25,0.62,1093.6,26.0,Borewell,2.5
Bargarh,Western Central Table Land,Black Soil,Kharif,Paddy (Kharif),1.96,98.2,34.9,39.7,6.84,0.45,1298.3,28.3,Canal,25.02
Kalahandi,Western Undulating Zone,Red Laterite,Kharif,Ragi (Mandia),2.48,51.3,15.2,21.8,6.53,0.45,1082.0,30.9,Rainfed,4.0
Puri,East & South Eastern Coastal Plain,Alluvial,Rabi,Green Gram (Moong),0.83,0.0,27.7,15.5,6.4,0.53,198.3,23.0,Rainfed,2.5
Balasore,North Eastern Coastal Plain,Sandy Loam,Kharif,Paddy (Kharif),0.25,130.2,34.9,36.9,6.1,0.29,1375.1,26.5,Rainfed,12.36
Sundargarh,North Western Plateau,Red Laterite,Rabi,Mustard,0.76,38.4,49.2,17.6,4.95,0.48,194.9,21.9,Rainfed,2.5
Bargarh,Western Central Table Land,Alluvial,Rabi,Paddy (Rabi),2.17,93.6,63.8,44.0,6.87,0.72,160.2,27.9,Canal,25.82
Sundargarh,North Western Plateau,Sandy Loam,Kharif,Ragi (Mandia),1.45,70.3,26.9,4.3,5.11,0.5,1556.4,26.4,Rainfed,5.02
Puri,East & South Eastern Coastal Plain,Alluvial,Kharif,Paddy (Kharif),0.82,102.7,58.3,31.2,7.4,0.46,1151.8,29.6,Borewell,15.33
Balasore,North Eastern Coastal Plain,Sandy Loam,Rabi,Green Gram (Moong),1.28,67.3,43.7,34.7,6.33,0.54,66.8,23.7,Borewell,8.54
Ganjam,South Eastern Coastal Plain,Alluvial,Kharif,Groundnut,1.12,15.5,52.3,54.6,7.22,0.38,1026.1,26.9,Rainfed,8.54
Balasore,North Eastern Coastal Plain,Sandy Loam,Kharif,Paddy (Kharif),2.75,99.9,47.0,56.5,6.33,0.66,1296.4,27.1,Rainfed,28.54
Sundargarh,North Western Plateau,Sandy Loam,Kharif,Ragi (Mandia),2.47,49.0,3.7,10.2,5.16,0.68,1188.8,27.0,Rainfed,2.5
Mayurbhanj,North Central Plateau,Sandy Loam,Kharif,Paddy (Kharif),0.37,65.9,49.9,46.1,6.27,0.53,1479.2,24.1,Borewell,18.19
Kalahandi,Western Undulating Zone,Red Laterite,Kharif,Groundnut,1.06,27.8,47.0,66.8,6.08,0.47,862.6,29.7,Rainfed,7.28
Koraput,Eastern Ghat High Land,Sandy Loam,Kharif,Ragi (Mandia),1.1,100.1,15.0,7.5,6.07,0.66,1286.1,21.9,Borewell,3.63
Sundargarh,North Western Plateau,Red Laterite,Rabi,Mustard,2.08,47.1,46.7,4.4,5.04,0.38,87.0,25.5,Borewell,2.5
Sundargarh,North Western Plateau,Sandy Loam,Kharif,Ragi (Mandia),1.22,42.6,2.9,15.4,5.18,0.55,1627.2,26.3,Rainfed,2.5
Koraput,Eastern Ghat High Land,Red Laterite,Kharif,Maize,0.88,143.0,54.1,23.8,5.26,0.47,1244.6,24.2,Rainfed,9.6
Balasore,North Eastern Coastal Plain,Alluvial,Kharif,Groundnut,0.78,12.3,26.9,86.3,6.07,0.54,1674.8,24.2,Borewell,7.22
Sundargarh,North Western Plateau,Sandy Loam,Rabi,Mustard,0.86,63.9,28.9,43.4,5.05,0.53,209.1,20.1,Borewell,6.4
Sundargarh,North Western Plateau,Sandy Loam,Rabi,Mustard,1.05,54.8,24.7,30.5,4.81,0.46,131.4,23.0,Rainfed,3.2
Sambalpur,Western Central Table Land,Red Laterite,Kharif,Paddy (Kharif),2.62,90.0,43.9,21.2,6.33,0.57,1327.1,28.8,Canal,18.15
Balasore,North Eastern Coastal Plain,Alluvial,Rabi,Mustard,1.15,56.2,28.5,17.7,6.6,0.61,89.7,21.1,Borewell,5.46
Sambalpur,Western Central Table Land,Black Soil,Kharif,Paddy (Kharif),1.61,98.8,32.8,36.0,6.63,0.64,1490.6,27.4,Rainfed,15.24
Sambalpur,Western Central Table Land,Red Laterite,Kharif,Maize,2.74,104.2,46.3,29.6,6.22,0.23,1258.3,32.9,Canal,15.21
Ganjam,South Eastern Coastal Plain,Alluvial,Kharif,Groundnut,0.53,40.8,57.8,51.5,6.68,0.73,1338.0,28.9,Borewell,18.55
Puri,East & South Eastern Coastal Plain,Alluvial,Kharif,Groundnut,3.66,33.2,43.3,56.3,7.39,0.5,1315.1,26.3,Rainfed,8.09
Sundargarh,North Western Plateau,Red Laterite,Kharif,Ragi (Mandia),0.94,58.7,20.1,12.1,5.46,0.55,1173.8,27.6,Borewell,7.11
Sundargarh,North Western Plateau,Red Laterite,Kharif,Ragi (Mandia),0.94,21.3,26.2,28.6,4.7,0.41,1290.9,25.6,Rainfed,4.87
Koraput,Eastern Ghat High Land,Red Laterite,Kharif,Maize,0.66,71.2,47.1,37.5,4.87,0.74,1304.0,24.8,Borewell,9.15
Sambalpur,Western Central Table Land,Black Soil,Rabi,Paddy (Rabi),1.52,108.5,79.0,39.2,6.12,0.7,210.4,23.0,Canal,25.79
Sambalpur,Western Central Table Land,Black Soil,Rabi,Paddy (Rabi),1.38,102.0,60.3,62.9,6.08,0.62,165.7,24.2,Canal,28.6
Ganjam,South Eastern Coastal Plain,Alluvial,Kharif,Groundnut,1.94,0.0,53.4,60.6,6.56,0.52,1181.1,27.0,Borewell,2.5
Koraput,Eastern Ghat High Land,Sandy Loam,Kharif,Ragi (Mandia),2.36,45.5,33.4,28.5,5.4,0.67,1463.4,22.5,Rainfed,11.55
Mayurbhanj,North Central Plateau,Sandy Loam,Kharif,Paddy (Kharif),3.24,90.2,28.5,41.7,5.6,0.53,1680.8,24.0,Rainfed,9.54
Balasore,North Eastern Coastal Plain,Alluvial,Rabi,Green Gram (Moong),1.54,22.9,35.2,38.4,6.3,0.44,109.8,23.3,Borewell,4.63
Koraput,Eastern Ghat High Land,Red Laterite,Kharif,Ragi (Mandia),2.28,29.4,10.3,30.7,4.92,0.6,1431.7,23.0,Rainfed,3.01
Mayurbhanj,North Central Plateau,Red Laterite,Kharif,Ragi (Mandia),3.22,49.3,37.8,25.4,6.34,0.42,1623.5,28.2,Borewell,9.71
Mayurbhanj,North Central Plateau,Red Laterite,Kharif,Maize,1.91,60.3,27.6,61.7,6.02,0.54,1681.7,25.6,Rainfed,10.3
Sambalpur,Western Central Table Land,Red Laterite,Rabi,Green Gram (Moong),0.75,0.0,39.3,19.1,6.6,0.71,63.2,24.5,Rainfed,2.5
Puri,East & South Eastern Coastal Plain,Coastal Saline,Rabi,Paddy (Rabi),1.0,147.1,41.8,75.0,7.28,0.48,270.8,25.1,Borewell,23.41
Koraput,Eastern Ghat High Land,Red Laterite,Kharif,Maize,1.62,60.5,27.4,57.6,5.84,0.15,1536.1,22.8,Rainfed,6.95
Puri,East & South Eastern Coastal Plain,Alluvial,Rabi,Green Gram (Moong),0.43,0.0,52.9,36.0,7.38,0.6,286.3,24.0,Borewell,2.5
Balasore,North Eastern Coastal Plain,Alluvial,Kharif,Groundnut,2.5,30.1,46.7,52.3,6.42,0.58,1497.2,27.0,Rainfed,6.87
Ganjam,South Eastern Coastal Plain,Alluvial,Kharif,Groundnut,0.5,0.3,75.4,35.4,6.23,0.49,1043.0,28.4,Rainfed,2.5
Sundargarh,North Western Plateau,Sandy Loam,Kharif,Ragi (Mandia),1.19,11.4,14.1,12.8,5.03,0.66,1118.2,27.1,Borewell,2.78
Bargarh,Western Central Table Land,Black Soil,Rabi,Paddy (Rabi),1.34,146.9,46.7,37.9,7.07,0.44,41.6,26.2,Rainfed,24.24
Cuttack,East & South Eastern Coastal Plain,Sandy Loam,Kharif,Paddy (Kharif),3.04,90.2,6.4,57.4,7.32,0.64,2108.8,25.5,Borewell,4.55
Puri,East & South Eastern Coastal Plain,Coastal Saline,Rabi,Green Gram (Moong),2.55,1.9,50.5,32.1,7.1,0.49,113.7,21.6,Borewell,2.5
Koraput,Eastern Ghat High Land,Sandy Loam,Kharif,Maize,5.48,54.9,55.4,21.4,5.08,0.36,1248.8,25.2,Borewell,9.81
Sambalpur,Western Central Table Land,Black Soil,Rabi,Paddy (Rabi),3.84,77.4,56.4,40.6,6.74,0.32,230.7,22.3,Canal,15.51
Ganjam,South Eastern Coastal Plain,Alluvial,Kharif,Ragi (Mandia),4.05,36.2,18.7,25.0,6.61,0.56,1231.8,26.2,Borewell,7.6
Bargarh,Western Central Table Land,Alluvial,Kharif,Groundnut,0.79,0.0,67.7,25.7,6.53,0.6,1309.3,30.8,Rainfed,2.5
Bargarh,Western Central Table Land,Black Soil,Kharif,Paddy (Kharif),0.83,60.0,27.2,28.5,6.1,0.57,944.9,30.9,Canal,11.62
Sambalpur,Western Central Table Land,Black Soil,Kharif,Maize,1.11,116.4,32.0,54.3,6.78,0.35,1482.8,27.1,Canal,18.54
Kalahandi,Western Undulating Zone,Red Laterite,Kharif,Groundnut,1.87,25.4,66.2,25.2,6.11,0.73,953.6,26.5,Borewell,9.18
Mayurbhanj,North Central Plateau,Red Laterite,Kharif,Ragi (Mandia),2.27,65.8,40.4,18.0,6.15,0.52,1580.3,25.0,Rainfed,8.6
Sundargarh,North Western Plateau,Sandy Loam,Kharif,Ragi (Mandia),0.61,37.5,16.6,30.1,5.16,0.6,1400.7,30.0,Rainfed,7.97
Mayurbhanj,North Central Plateau,Sandy Loam,Kharif,Paddy (Kharif),0.64,87.8,50.0,49.2,6.31,0.4,1473.9,26.6,Rainfed,23.1
Mayurbhanj,North Central Plateau,Sandy Loam,Kharif,Maize,0.57,83.3,80.8,45.3,5.85,0.51,1152.8,30.6,Rainfed,22.1
Sambalpur,Western Central Table Land,Red Laterite,Rabi,Green Gram (Moong),0.83,55.9,43.9,38.9,6.18,0.67,187.1,24.1,Canal,5.2
Ganjam,South Eastern Coastal Plain,Red Laterite,Rabi,Green Gram (Moong),3.99,0.0,31.3,25.6,6.59,0.39,123.4,24.6,Rainfed,2.5
Bargarh,Western Central Table Land,Black Soil,Kharif,Paddy (Kharif),0.84,116.2,44.8,72.1,6.59,0.51,1206.4,29.4,Canal,28.56
Cuttack,East & South Eastern Coastal Plain,Sandy Loam,Rabi,Mustard,4.51,66.2,60.6,18.0,6.97,0.36,105.5,21.1,Borewell,4.2
Balasore,North Eastern Coastal Plain,Alluvial,Kharif,Paddy (Kharif),1.57,105.0,50.2,58.1,6.72,0.63,1616.0,26.1,Rainfed,26.1
Mayurbhanj,North Central Plateau,Sandy Loam,Kharif,Ragi (Mandia),1.21,66.9,4.6,30.9,5.78,0.37,1518.6,26.1,Borewell,5.2
Bargarh,Western Central Table Land,Black Soil,Rabi,Paddy (Rabi),2.57,94.9,50.4,38.5,6.64,0.61,68.1,23.5,Canal,26.83
Kalahandi,Western Undulating Zone,Black Soil,Kharif,Groundnut,1.11,7.0,29.9,64.9,6.3,0.66,1448.3,28.5,Borewell,5.59
Ganjam,South Eastern Coastal Plain,Red Laterite,Kharif,Ragi (Mandia),0.62,78.5,17.1,0.0,6.54,0.24,1103.3,26.4,Borewell,2.97
Cuttack,East & South Eastern Coastal Plain,Sandy Loam,Kharif,Paddy (Kharif),3.1,87.2,31.1,50.1,6.9,0.61,1362.9,24.4,Rainfed,14.47
Balasore,North Eastern Coastal Plain,Alluvial,Kharif,Groundnut,1.37,42.4,38.7,50.6,6.0,0.55,1428.9,24.8,Rainfed,7.15
Koraput,Eastern Ghat High Land,Red Laterite,Kharif,Ragi (Mandia),2.67,86.3,21.4,31.3,5.02,0.43,1297.5,24.1,Rainfed,5.65
Ganjam,South Eastern Coastal Plain,Red Laterite,Rabi,Green Gram (Moong),2.21,85.7,34.0,25.4,6.38,0.34,160.0,26.8,Borewell,4.44
Sambalpur,Western Central Table Land,Red Laterite,Kharif,Maize,2.35,138.5,49.5,31.1,6.39,0.63,1755.4,30.1,Rainfed,22.26
Ganjam,South Eastern Coastal Plain,Red Laterite,Kharif,Ragi (Mandia),0.42,47.9,0.0,20.3,6.28,0.64,825.2,28.3,Rainfed,2.5
Puri,East & South Eastern Coastal Plain,Coastal Saline,Kharif,Groundnut,2.38,66.4,45.5,38.5,6.84,0.37,1331.0,26.8,Rainfed,10.19
Ganjam,South Eastern Coastal Plain,Alluvial,Kharif,Groundnut,0.6,0.0,70.6,56.2,6.53,0.6,1404.3,27.8,Borewell,2.5
Sundargarh,North Western Plateau,Red Laterite,Kharif,Ragi (Mandia),1.2,57.9,33.8,35.4,5.12,0.79,1370.7,27.8,Rainfed,10.77
Balasore,North Eastern Coastal Plain,Alluvial,Kharif,Paddy (Kharif),0.67,44.3,44.7,56.4,6.59,0.71,1106.5,28.2,Borewell,17.15
Ganjam,South Eastern Coastal Plain,Alluvial,Kharif,Paddy (Kharif),3.79,102.6,27.8,54.2,6.59,0.56,860.5,31.7,Borewell,19.27
Balasore,North Eastern Coastal Plain,Sandy Loam,Rabi,Paddy (Rabi),2.6,109.8,54.1,48.4,5.9,0.77,214.8,23.3,Rainfed,22.13
Puri,East & South Eastern Coastal Plain,Alluvial,Rabi,Green Gram (Moong),4.14,14.5,38.5,0.0,7.4,0.19,183.0,25.6,Rainfed,2.5
Bargarh,Western Central Table Land,Black Soil,Kharif,Groundnut,3.17,6.0,27.0,55.6,7.17,0.62,1231.3,24.7,Rainfed,2.76
Puri,East & South Eastern Coastal Plain,Coastal Saline,Kharif,Paddy (Kharif),1.19,56.6,63.2,17.6,6.67,0.77,1834.9,27.8,Borewell,18.05
Ganjam,South Eastern Coastal Plain,Red Laterite,Rabi,Green Gram (Moong),6.5,4.8,14.6,30.0,6.66,0.67,113.1,26.9,Rainfed,3.85
Sundargarh,North Western Plateau,Red Laterite,Rabi,Mustard,1.39,65.2,47.1,20.2,5.44,0.52,165.6,25.4,Rainfed,2.52
Sundargarh,North Western Plateau,Sandy Loam,Rabi,Mustard,3.22,104.4,24.5,34.1,6.01,0.66,91.6,25.6,Rainfed,5.88
Sambalpur,Western Central Table Land,Red Laterite,Rabi,Green Gram (Moong),1.45,0.0,68.3,48.2,5.9,0.53,181.2,25.9,Canal,2.5
Bargarh,Western Central Table Land,Alluvial,Rabi,Paddy (Rabi),1.64,133.8,53.9,52.6,6.87,0.69,229.9,23.9,Canal,30.85
Cuttack,East & South Eastern Coastal Plain,Alluvial,Rabi,Paddy (Rabi),4.27,87.2,62.8,66.7,6.12,0.62,86.0,25.5,Borewell,28.09
Cuttack,East & South Eastern Coastal Plain,Sandy Loam,Rabi,Mustard,1.86,23.7,17.7,27.6,6.55,0.74,148.9,21.5,Rainfed,3.58
Kalahandi,Western Undulating Zone,Black Soil,Kharif,Ragi (Mandia),1.73,64.7,24.9,19.0,5.91,0.51,1063.0,29.0,Rainfed,12.67
Cuttack,East & South Eastern Coastal Plain,Alluvial,Rabi,Green Gram (Moong),5.08,12.9,65.7,22.1,6.99,0.46,150.8,23.5,Rainfed,4.38
Kalahandi,Western Undulating Zone,Black Soil,Kharif,Maize,3.88,40.4,63.6,25.2,5.57,0.76,1097.9,27.7,Borewell,7.01
Sambalpur,Western Central Table Land,Red Laterite,Kharif,Maize,2.45,115.6,46.7,27.0,7.02,0.87,1594.6,27.9,Canal,19.93
Kalahandi,Western Undulating Zone,Black Soil,Kharif,Ragi (Mandia),0.77,58.2,19.9,13.2,6.13,0.78,1223.6,31.6,Rainfed,8.6
Sundargarh,North Western Plateau,Red Laterite,Rabi,Mustard,1.31,82.2,36.9,63.3,5.53,0.43,175.9,21.8,Borewell,7.44
Kalahandi,Western Undulating Zone,Black Soil,Kharif,Groundnut,2.75,60.6,49.4,40.3,6.29,0.48,716.1,29.5,Rainfed,10.36
Mayurbhanj,North Central Plateau,Red Laterite,Kharif,Maize,1.86,122.3,76.8,43.1,5.53,0.74,1623.0,27.1,Borewell,19.59
Koraput,Eastern Ghat High Land,Red Laterite,Kharif,Maize,2.49,138.6,27.6,33.2,6.07,0.51,1215.4,23.1,Rainfed,16.8
Cuttack,East & South Eastern Coastal Plain,Sandy Loam,Rabi,Green Gram (Moong),3.91,0.0,19.9,8.4,7.07,0.4,84.3,21.3,Borewell,2.5
Sambalpur,Western Central Table Land,Red Laterite,Rabi,Green Gram (Moong),1.48,29.9,61.7,4.8,6.63,0.46,205.2,22.5,Rainfed,2.5
Kalahandi,Western Undulating Zone,Black Soil,Kharif,Ragi (Mandia),2.05,15.0,27.6,19.7,6.71,0.44,1307.7,26.6,Rainfed,3.26
Balasore,North Eastern Coastal Plain,Sandy Loam,Kharif,Groundnut,0.81,6.5,20.6,47.8,7.02,0.4,1025.8,23.8,Borewell,2.5
Sundargarh,North Western Plateau,Sandy Loam,Rabi,Mustard,1.2,49.9,1.8,30.5,5.38,0.5,254.1,22.0,Borewell,2.5
Puri,East & South Eastern Coastal Plain,Coastal Saline,Kharif,Groundnut,0.72,33.0,49.7,50.1,7.61,0.71,1517.6,26.1,Rainfed,12.36
Puri,East & South Eastern Coastal Plain,Coastal Saline,Rabi,Paddy (Rabi),1.08,110.0,66.5,49.8,7.55,1.0,262.0,22.9,Rainfed,28.22
Kalahandi,Western Undulating Zone,Black Soil,Kharif,Groundnut,1.25,24.2,15.9,43.9,6.1,0.57,981.7,27.3,Rainfed,7.47
Balasore,North Eastern Coastal Plain,Alluvial,Rabi,Paddy (Rabi),0.95,102.3,47.4,31.5,6.43,0.38,135.7,23.2,Borewell,20.9
Ganjam,South Eastern Coastal Plain,Alluvial,Kharif,Paddy (Kharif),0.39,68.3,60.4,60.3,6.51,0.47,1552.2,29.2,Borewell,17.9
Bargarh,Western Central Table Land,Alluvial,Rabi,Paddy (Rabi),0.7,128.2,76.9,49.7,6.52,0.82,88.5,26.4,Canal,37.65
Bargarh,Western Central Table Land,Black Soil,Kharif,Paddy (Kharif),1.24,92.7,57.0,59.1,6.9,0.45,1719.8,26.9,Canal,30.09
Cuttack,East & South Eastern Coastal Plain,Alluvial,Rabi,Paddy (Rabi),1.58,90.6,54.1,45.2,5.93,0.3,245.5,28.0,Borewell,25.98
Sundargarh,North Western Plateau,Sandy Loam,Rabi,Mustard,2.29,49.3,46.1,22.5,5.55,0.36,98.0,24.6,Rainfed,7.26
Cuttack,East & South Eastern Coastal Plain,Sandy Loam,Rabi,Mustard,2.12,70.8,27.7,48.4,6.58,0.47,132.6,23.9,Borewell,9.09
Ganjam,South Eastern Coastal Plain,Alluvial,Rabi,Green Gram (Moong),3.67,41.1,38.0,21.3,6.96,0.7,276.3,22.6,Borewell,5.24
Ganjam,South Eastern Coastal Plain,Red Laterite,Rabi,Green Gram (Moong),3.38,16.6,27.5,20.3,6.66,0.51,158.2,23.7,Rainfed,2.5
Sambalpur,Western Central Table Land,Red Laterite,Rabi,Green Gram (Moong),1.2,0.0,32.4,15.7,7.1,0.71,178.7,21.7,Canal,2.5
Kalahandi,Western Undulating Zone,Red Laterite,Kharif,Groundnut,1.47,27.9,42.5,52.1,6.91,0.53,883.9,31.4,Rainfed,10.61
Sambalpur,Western Central Table Land,Black Soil,Rabi,Paddy (Rabi),3.13,105.7,53.5,63.7,6.04,0.85,42.2,24.5,Canal,28.17
Puri,East & South Eastern Coastal Plain,Alluvial,Rabi,Paddy (Rabi),0.43,154.0,67.2,25.1,6.73,0.81,20.0,26.9,Rainfed,22.35
Bargarh,Western Central Table Land,Black Soil,Kharif,Groundnut,0.86,52.0,21.0,43.7,6.88,0.8,1026.6,29.6,Canal,4.77
Mayurbhanj,North Central Plateau,Red Laterite,Kharif,Maize,1.64,97.1,36.0,41.6,6.17,0.57,1539.7,27.5,Rainfed,20.53
Kalahandi,Western Undulating Zone,Black Soil,Kharif,Ragi (Mandia),0.48,26.2,5.7,30.5,6.36,0.74,1539.3,30.2,Rainfed,2.5
Sundargarh,North Western Plateau,Red Laterite,Rabi,Mustard,1.65,68.9,46.5,43.6,5.49,0.55,140.5,24.6,Rainfed,2.99
Bargarh,Western Central Table Land,Alluvial,Kharif,Groundnut,3.11,10.3,26.2,64.4,7.82,0.5,1431.4,26.9,Canal,5.95
Puri,East & South Eastern Coastal Plain,Coastal Saline,Rabi,Paddy (Rabi),1.89,122.6,50.8,63.1,7.14,0.69,287.9,23.6,Borewell,30.17
Koraput,Eastern Ghat High Land,Red Laterite,Kharif,Ragi (Mandia),0.51,71.0,6.4,20.7,5.09,0.46,1262.9,23.7,Rainfed,2.5
Mayurbhanj,North Central Plateau,Sandy Loam,Rabi,Mustard,1.99,69.3,21.0,37.3,6.1,0.71,89.8,22.4,Rainfed,7.96
Sundargarh,North Western Plateau,Red Laterite,Kharif,Ragi (Mandia),1.36,55.7,0.0,6.4,4.96,0.74,1214.6,25.1,Rainfed,2.86
Cuttack,East & South Eastern Coastal Plain,Alluvial,Rabi,Mustard,1.71,22.0,43.9,23.4,6.46,0.38,293.4,26.3,Rainfed,3.83
Mayurbhanj,North Central Plateau,Sandy Loam,Rabi,Mustard,1.19,77.4,45.1,9.8,5.85,0.44,185.9,25.6,Rainfed,4.83
Sundargarh,North Western Plateau,Red Laterite,Rabi,Mustard,0.31,56.4,28.2,34.6,5.37,0.51,89.3,24.8,Borewell,3.08
Puri,East & South Eastern Coastal Plain,Coastal Saline,Kharif,Groundnut,1.77,27.3,36.3,67.2,7.3,0.39,809.3,27.6,Rainfed,9.73
Balasore,North Eastern Coastal Plain,Alluvial,Rabi,Green Gram (Moong),2.27,8.2,43.6,6.0,6.25,0.26,149.1,24.5,Rainfed,2.5
Bargarh,Western Central Table Land,Black Soil,Kharif,Groundnut,1.67,22.4,65.0,20.3,6.64,0.66,1068.0,29.4,Rainfed,5.54
Ganjam,South Eastern Coastal Plain,Red Laterite,Kharif,Groundnut,2.64,17.5,43.4,57.4,6.78,0.62,1187.9,28.6,Borewell,9.93
Sambalpur,Western Central Table Land,Black Soil,Rabi,Green Gram (Moong),1.12,2.7,37.8,27.6,6.56,0.49,137.4,24.1,Canal,2.5
Cuttack,East & South Eastern Coastal Plain,Sandy Loam,Rabi,Mustard,4.47,36.1,48.2,15.8,7.04,0.5,38.8,26.4,Rainfed,5.42
Sambalpur,Western Central Table Land,Black Soil,Kharif,Paddy (Kharif),3.05,88.4,34.1,18.8,5.85,0.73,1323.0,27.2,Canal,14.41
Sambalpur,Western Central Table Land,Red Laterite,Rabi,Paddy (Rabi),0.84,132.3,54.3,52.4,6.82,0.36,122.3,22.4,Canal,26.51
Sambalpur,Western Central Table Land,Black Soil,Kharif,Maize,1.7,77.9,57.8,44.3,6.24,0.15,1543.1,28.2,Rainfed,22.72
Balasore,North Eastern Coastal Plain,Sandy Loam,Kharif,Groundnut,0.77,45.6,50.0,66.8,6.86,0.7,1461.2,27.6,Borewell,11.73
Koraput,Eastern Ghat High Land,Red Laterite,Kharif,Ragi (Mandia),1.96,27.9,14.7,47.4,5.36,0.46,1307.4,22.4,Rainfed,7.37
Koraput,Eastern Ghat High Land,Sandy Loam,Kharif,Maize,1.06,102.3,65.8,28.9,5.43,0.63,1108.1,23.0,Borewell,7.61
Bargarh,Western Central Table Land,Black Soil,Kharif,Paddy (Kharif),1.3,77.8,43.9,40.1,6.88,0.36,1262.9,28.1,Rainfed,17.1
Sambalpur,Western Central Table Land,Red Laterite,Rabi,Paddy (Rabi),2.29,145.6,48.9,55.6,6.69,0.39,132.5,24.5,Canal,31.94
Mayurbhanj,North Central Plateau,Sandy Loam,Kharif,Paddy (Kharif),1.24,126.2,45.6,64.2,5.97,0.45,1694.1,28.9,Rainfed,26.06
Ganjam,South Eastern Coastal Plain,Red Laterite,Rabi,Green Gram (Moong),2.46,10.7,36.0,29.8,6.76,0.56,162.2,21.7,Borewell,5.05
Kalahandi,Western Undulating Zone,Black Soil,Kharif,Ragi (Mandia),0.79,17.3,10.0,20.8,6.14,0.33,1353.3,31.8,Borewell,4.03
Sundargarh,North Western Plateau,Sandy Loam,Rabi,Mustard,0.71,103.2,34.2,36.4,4.98,0.76,40.9,26.3,Borewell,5.6
Bargarh,Western Central Table Land,Black Soil,Kharif,Groundnut,1.41,45.2,43.0,47.2,7.34,0.73,1226.6,30.6,Canal,11.08
Sambalpur,Western Central Table Land,Red Laterite,Rabi,Green Gram (Moong),2.41,1.4,54.2,17.8,6.6,0.5,132.4,24.3,Canal,2.5
Koraput,Eastern Ghat High Land,Red Laterite,Kharif,Maize,2.59,95.6,35.7,45.1,6.1,0.46,1577.9,23.0,Rainfed,16.68
Sundargarh,North Western Plateau,Red Laterite,Rabi,Mustard,2.17,86.4,41.7,3.8,5.74,0.53,262.3,24.6,Rainfed,2.5
Balasore,North Eastern Coastal Plain,Sandy Loam,Rabi,Mustard,1.82,82.3,41.4,44.4,6.89,0.28,27.6,25.6,Borewell,7.62
Bargarh,Western Central Table Land,Alluvial,Rabi,Paddy (Rabi),0.46,115.1,29.8,42.7,6.6,0.51,215.3,24.1,Canal,20.37
Sambalpur,Western Central Table Land,Black Soil,Rabi,Paddy (Rabi),1.59,95.7,49.0,58.2,6.56,0.63,184.2,25.9,Rainfed,27.1
Sambalpur,Western Central Table Land,Red Laterite,Kharif,Maize,3.57,104.7,46.5,33.6,6.64,0.45,1253.5,28.1,Canal,12.57
Cuttack,East & South Eastern Coastal Plain,Sandy Loam,Rabi,Green Gram (Moong),4.31,31.3,10.0,2.3,6.85,0.67,213.6,22.1,Borewell,2.5
Sundargarh,North Western Plateau,Red Laterite,Rabi,Mustard,1.78,57.5,22.1,10.3,5.36,0.49,291.5,23.8,Rainfed,3.8
Cuttack,East & South Eastern Coastal Plain,Alluvial,Kharif,Paddy (Kharif),0.45,68.2,56.4,70.3,6.64,0.58,1612.9,28.4,Borewell,24.12
Bargarh,Western Central Table Land,Black Soil,Kharif,Paddy (Kharif),0.92,108.8,38.6,52.9,6.61,0.48,1168.7,30.2,Canal,24.23
Kalahandi,Western Undulating Zone,Red Laterite,Kharif,Groundnut,1.26,39.5,54.8,39.7,6.72,0.36,1630.6,27.8,Rainfed,10.89
Sundargarh,North Western Plateau,Sandy Loam,Kharif,Ragi (Mandia),0.88,11.7,38.3,35.9,5.33,0.68,1265.6,27.4,Rainfed,3.58
Kalahandi,Western Undulating Zone,Black Soil,Kharif,Maize,1.56,88.9,52.4,49.3,6.61,0.55,604.6,31.1,Borewell,23.4
Sundargarh,North Western Plateau,Sandy Loam,Kharif,Ragi (Mandia),1.1,54.3,24.0,32.4,5.71,0.49,1268.2,27.8,Rainfed,9.01
Puri,East & South Eastern Coastal Plain,Alluvial,Rabi,Green Gram (Moong),1.23,41.3,53.4,26.0,6.75,0.32,237.2,25.5,Borewell,5.97
Cuttack,East & South Eastern Coastal Plain,Sandy Loam,Rabi,Green Gram (Moong),0.88,19.0,43.5,19.6,7.01,0.7,151.2,23.2,Borewell,3.23
Sambalpur,Western Central Table Land,Red Laterite,Kharif,Maize,1.72,130.3,49.4,42.1,7.08,0.52,1406.2,29.8,Canal,19.86
Sambalpur,Western Central Table Land,Black Soil,Rabi,Paddy (Rabi),3.75,133.6,50.7,51.4,6.68,0.51,215.4,23.3,Rainfed,26.92
Sundargarh,North Western Plateau,Sandy Loam,Rabi,Mustard,0.77,86.1,25.8,51.5,5.69,0.45,127.5,23.2,Rainfed,6.49
Puri,East & South Eastern Coastal Plain,Alluvial,Kharif,Groundnut,2.3,16.3,49.5,37.0,6.77,0.6,1324.8,29.8,Borewell,6.96
Sambalpur,Western Central Table Land,Red Laterite,Rabi,Paddy (Rabi),4.68,98.0,39.9,43.6,6.62,0.23,131.9,27.1,Rainfed,21.15
Kalahandi,Western Undulating Zone,Black Soil,Kharif,Ragi (Mandia),1.13,59.9,19.9,25.4,6.35,0.61,1215.9,29.8,Rainfed,6.65
Puri,East & South Eastern Coastal Plain,Alluvial,Rabi,Paddy (Rabi),0.62,128.6,25.5,40.1,6.44,0.79,254.4,21.0,Borewell,22.66
Kalahandi,Western Undulating Zone,Red Laterite,Kharif,Maize,0.57,128.9,44.3,38.3,6.7,0.76,1165.3,32.2,Rainfed,21.43
Bargarh,Western Central Table Land,Alluvial,Kharif,Groundnut,0.28,39.0,33.5,66.1,6.11,0.46,1500.6,28.6,Canal,9.05
Cuttack,East & South Eastern Coastal Plain,Sandy Loam,Rabi,Mustard,1.07,67.6,18.1,19.3,6.41,0.49,71.6,22.3,Rainfed,6.23
Puri,East & South Eastern Coastal Plain,Alluvial,Kharif,Groundnut,1.02,0.0,36.3,64.4,7.52,0.67,1533.0,29.2,Borewell,2.5
Sambalpur,Western Central Table Land,Red Laterite,Kharif,Maize,0.76,127.5,68.2,25.3,6.89,0.72,1493.5,27.9,Canal,12.03
Sambalpur,Western Central Table Land,Red Laterite,Rabi,Paddy (Rabi),2.92,92.0,29.2,59.5,6.81,0.33,86.6,24.1,Canal,20.22
Sundargarh,North Western Plateau,Sandy Loam,Kharif,Ragi (Mandia),1.46,72.1,11.9,27.7,5.13,0.6,1255.2,29.8,Rainfed,4.89
Bargarh,Western Central Table Land,Black Soil,Kharif,Paddy (Kharif),2.91,84.6,43.0,47.1,6.3,0.43,1276.3,26.6,Canal,25.03
Sambalpur,Western Central Table Land,Red Laterite,Kharif,Maize,0.4,81.9,39.1,0.0,6.01,0.6,1524.6,29.4,Canal,3.17
Sambalpur,Western Central Table Land,Red Laterite,Rabi,Green Gram (Moong),0.98,30.5,21.8,11.5,7.13,0.46,217.2,24.1,Canal,4.94
Sundargarh,North Western Plateau,Sandy Loam,Kharif,Ragi (Mandia),0.52,75.8,0.0,23.6,5.3,0.52,1625.9,29.8,Borewell,5.49
Sundargarh,North Western Plateau,Red Laterite,Rabi,Mustard,3.35,87.7,44.6,56.5,5.3,0.34,319.3,24.8,Rainfed,4.42
Bargarh,Western Central Table Land,Alluvial,Rabi,Paddy (Rabi),1.64,107.6,58.8,59.8,6.43,0.66,149.2,26.1,Canal,30.33
Puri,East & South Eastern Coastal Plain,Coastal Saline,Kharif,Groundnut,1.17,48.1,36.7,63.8,6.37,0.84,1657.0,26.0,Rainfed,10.91
Balasore,North Eastern Coastal Plain,Alluvial,Rabi,Mustard,3.77,43.1,32.5,40.4,6.5,0.74,137.9,20.7,Rainfed,6.0
Koraput,Eastern Ghat High Land,Sandy Loam,Kharif,Ragi (Mandia),2.09,49.8,17.7,41.1,5.12,0.68,1370.0,23.5,Borewell,6.59
Cuttack,East & South Eastern Coastal Plain,Sandy Loam,Rabi,Paddy (Rabi),2.67,134.0,64.1,48.3,6.5,0.17,290.6,24.1,Rainfed,26.47
Balasore,North Eastern Coastal Plain,Sandy Loam,Kharif,Groundnut,1.06,15.8,25.7,58.2,6.34,0.54,1074.9,26.5,Borewell,6.27
Ganjam,South Eastern Coastal Plain,Alluvial,Kharif,Ragi (Mandia),2.03,48.0,22.7,0.0,7.2,0.62,1076.7,26.3,Borewell,2.5
Sundargarh,North Western Plateau,Red Laterite,Rabi,Mustard,2.41,40.3,18.2,39.7,4.43,0.74,129.0,22.0,Rainfed,2.5
Mayurbhanj,North Central Plateau,Red Laterite,Rabi,Mustard,1.41,81.3,31.6,44.3,5.66,0.46,140.2,23.5,Rainfed,7.02
Cuttack,East & South Eastern Coastal Plain,Alluvial,Rabi,Green Gram (Moong),1.15,25.1,49.4,49.4,6.71,0.57,39.0,24.3,Borewell,5.0
Sundargarh,North Western Plateau,Sandy Loam,Rabi,Mustard,1.21,57.3,18.3,30.6,5.65,0.64,196.7,23.4,Borewell,6.59
Cuttack,East & South Eastern Coastal Plain,Sandy Loam,Rabi,Paddy (Rabi),2.28,90.5,52.8,38.3,6.6,0.4,60.6,22.5,Rainfed,18.06
Puri,East & South Eastern Coastal Plain,Coastal Saline,Rabi,Green Gram (Moong),0.92,34.4,17.1,22.9,6.33,0.63,191.0,26.7,Borewell,5.4
Sambalpur,Western Central Table Land,Red Laterite,Rabi,Green Gram (Moong),0.75,15.6,46.3,31.3,6.53,0.46,126.3,26.6,Rainfed,3.04
Ganjam,South Eastern Coastal Plain,Red Laterite,Kharif,Paddy (Kharif),1.43,95.2,26.9,30.6,6.88,0.45,1230.0,30.0,Borewell,12.16
Cuttack,East & South Eastern Coastal Plain,Alluvial,Rabi,Mustard,0.93,46.8,34.6,10.8,6.83,0.67,233.2,23.7,Rainfed,6.18
Kalahandi,Western Undulating Zone,Red Laterite,Kharif,Ragi (Mandia),3.43,27.9,23.4,13.2,6.5,0.36,915.3,30.4,Borewell,4.43
Sambalpur,Western Central Table Land,Red Laterite,Kharif,Maize,4.69,108.4,43.0,44.9,6.74,0.52,1091.8,28.5,Canal,15.16
Sundargarh,North Western Plateau,Red Laterite,Kharif,Ragi (Mandia),1.05,31.9,13.4,19.9,5.21,0.56,1512.0,26.2,Rainfed,5.38
Mayurbhanj,North Central Plateau,Sandy Loam,Kharif,Maize,4.97,80.6,48.8,17.9,6.1,0.79,1358.8,27.5,Rainfed,10.74
Cuttack,East & South Eastern Coastal Plain,Alluvial,Rabi,Green Gram (Moong),1.11,27.4,40.6,33.8,7.25,0.49,91.4,23.1,Borewell,5.6
Bargarh,Western Central Table Land,Alluvial,Kharif,Groundnut,1.94,9.1,68.2,41.9,6.82,0.74,1197.8,29.3,Canal,10.16
Bargarh,Western Central Table Land,Black Soil,Kharif,Paddy (Kharif),1.68,83.1,58.7,54.4,6.59,0.41,1315.7,26.8,Canal,27.7
Sundargarh,North Western Plateau,Red Laterite,Kharif,Ragi (Mandia),0.49,60.2,17.7,18.8,5.84,0.64,1511.7,25.8,Rainfed,11.58
Koraput,Eastern Ghat High Land,Sandy Loam,Kharif,Ragi (Mandia),0.73,28.8,34.2,0.0,5.82,0.56,1434.0,25.9,Rainfed,2.5
Sambalpur,Western Central Table Land,Black Soil,Rabi,Paddy (Rabi),0.94,89.8,62.8,72.2,6.16,0.39,20.0,26.1,Rainfed,24.56
Koraput,Eastern Ghat High Land,Sandy Loam,Kharif,Maize,1.73,98.2,38.3,57.6,5.52,0.67,1643.7,23.7,Borewell,16.39
Kalahandi,Western Undulating Zone,Red Laterite,Kharif,Ragi (Mandia),1.73,95.8,0.6,41.2,6.63,0.73,927.4,30.8,Rainfed,2.5
Mayurbhanj,North Central Plateau,Red Laterite,Kharif,Maize,1.01,107.2,49.2,57.1,5.91,0.44,1620.8,27.6,Borewell,22.42
Balasore,North Eastern Coastal Plain,Sandy Loam,Kharif,Paddy (Kharif),1.81,110.7,39.9,42.7,6.27,0.3,1690.5,27.1,Rainfed,17.62
Cuttack,East & South Eastern Coastal Plain,Sandy Loam,Rabi,Paddy (Rabi),1.88,128.2,54.7,64.8,7.12,0.5,144.0,21.3,Borewell,32.6
Puri,East & South Eastern Coastal Plain,Coastal Saline,Rabi,Green Gram (Moong),2.67,38.1,41.5,35.2,7.24,0.61,187.6,22.5,Borewell,7.05
Balasore,North Eastern Coastal Plain,Alluvial,Kharif,Paddy (Kharif),4.25,72.8,24.4,42.7,5.71,0.68,1391.4,27.4,Rainfed,16.21
Puri,East & South Eastern Coastal Plain,Alluvial,Rabi,Green Gram (Moong),1.68,21.5,12.8,9.9,7.24,0.63,188.0,25.6,Rainfed,2.5
Kalahandi,Western Undulating Zone,Red Laterite,Kharif,Ragi (Mandia),4.5,55.9,32.1,43.4,6.33,0.64,1354.4,25.6,Rainfed,7.11
Sundargarh,North Western Plateau,Red Laterite,Rabi,Mustard,3.53,64.5,20.3,33.5,4.92,0.46,132.7,26.1,Borewell,3.95
Cuttack,East & South Eastern Coastal Plain,Sandy Loam,Rabi,Green Gram (Moong),0.73,45.6,37.1,40.6,6.18,0.65,206.3,22.2,Rainfed,5.24
Cuttack,East & South Eastern Coastal Plain,Alluvial,Rabi,Paddy (Rabi),0.4,132.6,54.0,30.8,5.97,0.79,72.5,23.7,Borewell,22.83
Kalahandi,Western Undulating Zone,Red Laterite,Kharif,Groundnut,1.12,26.2,38.3,45.8,6.13,0.54,1439.3,30.1,Borewell,12.32
Mayurbhanj,North Central Plateau,Red Laterite,Rabi,Mustard,0.66,21.3,29.3,25.0,5.87,0.66,133.0,18.8,Rainfed,2.5
Balasore,North Eastern Coastal Plain,Alluvial,Rabi,Green Gram (Moong),0.69,9.4,31.0,17.4,5.87,0.55,140.0,24.8,Rainfed,4.69
Kalahandi,Western Undulating Zone,Black Soil,Kharif,Ragi (Mandia),2.45,107.1,68.8,51.4,6.75,0.74,973.0,27.0,Borewell,12.7
Koraput,Eastern Ghat High Land,Sandy Loam,Kharif,Ragi (Mandia),1.04,51.7,31.7,33.2,5.23,0.58,1228.0,24.7,Rainfed,9.26
Balasore,North Eastern Coastal Plain,Sandy Loam,Rabi,Mustard,0.96,76.7,27.6,33.8,6.49,0.63,154.1,23.4,Rainfed,5.64
Ganjam,South Eastern Coastal Plain,Alluvial,Kharif,Ragi (Mandia),1.52,48.0,42.0,17.0,6.82,0.87,1262.4,28.6,Borewell,9.7
Sambalpur,Western Central Table Land,Black Soil,Kharif,Paddy (Kharif),1.44,151.2,33.5,64.3,6.7,0.47,1446.8,24.7,Canal,20.67
Balasore,North Eastern Coastal Plain,Alluvial,Rabi,Green Gram (Moong),0.72,67.3,48.6,0.0,6.79,0.23,240.3,24.3,Borewell,2.5
Sambalpur,Western Central Table Land,Red Laterite,Rabi,Paddy (Rabi),6.48,112.6,65.3,26.2,6.74,0.57,229.8,24.3,Canal,24.22
Ganjam,South Eastern Coastal Plain,Red Laterite,Kharif,Paddy (Kharif),1.26,116.1,35.9,58.2,5.8,0.64,1496.4,27.0,Borewell,27.03
Sundargarh,North Western Plateau,Red Laterite,Rabi,Mustard,2.24,33.9,27.6,62.0,5.21,0.76,229.2,21.7,Rainfed,4.38
Ganjam,South Eastern Coastal Plain,Alluvial,Kharif,Paddy (Kharif),0.99,84.5,64.7,22.2,6.83,0.43,1309.5,26.7,Rainfed,13.2
Bargarh,Western Central Table Land,Alluvial,Rabi,Paddy (Rabi),2.72,138.6,40.2,32.2,6.79,0.38,169.9,23.4,Canal,17.71
Sambalpur,Western Central Table Land,Red Laterite,Kharif,Maize,1.2,85.4,44.3,36.7,6.68,0.48,1175.6,27.4,Canal,17.54
Mayurbhanj,North Central Plateau,Red Laterite,Kharif,Ragi (Mandia),1.96,35.2,6.9,52.0,5.61,0.63,1176.6,28.4,Rainfed,4.08
Balasore,North Eastern Coastal Plain,Sandy Loam,Rabi,Green Gram (Moong),0.79,39.5,34.6,19.9,7.07,0.48,126.8,23.7,Borewell,3.38
Sambalpur,Western Central Table Land,Red Laterite,Rabi,Paddy (Rabi),1.14,140.0,49.3,45.5,5.85,0.59,203.5,22.0,Canal,23.33
Puri,East & South Eastern Coastal Plain,Alluvial,Kharif,Groundnut,0.84,0.8,52.6,62.8,7.1,0.42,1557.8,28.5,Borewell,2.5
Cuttack,East & South Eastern Coastal Plain,Sandy Loam,Rabi,Green Gram (Moong),3.23,25.3,36.2,6.9,6.44,0.52,82.5,23.2,Borewell,3.0
Kalahandi,Western Undulating Zone,Red Laterite,Kharif,Ragi (Mandia),2.95,65.5,19.0,19.4,5.94,0.58,823.9,31.2,Borewell,6.69
Bargarh,Western Central Table Land,Alluvial,Kharif,Paddy (Kharif),3.28,139.2,33.7,10.8,7.01,0.64,1461.3,28.3,Canal,8.04
Balasore,North Eastern Coastal Plain,Sandy Loam,Kharif,Groundnut,1.8,51.5,39.3,55.3,6.75,0.7,1823.1,28.5,Borewell,11.23
Mayurbhanj,North Central Plateau,Sandy Loam,Kharif,Paddy (Kharif),1.21,81.2,60.8,22.4,5.38,0.47,1732.6,24.3,Rainfed,13.04
Cuttack,East & South Eastern Coastal Plain,Sandy Loam,Rabi,Paddy (Rabi),4.39,130.5,41.3,26.7,6.55,0.42,198.2,24.9,Borewell,17.77
Ganjam,South Eastern Coastal Plain,Red Laterite,Kharif,Paddy (Kharif),4.61,95.0,48.3,51.5,6.25,0.43,1095.1,27.6,Borewell,26.09
Sambalpur,Western Central Table Land,Red Laterite,Kharif,Maize,1.77,96.5,43.3,30.2,5.93,0.51,996.5,30.6,Rainfed,13.89
Koraput,Eastern Ghat High Land,Sandy Loam,Kharif,Ragi (Mandia),1.55,61.0,22.4,54.6,5.42,0.57,1498.4,21.4,Borewell,9.13
Bargarh,Western Central Table Land,Alluvial,Rabi,Paddy (Rabi),1.68,118.9,70.1,65.9,7.41,0.37,99.9,22.2,Canal,24.64
Mayurbhanj,North Central Plateau,Sandy Loam,Kharif,Maize,1.83,87.3,72.0,0.0,5.55,0.29,1718.8,26.6,Rainfed,2.5
Bargarh,Western Central Table Land,Black Soil,Rabi,Paddy (Rabi),1.78,115.9,63.0,46.4,6.69,0.44,116.5,25.8,Canal,24.49
Koraput,Eastern Ghat High Land,Sandy Loam,Kharif,Maize,1.66,85.3,64.9,60.3,6.1,0.74,1224.1,20.4,Borewell,21.05
Cuttack,East & South Eastern Coastal Plain,Alluvial,Rabi,Green Gram (Moong),0.73,26.1,24.9,12.0,6.6,0.47,229.5,22.0,Rainfed,2.5
Mayurbhanj,North Central Plateau,Sandy Loam,Kharif,Maize,0.81,98.1,49.3,44.5,5.11,0.64,1719.5,25.4,Rainfed,14.17
Mayurbhanj,North Central Plateau,Red Laterite,Kharif,Paddy (Kharif),0.47,106.5,53.7,24.3,5.33,0.25,1567.7,26.4,Rainfed,14.24
Balasore,North Eastern Coastal Plain,Sandy Loam,Kharif,Paddy (Kharif),1.56,97.1,61.9,19.2,6.28,0.61,1498.9,28.5,Borewell,17.29
Kalahandi,Western Undulating Zone,Black Soil,Kharif,Maize,1.12,82.7,36.7,36.2,5.9,0.57,489.9,30.0,Rainfed,8.61
Bargarh,Western Central Table Land,Alluvial,Kharif,Groundnut,0.95,36.4,37.2,35.0,7.05,0.84,1283.8,30.6,Canal,11.7
Kalahandi,Western Undulating Zone,Black Soil,Kharif,Groundnut,0.94,15.3,57.8,66.4,5.62,0.34,1533.0,31.9,Rainfed,9.2
Balasore,North Eastern Coastal Plain,Alluvial,Rabi,Paddy (Rabi),0.67,91.6,28.9,36.8,6.7,0.59,155.8,23.9,Rainfed,14.99
Sundargarh,North Western Plateau,Sandy Loam,Kharif,Ragi (Mandia),0.9,27.1,30.4,48.4,5.47,0.81,1442.1,25.0,Rainfed,3.27
Sambalpur,Western Central Table Land,Red Laterite,Rabi,Paddy (Rabi),0.59,135.4,53.3,50.1,6.68,0.82,123.6,24.8,Rainfed,35.89
Kalahandi,Western Undulating Zone,Red Laterite,Kharif,Ragi (Mandia),4.25,91.3,44.3,7.1,6.21,0.62,1658.4,26.7,Borewell,2.5
Balasore,North Eastern Coastal Plain,Alluvial,Kharif,Paddy (Kharif),0.79,74.9,62.7,65.8,6.12,0.69,1691.2,27.3,Rainfed,23.1
Kalahandi,Western Undulating Zone,Red Laterite,Kharif,Ragi (Mandia),2.75,58.4,37.0,0.0,6.02,0.47,912.0,29.2,Borewell,2.5
Mayurbhanj,North Central Plateau,Sandy Loam,Kharif,Maize,2.13,110.1,52.8,52.8,5.86,0.54,1534.9,26.5,Rainfed,19.7
Ganjam,South Eastern Coastal Plain,Alluvial,Kharif,Paddy (Kharif),1.25,64.7,36.2,52.7,6.43,0.34,1243.3,29.9,Rainfed,18.25
Puri,East & South Eastern Coastal Plain,Alluvial,Rabi,Paddy (Rabi),0.79,78.8,10.5,62.0,6.53,0.5,179.5,24.0,Rainfed,6.49
Ganjam,South Eastern Coastal Plain,Red Laterite,Kharif,Paddy (Kharif),1.99,73.3,34.6,56.5,6.85,0.96,1083.2,29.7,Rainfed,16.83
Sambalpur,Western Central Table Land,Black Soil,Kharif,Maize,2.39,138.6,28.3,23.0,6.64,0.35,1207.2,28.3,Rainfed,12.3
Koraput,Eastern Ghat High Land,Sandy Loam,Kharif,Maize,1.23,90.5,58.1,39.8,5.55,0.49,1567.3,21.3,Rainfed,18.6
Bargarh,Western Central Table Land,Alluvial,Kharif,Groundnut,1.84,2.0,30.9,31.0,6.51,0.57,1376.8,28.2,Canal,2.5
Sundargarh,North Western Plateau,Sandy Loam,Rabi,Mustard,3.77,37.1,6.8,46.3,5.33,0.6,225.7,24.2,Rainfed,3.84
Koraput,Eastern Ghat High Land,Red Laterite,Kharif,Ragi (Mandia),3.16,53.9,15.8,35.1,4.73,0.59,1677.0,22.7,Rainfed,4.75
Koraput,Eastern Ghat High Land,Sandy Loam,Kharif,Maize,2.22,99.5,67.6,58.1,5.92,0.58,1357.1,24.9,Rainfed,17.5
Bargarh,Western Central Table Land,Black Soil,Kharif,Groundnut,0.83,0.0,37.4,37.7,6.99,0.45,1388.4,26.2,Rainfed,3.92
Balasore,North Eastern Coastal Plain,Sandy Loam,Rabi,Paddy (Rabi),3.04,186.3,45.9,58.4,6.12,0.54,210.1,22.2,Borewell,28.76
Ganjam,South Eastern Coastal Plain,Red Laterite,Kharif,Groundnut,4.6,31.2,35.8,63.1,7.47,0.54,1315.9,28.6,Borewell,8.05
Kalahandi,Western Undulating Zone,Red Laterite,Kharif,Groundnut,0.79,29.4,35.5,49.2,6.43,0.59,1180.9,30.4,Rainfed,10.57
Cuttack,East & South Eastern Coastal Plain,Alluvial,Rabi,Paddy (Rabi),0.52,100.6,48.1,43.9,6.75,0.67,236.1,24.9,Borewell,26.71
Koraput,Eastern Ghat High Land,Red Laterite,Kharif,Ragi (Mandia),2.59,23.9,30.5,21.4,4.98,0.79,1331.0,24.2,Rainfed,2.5
Ganjam,South Eastern Coastal Plain,Alluvial,Kharif,Paddy (Kharif),0.86,57.7,43.4,42.2,7.05,0.63,1041.1,27.7,Rainfed,16.23
Koraput,Eastern Ghat High Land,Sandy Loam,Kharif,Ragi (Mandia),6.4,35.5,35.5,9.9,5.33,0.53,1140.3,22.1,Rainfed,2.88
Bargarh,Western Central Table Land,Alluvial,Kharif,Paddy (Kharif),1.58,109.7,52.1,47.0,6.71,0.52,1353.1,29.5,Canal,21.2
Cuttack,East & South Eastern Coastal Plain,Sandy Loam,Rabi,Paddy (Rabi),1.28,129.6,54.1,42.2,6.74,0.48,216.8,24.9,Borewell,30.73
Kalahandi,Western Undulating Zone,Red Laterite,Kharif,Maize,2.64,82.3,48.5,35.5,6.49,0.63,1242.9,30.2,Rainfed,12.07
Puri,East & South Eastern Coastal Plain,Alluvial,Rabi,Paddy (Rabi),2.85,118.5,68.8,52.4,6.89,0.8,152.6,24.4,Rainfed,30.26
Koraput,Eastern Ghat High Land,Red Laterite,Kharif,Maize,1.44,102.4,66.7,37.6,5.38,0.47,1321.2,23.2,Borewell,10.33
Sundargarh,North Western Plateau,Sandy Loam,Rabi,Mustard,2.29,17.6,19.3,62.4,5.07,0.37,124.8,20.5,Rainfed,2.5
Mayurbhanj,North Central Plateau,Sandy Loam,Kharif,Paddy (Kharif),1.89,123.9,52.5,53.6,6.17,0.56,1512.7,27.7,Rainfed,24.86
Balasore,North Eastern Coastal Plain,Alluvial,Rabi,Mustard,2.1,78.4,23.3,36.0,6.89,0.56,244.1,26.0,Borewell,7.11
Sambalpur,Western Central Table Land,Red Laterite,Rabi,Paddy (Rabi),3.61,114.6,76.0,40.2,6.61,0.39,210.6,25.0,Canal,29.95
Ganjam,South Eastern Coastal Plain,Red Laterite,Rabi,Green Gram (Moong),1.13,58.1,46.1,35.7,7.14,0.35,112.5,25.3,Borewell,6.35
Sundargarh,North Western Plateau,Sandy Loam,Rabi,Mustard,1.12,119.5,47.5,32.4,4.73,0.52,168.4,24.8,Rainfed,3.98
Balasore,North Eastern Coastal Plain,Alluvial,Rabi,Mustard,1.36,51.4,46.2,52.1,6.1,0.44,289.1,23.2,Rainfed,6.31
Ganjam,South Eastern Coastal Plain,Alluvial,Kharif,Groundnut,1.31,15.3,24.3,34.7,6.99,0.66,764.7,28.4,Rainfed,5.08
Puri,East & South Eastern Coastal Plain,Coastal Saline,Rabi,Paddy (Rabi),0.63,157.7,51.8,35.0,6.99,0.34,91.2,23.5,Borewell,17.78
Puri,East & South Eastern Coastal Plain,Alluvial,Rabi,Paddy (Rabi),1.36,125.8,63.2,68.3,6.79,0.45,203.3,23.9,Borewell,33.64
Sundargarh,North Western Plateau,Red Laterite,Kharif,Ragi (Mandia),2.54,51.9,20.6,15.8,5.61,0.69,1388.5,26.2,Rainfed,7.34
Balasore,North Eastern Coastal Plain,Alluvial,Rabi,Green Gram (Moong),3.19,46.5,62.3,0.0,6.63,0.53,125.0,20.8,Rainfed,2.5
Sambalpur,Western Central Table Land,Black Soil,Rabi,Green Gram (Moong),2.13,15.3,29.1,13.6,6.64,0.32,141.2,22.9,Rainfed,3.67
Balasore,North Eastern Coastal Plain,Sandy Loam,Rabi,Paddy (Rabi),5.12,87.1,39.0,38.0,6.6,0.43,167.4,24.5,Rainfed,16.07
Kalahandi,Western Undulating Zone,Black Soil,Kharif,Groundnut,1.05,0.0,31.0,36.8,5.92,0.43,1130.5,32.5,Rainfed,2.5
Balasore,North Eastern Coastal Plain,Alluvial,Rabi,Mustard,1.34,88.5,30.6,8.1,5.96,0.54,312.4,24.8,Borewell,2.5
Cuttack,East & South Eastern Coastal Plain,Sandy Loam,Kharif,Paddy (Kharif),1.41,81.0,45.6,67.3,6.89,0.41,1332.8,26.5,Rainfed,19.6
Balasore,North Eastern Coastal Plain,Alluvial,Rabi,Green Gram (Moong),1.15,45.9,35.4,25.9,6.9,0.9,154.0,21.8,Rainfed,7.47
Kalahandi,Western Undulating Zone,Red Laterite,Kharif,Maize,0.52,101.2,44.4,5.5,5.82,0.51,1059.9,28.9,Rainfed,4.17
Bargarh,Western Central Table Land,Black Soil,Rabi,Paddy (Rabi),2.55,100.3,56.9,61.3,7.38,0.78,144.3,27.7,Rainfed,25.09
Bargarh,Western Central Table Land,Black Soil,Kharif,Groundnut,5.89,12.5,42.4,24.7,6.67,0.5,1006.1,28.9,Canal,3.06
Mayurbhanj,North Central Plateau,Sandy Loam,Kharif,Maize,1.39,114.1,49.0,41.5,6.33,0.52,1341.7,26.9,Borewell,15.65
Sundargarh,North Western Plateau,Red Laterite,Rabi,Mustard,1.31,52.7,28.4,15.5,5.85,0.46,173.9,23.7,Rainfed,3.74
Sundargarh,North Western Plateau,Sandy Loam,Kharif,Ragi (Mandia),1.68,43.3,9.0,45.9,5.5,0.82,1409.7,24.0,Rainfed,3.79
Balasore,North Eastern Coastal Plain,Sandy Loam,Rabi,Mustard,1.5,74.5,50.8,33.1,6.3,0.41,158.9,23.2,Borewell,8.07
Balasore,North Eastern Coastal Plain,Alluvial,Rabi,Mustard,1.76,75.4,20.6,29.4,6.26,0.71,241.4,25.9,Borewell,5.11
Sambalpur,Western Central Table Land,Black Soil,Kharif,Paddy (Kharif),0.89,115.6,41.2,16.9,6.23,0.61,981.7,28.0,Canal,11.53
Sundargarh,North Western Plateau,Red Laterite,Rabi,Mustard,2.9,63.9,32.5,27.5,5.22,0.35,174.6,23.4,Rainfed,4.53
Puri,East & South Eastern Coastal Plain,Coastal Saline,Kharif,Groundnut,0.41,24.9,42.1,72.0,6.72,0.41,1683.0,28.8,Rainfed,10.91
Koraput,Eastern Ghat High Land,Red Laterite,Kharif,Ragi (Mandia),1.54,17.5,52.4,34.0,5.56,0.53,1437.0,23.7,Borewell,5.02
Bargarh,Western Central Table Land,Black Soil,Kharif,Groundnut,0.55,22.7,19.7,41.4,7.08,0.6,1130.9,27.7,Canal,2.82
Puri,East & South Eastern Coastal Plain,Coastal Saline,Rabi,Green Gram (Moong),2.08,26.1,37.7,41.3,6.67,0.67,238.0,24.8,Rainfed,8.13
Mayurbhanj,North Central Plateau,Sandy Loam,Kharif,Maize,0.41,102.4,28.0,36.1,5.55,0.49,1418.1,28.2,Rainfed,10.82
Ganjam,South Eastern Coastal Plain,Red Laterite,Rabi,Green Gram (Moong),3.58,37.5,54.4,39.9,6.88,0.58,122.6,25.1,Rainfed,8.19
Koraput,Eastern Ghat High Land,Sandy Loam,Kharif,Maize,2.1,118.0,29.6,25.5,5.05,0.56,1115.8,24.5,Rainfed,16.09
Sambalpur,Western Central Table Land,Red Laterite,Kharif,Maize,2.69,103.9,24.8,38.2,6.44,0.76,954.8,30.4,Canal,8.83
Bargarh,Western Central Table Land,Black Soil,Rabi,Paddy (Rabi),0.67,140.9,43.0,22.5,7.12,0.32,175.4,23.3,Canal,20.14
Kalahandi,Western Undulating Zone,Red Laterite,Kharif,Maize,1.38,90.0,39.8,20.8,6.45,0.55,1340.7,29.6,Borewell,14.8
Koraput,Eastern Ghat High Land,Red Laterite,Kharif,Maize,2.06,100.0,67.4,28.2,5.5,0.66,1860.4,24.1,Rainfed,18.57
Koraput,Eastern Ghat High Land,Sandy Loam,Kharif,Maize,0.97,90.1,33.6,16.7,5.37,0.38,1634.1,23.5,Rainfed,8.27
Mayurbhanj,North Central Plateau,Red Laterite,Kharif,Maize,1.18,119.3,48.7,42.4,6.38,0.74,1780.7,25.1,Rainfed,19.41
Kalahandi,Western Undulating Zone,Black Soil,Kharif,Maize,0.67,83.0,52.1,53.2,5.93,0.55,1433.2,28.2,Rainfed,20.58
Kalahandi,Western Undulating Zone,Red Laterite,Kharif,Ragi (Mandia),1.2,29.1,58.2,0.0,6.65,0.71,671.9,25.9,Rainfed,2.5
Cuttack,East & South Eastern Coastal Plain,Alluvial,Rabi,Paddy (Rabi),2.71,98.1,59.0,46.2,6.66,0.63,111.0,23.2,Borewell,30.12
Ganjam,South Eastern Coastal Plain,Alluvial,Kharif,Ragi (Mandia),1.71,46.3,32.8,20.7,7.01,0.52,1111.1,29.1,Borewell,5.61
Koraput,Eastern Ghat High Land,Sandy Loam,Kharif,Ragi (Mandia),1.51,31.5,15.4,21.2,5.84,0.54,1673.8,21.0,Borewell,2.5
Kalahandi,Western Undulating Zone,Black Soil,Kharif,Maize,0.59,134.7,47.9,30.1,6.33,0.43,869.4,28.1,Rainfed,15.45
Sundargarh,North Western Plateau,Sandy Loam,Rabi,Mustard,0.89,30.4,26.7,30.5,5.56,0.73,153.8,21.5,Rainfed,2.84
Sundargarh,North Western Plateau,Red Laterite,Kharif,Ragi (Mandia),3.2,39.0,19.7,36.0,5.1,0.7,1298.1,24.1,Borewell,8.63
Kalahandi,Western Undulating Zone,Red Laterite,Kharif,Ragi (Mandia),2.27,53.1,34.5,9.4,5.91,0.2,1512.1,29.7,Rainfed,8.08
Mayurbhanj,North Central Plateau,Sandy Loam,Kharif,Maize,2.27,77.0,70.3,68.7,6.35,0.73,1647.2,26.0,Rainfed,21.53
Mayurbhanj,North Central Plateau,Sandy Loam,Rabi,Mustard,2.33,69.6,51.7,48.7,5.48,0.91,281.1,24.7,Rainfed,8.39
Koraput,Eastern Ghat High Land,Red Laterite,Kharif,Ragi (Mandia),0.67,63.6,40.7,4.1,5.17,0.53,1406.4,24.0,Rainfed,2.5
Puri,East & South Eastern Coastal Plain,Coastal Saline,Rabi,Paddy (Rabi),3.54,121.8,48.4,50.3,7.7,0.45,182.1,21.2,Rainfed,17.74
Ganjam,South Eastern Coastal Plain,Red Laterite,Rabi,Green Gram (Moong),4.08,9.8,37.3,36.9,6.58,0.5,168.0,23.8,Borewell,2.5
Puri,East & South Eastern Coastal Plain,Coastal Saline,Kharif,Groundnut,2.33,13.8,26.7,64.5,7.51,0.79,1541.1,27.9,Borewell,6.19
Sundargarh,North Western Plateau,Red Laterite,Kharif,Ragi (Mandia),2.1,73.0,43.9,5.6,5.5,0.52,1584.3,24.8,Rainfed,6.16
Koraput,Eastern Ghat High Land,Sandy Loam,Kharif,Maize,2.58,103.9,52.1,35.5,5.34,0.36,1437.4,23.8,Rainfed,17.96
Puri,East & South Eastern Coastal Plain,Coastal Saline,Rabi,Paddy (Rabi),0.91,81.9,42.2,67.7,7.25,0.63,88.2,25.4,Rainfed,17.9
Sambalpur,Western Central Table Land,Red Laterite,Kharif,Paddy (Kharif),2.2,56.4,34.3,54.1,6.43,0.67,1206.5,27.2,Rainfed,17.17
Kalahandi,Western Undulating Zone,Red Laterite,Kharif,Ragi (Mandia),3.18,5.8,21.1,32.1,6.34,0.59,1168.8,29.9,Borewell,4.8
Sambalpur,Western Central Table Land,Red Laterite,Rabi,Green Gram (Moong),1.23,38.1,63.8,21.6,6.36,0.29,188.9,21.4,Rainfed,3.46
Mayurbhanj,North Central Plateau,Red Laterite,Rabi,Mustard,3.1,64.2,37.5,25.9,5.38,0.47,160.6,22.1,Borewell,6.81
Ganjam,South Eastern Coastal Plain,Red Laterite,Kharif,Groundnut,2.81,33.8,48.1,49.0,6.36,0.5,1498.0,24.8,Borewell,15.24
Cuttack,East & South Eastern Coastal Plain,Sandy Loam,Rabi,Paddy (Rabi),1.25,133.6,28.3,50.0,6.29,0.42,235.0,22.8,Borewell,23.45
Sundargarh,North Western Plateau,Red Laterite,Rabi,Mustard,1.87,37.0,56.1,1.8,5.01,0.61,232.6,26.7,Rainfed,2.57
Koraput,Eastern Ghat High Land,Sandy Loam,Kharif,Ragi (Mandia),0.56,37.8,25.0,2.1,5.61,0.44,1073.9,23.1,Rainfed,2.5
Kalahandi,Western Undulating Zone,Red Laterite,Kharif,Maize,1.77,99.4,64.7,50.3,5.5,0.67,1669.5,27.8,Rainfed,17.18
Ganjam,South Eastern Coastal Plain,Alluvial,Kharif,Paddy (Kharif),2.46,92.1,46.8,7.9,7.38,0.25,864.8,28.4,Borewell,9.55
Mayurbhanj,North Central Plateau,Red Laterite,Kharif,Ragi (Mandia),3.55,81.3,20.3,6.2,5.86,0.49,1592.3,27.3,Rainfed,5.63
Balasore,North Eastern Coastal Plain,Alluvial,Rabi,Paddy (Rabi),0.39,107.7,24.5,32.5,5.91,0.57,214.6,22.4,Rainfed,15.19
Puri,East & South Eastern Coastal Plain,Coastal Saline,Rabi,Paddy (Rabi),2.15,112.9,62.7,79.3,6.91,0.67,147.7,24.1,Borewell,37.29
Balasore,North Eastern Coastal Plain,Sandy Loam,Kharif,Groundnut,0.4,11.5,53.8,56.0,6.03,0.28,1994.4,29.2,Borewell,6.26
Sambalpur,Western Central Table Land,Black Soil,Kharif,Maize,1.91,70.6,59.8,25.1,7.06,0.43,1742.4,27.3,Canal,16.35
Sundargarh,North Western Plateau,Red Laterite,Kharif,Ragi (Mandia),2.23,55.7,39.2,14.2,5.27,0.72,1092.2,24.3,Borewell,6.49
Cuttack,East & South Eastern Coastal Plain,Alluvial,Rabi,Green Gram (Moong),1.12,15.1,73.5,20.3,6.5,0.58,193.3,24.0,Borewell,4.39
Koraput,Eastern Ghat High Land,Sandy Loam,Kharif,Ragi (Mandia),0.67,46.4,25.4,17.7,5.25,0.65,1727.3,25.3,Rainfed,7.08
Sambalpur,Western Central Table Land,Red Laterite,Rabi,Paddy (Rabi),3.65,118.9,54.3,46.8,6.11,0.31,93.6,23.8,Canal,21.72
Mayurbhanj,North Central Plateau,Red Laterite,Rabi,Mustard,0.72,59.6,40.3,35.5,6.22,0.61,245.4,26.3,Rainfed,6.37
Sundargarh,North Western Plateau,Red Laterite,Kharif,Ragi (Mandia),2.42,19.4,0.0,10.8,5.39,0.5,1252.7,26.2,Rainfed,2.5
Balasore,North Eastern Coastal Plain,Alluvial,Rabi,Green Gram (Moong),1.18,22.3,33.3,37.6,6.54,0.72,144.8,25.2,Rainfed,4.45
Koraput,Eastern Ghat High Land,Sandy Loam,Kharif,Ragi (Mandia),0.66,62.7,22.4,27.9,5.7,0.63,1269.0,24.6,Rainfed,11.55
Puri,East & South Eastern Coastal Plain,Alluvial,Rabi,Green Gram (Moong),2.77,52.8,7.0,27.7,7.07,0.47,158.8,28.0,Borewell,2.5
Ganjam,South Eastern Coastal Plain,Alluvial,Kharif,Ragi (Mandia),1.99,39.5,50.9,56.4,6.78,0.7,1051.8,28.7,Borewell,8.41
Ganjam,South Eastern Coastal Plain,Alluvial,Kharif,Paddy (Kharif),1.47,88.1,62.6,30.3,6.82,0.62,1153.5,30.2,Borewell,23.48
Sambalpur,Western Central Table Land,Red Laterite,Kharif,Maize,1.31,65.9,35.4,37.8,6.41,0.74,1500.4,25.7,Rainfed,14.67
Kalahandi,Western Undulating Zone,Black Soil,Kharif,Groundnut,0.52,45.9,51.0,55.7,5.67,0.57,917.9,31.4,Borewell,7.95
Cuttack,East & South Eastern Coastal Plain,Sandy Loam,Kharif,Paddy (Kharif),6.45,128.5,42.6,52.3,7.28,0.16,1397.0,28.5,Rainfed,23.98
Balasore,North Eastern Coastal Plain,Sandy Loam,Rabi,Mustard,0.51,67.8,33.6,46.9,6.99,0.68,102.1,22.0,Borewell,8.98
Sundargarh,North Western Plateau,Sandy Loam,Rabi,Mustard,2.16,37.6,37.8,0.5,5.93,0.49,255.3,23.1,Rainfed,2.5
Koraput,Eastern Ghat High Land,Sandy Loam,Kharif,Ragi (Mandia),1.73,59.5,25.4,19.0,5.12,0.39,1514.8,24.1,Borewell,7.15
Bargarh,Western Central Table Land,Alluvial,Kharif,Paddy (Kharif),1.98,103.1,56.8,46.4,6.76,0.7,1062.3,30.4,Canal,24.29
Ganjam,South Eastern Coastal Plain,Red Laterite,Kharif,Paddy (Kharif),1.59,76.9,50.2,48.6,7.02,0.61,1263.6,29.8,Borewell,28.7
Balasore,North Eastern Coastal Plain,Alluvial,Rabi,Mustard,0.91,87.8,34.9,27.3,6.31,0.42,71.5,23.8,Borewell,9.25
Sambalpur,Western Central Table Land,Black Soil,Kharif,Maize,2.04,127.1,44.0,45.4,6.39,0.71,1396.4,29.6,Canal,24.95
Mayurbhanj,North Central Plateau,Red Laterite,Kharif,Ragi (Mandia),1.07,95.3,41.1,12.8,6.14,0.39,1453.3,28.3,Borewell,10.62
Puri,East & South Eastern Coastal Plain,Coastal Saline,Rabi,Paddy (Rabi),1.26,128.3,54.4,67.3,7.63,0.74,39.3,23.4,Borewell,27.87
Balasore,North Eastern Coastal Plain,Sandy Loam,Rabi,Paddy (Rabi),1.42,145.5,61.5,46.3,6.33,0.56,208.2,26.5,Borewell,30.34
Puri,East & South Eastern Coastal Plain,Alluvial,Kharif,Groundnut,0.69,68.4,51.7,24.4,6.32,0.42,1713.8,30.2,Rainfed,6.48
Sambalpur,Western Central Table Land,Black Soil,Kharif,Maize,5.71,99.3,81.3,55.5,6.84,0.45,1359.2,28.3,Rainfed,23.51
Puri,East & South Eastern Coastal Plain,Coastal Saline,Rabi,Paddy (Rabi),2.56,103.1,30.8,47.4,6.64,0.55,100.1,23.0,Borewell,17.23
Bargarh,Western Central Table Land,Black Soil,Rabi,Paddy (Rabi),0.81,61.4,84.5,49.1,6.32,0.23,251.5,23.5,Canal,25.95
Kalahandi,Western Undulating Zone,Black Soil,Kharif,Ragi (Mandia),2.52,101.3,14.6,47.2,6.04,0.53,1033.6,30.9,Borewell,8.67
Bargarh,Western Central Table Land,Alluvial,Rabi,Paddy (Rabi),2.35,78.6,31.2,44.0,6.82,0.77,30.0,22.8,Canal,21.54
Puri,East & South Eastern Coastal Plain,Coastal Saline,Rabi,Paddy (Rabi),1.46,139.1,60.5,64.4,6.93,0.3,337.7,26.9,Rainfed,33.79
Ganjam,South Eastern Coastal Plain,Red Laterite,Rabi,Green Gram (Moong),4.83,10.5,31.9,15.4,6.66,0.72,285.3,24.9,Borewell,5.14
Ganjam,South Eastern Coastal Plain,Alluvial,Kharif,Groundnut,1.29,22.1,49.1,53.0,6.88,0.43,1152.3,26.1,Rainfed,9.75
Balasore,North Eastern Coastal Plain,Alluvial,Rabi,Paddy (Rabi),4.19,95.4,57.0,36.6,6.69,0.7,207.1,26.5,Borewell,21.33
Sambalpur,Western Central Table Land,Black Soil,Kharif,Paddy (Kharif),1.24,36.1,37.5,40.0,6.04,0.36,1343.1,27.8,Canal,12.14
Bargarh,Western Central Table Land,Black Soil,Kharif,Groundnut,1.34,40.8,39.9,58.0,6.83,0.74,1372.3,31.3,Canal,16.34
Koraput,Eastern Ghat High Land,Sandy Loam,Kharif,Maize,1.81,90.7,55.8,15.3,5.82,0.7,1277.2,26.0,Borewell,10.78
Cuttack,East & South Eastern Coastal Plain,Alluvial,Kharif,Paddy (Kharif),0.58,85.9,60.5,44.3,6.44,0.68,1682.3,27.8,Borewell,25.66
Koraput,Eastern Ghat High Land,Red Laterite,Kharif,Maize,1.03,100.6,51.9,45.9,5.54,0.74,1329.9,23.6,Rainfed,22.12
Koraput,Eastern Ghat High Land,Red Laterite,Kharif,Maize,1.22,120.9,52.5,36.8,5.55,0.64,1237.8,24.5,Rainfed,15.96
Balasore,North Eastern Coastal Plain,Sandy Loam,Rabi,Mustard,4.33,73.3,2.0,0.0,6.15,0.5,231.3,24.1,Rainfed,2.5
Koraput,Eastern Ghat High Land,Red Laterite,Kharif,Maize,2.6,94.2,61.5,68.7,5.72,0.58,1288.4,21.7,Borewell,20.28
Kalahandi,Western Undulating Zone,Black Soil,Kharif,Maize,2.0,123.0,40.1,25.7,5.89,0.67,1111.1,30.7,Borewell,14.5
Bargarh,Western Central Table Land,Black Soil,Kharif,Paddy (Kharif),2.01,82.5,22.0,66.9,6.53,0.4,1786.1,27.9,Rainfed,17.07
Sundargarh,North Western Plateau,Red Laterite,Rabi,Mustard,2.92,44.1,17.4,12.5,5.06,1.03,257.9,25.8,Rainfed,2.94
Ganjam,South Eastern Coastal Plain,Alluvial,Kharif,Paddy (Kharif),3.0,103.5,26.6,31.7,6.89,0.65,1635.3,26.0,Borewell,11.1
Ganjam,South Eastern Coastal Plain,Red Laterite,Kharif,Ragi (Mandia),5.99,26.6,35.9,11.0,6.36,0.6,1376.5,27.7,Rainfed,6.22
Koraput,Eastern Ghat High Land,Sandy Loam,Kharif,Maize,1.49,73.5,45.2,55.0,5.39,0.5,1436.9,26.0,Rainfed,14.16
Puri,East & South Eastern Coastal Plain,Alluvial,Rabi,Paddy (Rabi),1.44,107.5,62.2,42.0,6.85,0.32,186.8,25.0,Rainfed,25.29
Sambalpur,Western Central Table Land,Black Soil,Kharif,Paddy (Kharif),2.66,105.8,35.7,44.7,6.59,0.91,1303.3,30.3,Rainfed,26.85
Bargarh,Western Central Table Land,Alluvial,Rabi,Paddy (Rabi),0.57,117.7,57.7,32.9,6.62,0.44,258.5,27.6,Canal,25.2
Balasore,North Eastern Coastal Plain,Alluvial,Rabi,Mustard,2.89,66.3,32.0,17.6,6.42,0.64,93.3,21.4,Borewell,5.86
Kalahandi,Western Undulating Zone,Red Laterite,Kharif,Groundnut,2.9,45.1,30.2,45.8,6.67,0.53,1166.6,33.1,Rainfed,11.1
Cuttack,East & South Eastern Coastal Plain,Sandy Loam,Rabi,Green Gram (Moong),3.18,8.2,43.0,19.0,6.51,0.46,160.9,24.0,Rainfed,5.0
Kalahandi,Western Undulating Zone,Black Soil,Kharif,Ragi (Mandia),3.28,76.5,30.8,28.3,6.27,0.64,1296.0,30.9,Rainfed,6.28
Bargarh,Western Central Table Land,Alluvial,Kharif,Paddy (Kharif),0.72,122.4,33.0,37.4,6.68,0.37,1319.6,29.0,Canal,20.56
Koraput,Eastern Ghat High Land,Red Laterite,Kharif,Maize,2.17,84.1,54.0,41.8,5.67,0.4,1450.5,25.1,Borewell,16.69
Sambalpur,Western Central Table Land,Red Laterite,Kharif,Paddy (Kharif),2.16,113.4,41.3,54.4,6.88,0.39,1227.6,26.5,Rainfed,23.61
Koraput,Eastern Ghat High Land,Red Laterite,Kharif,Maize,4.17,88.4,52.1,41.9,5.31,0.3,1153.4,22.5,Rainfed,12.74
Sundargarh,North Western Plateau,Red Laterite,Kharif,Ragi (Mandia),1.66,63.4,0.0,11.9,5.38,0.6,1655.1,28.1,Borewell,2.5
Bargarh,Western Central Table Land,Black Soil,Kharif,Groundnut,2.24,11.2,62.1,73.5,6.35,0.48,1584.2,29.2,Canal,8.86
Balasore,North Eastern Coastal Plain,Alluvial,Kharif,Groundnut,2.02,37.0,41.0,58.3,6.45,0.64,1598.0,27.1,Borewell,12.59
Kalahandi,Western Undulating Zone,Black Soil,Kharif,Groundnut,1.17,56.5,50.0,55.1,6.49,0.33,1947.0,29.3,Borewell,9.53
Cuttack,East & South Eastern Coastal Plain,Alluvial,Rabi,Paddy (Rabi),1.05,118.4,48.6,59.9,6.64,0.36,204.9,21.6,Borewell,31.61
Koraput,Eastern Ghat High Land,Red Laterite,Kharif,Ragi (Mandia),1.51,48.4,33.6,4.5,5.84,0.67,2028.3,22.5,Rainfed,4.23
Mayurbhanj,North Central Plateau,Red Laterite,Kharif,Ragi (Mandia),2.16,42.1,20.0,19.9,5.38,0.64,1425.9,25.4,Borewell,7.0
Bargarh,Western Central Table Land,Alluvial,Kharif,Groundnut,0.27,48.0,45.5,45.6,7.15,0.55,1308.4,29.8,Canal,9.55
Balasore,North Eastern Coastal Plain,Alluvial,Kharif,Paddy (Kharif),3.58,85.5,41.9,63.5,6.54,0.71,1769.9,25.7,Rainfed,28.45
Cuttack,East & South Eastern Coastal Plain,Sandy Loam,Rabi,Green Gram (Moong),1.72,38.7,30.9,19.9,6.43,0.42,165.3,23.8,Borewell,4.27
Sambalpur,Western Central Table Land,Black Soil,Rabi,Paddy (Rabi),1.12,129.6,55.1,63.2,6.83,0.5,218.0,24.4,Rainfed,27.23
Puri,East & South Eastern Coastal Plain,Alluvial,Rabi,Green Gram (Moong),4.34,35.4,56.1,35.1,6.66,0.31,35.2,21.6,Borewell,7.52
Ganjam,South Eastern Coastal Plain,Alluvial,Kharif,Groundnut,3.18,5.8,74.2,48.9,7.05,0.52,1276.2,28.4,Rainfed,3.21
Cuttack,East & South Eastern Coastal Plain,Alluvial,Kharif,Paddy (Kharif),1.41,100.8,65.9,33.2,6.19,0.68,1148.0,25.4,Rainfed,19.93
Koraput,Eastern Ghat High Land,Red Laterite,Kharif,Ragi (Mandia),3.02,33.0,44.5,27.5,5.98,0.32,1373.4,26.2,Rainfed,8.18
Cuttack,East & South Eastern Coastal Plain,Sandy Loam,Rabi,Paddy (Rabi),2.19,127.7,52.1,52.6,6.91,0.65,229.9,26.0,Rainfed,22.2
Balasore,North Eastern Coastal Plain,Alluvial,Kharif,Groundnut,2.28,0.0,54.5,39.2,6.34,0.68,1791.0,26.8,Borewell,2.5
Balasore,North Eastern Coastal Plain,Alluvial,Rabi,Mustard,1.7,63.8,17.7,59.7,6.22,0.48,161.5,23.4,Borewell,5.31
Balasore,North Eastern Coastal Plain,Sandy Loam,Rabi,Mustard,2.04,58.4,29.3,66.6,6.23,0.64,263.8,23.8,Borewell,7.89
Kalahandi,Western Undulating Zone,Red Laterite,Kharif,Maize,2.95,37.2,51.7,47.9,6.54,0.73,1224.0,30.1,Borewell,13.7
Koraput,Eastern Ghat High Land,Sandy Loam,Kharif,Maize,2.93,146.1,36.8,47.2,5.2,0.7,1457.9,25.4,Borewell,13.74
Sundargarh,North Western Plateau,Sandy Loam,Rabi,Mustard,0.75,59.2,50.5,23.9,4.78,0.62,186.1,21.2,Borewell,3.78
Sambalpur,Western Central Table Land,Red Laterite,Rabi,Green Gram (Moong),2.89,21.0,47.1,21.3,6.41,0.38,138.9,21.7,Rainfed,3.82
Mayurbhanj,North Central Plateau,Red Laterite,Kharif,Ragi (Mandia),1.37,64.3,33.9,7.8,5.84,0.48,1489.1,26.2,Borewell,5.0
Sundargarh,North Western Plateau,Sandy Loam,Rabi,Mustard,0.69,87.6,37.4,27.7,5.62,0.51,252.1,23.8,Borewell,4.95
Bargarh,Western Central Table Land,Alluvial,Kharif,Groundnut,3.5,56.4,54.1,40.2,7.02,0.46,1698.9,28.3,Canal,12.08
Cuttack,East & South Eastern Coastal Plain,Alluvial,Rabi,Mustard,1.71,43.6,34.8,35.1,6.87,0.65,172.9,20.5,Rainfed,4.44
Puri,East & South Eastern Coastal Plain,Coastal Saline,Rabi,Green Gram (Moong),0.59,0.0,7.3,32.8,6.46,0.44,280.7,24.8,Rainfed,2.5
Cuttack,East & South Eastern Coastal Plain,Alluvial,Rabi,Paddy (Rabi),1.22,143.7,76.7,72.5,6.66,0.51,20.4,21.9,Borewell,36.52
Ganjam,South Eastern Coastal Plain,Alluvial,Rabi,Green Gram (Moong),2.75,0.0,49.8,5.8,6.5,0.67,20.0,27.0,Borewell,2.5
Kalahandi,Western Undulating Zone,Red Laterite,Kharif,Groundnut,2.68,29.6,47.1,34.9,6.49,0.84,1126.8,29.3,Rainfed,10.0
Sambalpur,Western Central Table Land,Black Soil,Rabi,Green Gram (Moong),0.56,2.7,81.1,12.9,6.48,0.56,203.8,25.2,Canal,4.12
Ganjam,South Eastern Coastal Plain,Red Laterite,Rabi,Green Gram (Moong),1.3,-0.0,29.5,19.3,6.53,0.82,162.7,22.4,Borewell,2.5
Koraput,Eastern Ghat High Land,Red Laterite,Kharif,Ragi (Mandia),3.09,36.9,52.0,13.1,5.85,0.57,1333.0,24.1,Borewell,6.8
Balasore,North Eastern Coastal Plain,Alluvial,Rabi,Mustard,1.28,69.8,20.7,24.0,6.26,0.45,212.0,23.8,Borewell,6.57
Cuttack,East & South Eastern Coastal Plain,Sandy Loam,Rabi,Green Gram (Moong),2.28,3.7,23.0,10.7,5.67,0.59,163.4,28.4,Borewell,2.5
Ganjam,South Eastern Coastal Plain,Alluvial,Rabi,Green Gram (Moong),1.35,47.1,54.2,9.4,7.3,0.65,274.7,23.9,Borewell,2.5
Ganjam,South Eastern Coastal Plain,Red Laterite,Rabi,Green Gram (Moong),1.45,0.0,42.0,0.0,7.15,0.46,113.8,21.1,Borewell,2.5
Mayurbhanj,North Central Plateau,Sandy Loam,Rabi,Mustard,2.96,44.5,23.1,28.6,5.22,0.64,125.3,23.1,Borewell,3.43
Sundargarh,North Western Plateau,Red Laterite,Rabi,Mustard,0.89,70.8,54.5,46.1,5.29,0.52,184.9,23.0,Rainfed,7.19
Balasore,North Eastern Coastal Plain,Alluvial,Kharif,Groundnut,1.35,0.0,24.9,35.9,6.98,0.93,1535.8,25.0,Rainfed,2.5
Koraput,Eastern Ghat High Land,Sandy Loam,Kharif,Ragi (Mandia),2.18,51.6,29.5,30.3,5.28,0.77,1045.7,22.4,Rainfed,8.89
Balasore,North Eastern Coastal Plain,Alluvial,Rabi,Paddy (Rabi),1.26,109.0,51.2,71.9,6.86,0.67,190.2,24.9,Borewell,28.81
Cuttack,East & South Eastern Coastal Plain,Sandy Loam,Rabi,Green Gram (Moong),2.03,57.7,29.9,36.6,6.59,0.36,30.8,24.4,Borewell,4.27
Balasore,North Eastern Coastal Plain,Alluvial,Kharif,Paddy (Kharif),0.59,71.2,28.5,21.5,6.27,0.64,1719.9,27.8,Rainfed,14.48
Cuttack,East & South Eastern Coastal Plain,Sandy Loam,Rabi,Paddy (Rabi),2.58,102.4,47.3,24.7,6.82,0.64,157.6,24.5,Rainfed,25.41
Cuttack,East & South Eastern Coastal Plain,Alluvial,Kharif,Paddy (Kharif),1.73,87.0,63.5,56.7,6.52,0.28,1474.7,29.4,Rainfed,21.35
Puri,East & South Eastern Coastal Plain,Alluvial,Rabi,Green Gram (Moong),1.41,16.8,29.7,7.2,7.15,0.42,163.9,23.0,Borewell,2.5
Ganjam,South Eastern Coastal Plain,Red Laterite,Kharif,Ragi (Mandia),3.57,0.9,46.7,36.1,6.99,0.79,1542.2,27.2,Rainfed,2.5
Puri,East & South Eastern Coastal Plain,Coastal Saline,Kharif,Groundnut,3.11,3.6,20.7,39.7,7.54,0.38,1344.9,28.2,Rainfed,2.5
Sambalpur,Western Central Table Land,Black Soil,Kharif,Maize,1.55,110.5,35.5,44.1,7.25,0.37,1129.1,28.0,Canal,16.78
Balasore,North Eastern Coastal Plain,Alluvial,Rabi,Paddy (Rabi),2.07,107.5,54.7,56.1,6.01,0.54,129.6,29.3,Rainfed,28.87
Sambalpur,Western Central Table Land,Black Soil,Rabi,Paddy (Rabi),1.83,134.1,79.9,12.0,6.92,0.7,35.4,18.3,Canal,15.32
Koraput,Eastern Ghat High Land,Sandy Loam,Kharif,Ragi (Mandia),0.36,41.5,46.0,21.3,5.13,0.66,1595.8,21.4,Rainfed,7.0
Koraput,Eastern Ghat High Land,Sandy Loam,Kharif,Maize,5.87,72.5,45.2,49.2,5.24,0.54,1470.7,21.2,Borewell,14.23
Sundargarh,North Western Plateau,Red Laterite,Rabi,Mustard,1.06,47.3,39.4,55.1,4.78,0.51,46.4,22.2,Rainfed,2.93
Kalahandi,Western Undulating Zone,Black Soil,Kharif,Maize,4.14,102.3,72.8,17.4,6.74,0.55,838.3,28.9,Rainfed,14.96
Puri,East & South Eastern Coastal Plain,Coastal Saline,Rabi,Paddy (Rabi),1.09,77.7,37.1,48.2,7.35,0.72,91.7,29.4,Rainfed,16.19
Sambalpur,Western Central Table Land,Red Laterite,Rabi,Green Gram (Moong),2.51,49.1,38.7,14.7,6.44,0.53,115.8,25.8,Canal,5.55
Ganjam,South Eastern Coastal Plain,Red Laterite,Kharif,Paddy (Kharif),0.45,100.0,74.8,37.3,6.46,0.4,1394.3,29.8,Borewell,34.17
Kalahandi,Western Undulating Zone,Black Soil,Kharif,Maize,1.35,128.8,50.6,51.5,6.45,0.5,989.4,28.3,Rainfed,22.15
Puri,East & South Eastern Coastal Plain,Alluvial,Rabi,Paddy (Rabi),1.38,136.5,53.9,62.7,7.54,0.79,122.5,26.1,Rainfed,26.59
Balasore,North Eastern Coastal Plain,Alluvial,Kharif,Paddy (Kharif),4.02,67.9,53.1,95.6,7.16,0.52,1573.3,24.4,Rainfed,22.11
Bargarh,Western Central Table Land,Alluvial,Rabi,Paddy (Rabi),3.21,86.2,41.6,61.3,6.81,0.56,44.3,26.2,Rainfed,22.88
Kalahandi,Western Undulating Zone,Red Laterite,Kharif,Groundnut,2.8,20.7,48.6,45.2,6.14,0.51,958.3,29.6,Rainfed,5.89
Balasore,North Eastern Coastal Plain,Sandy Loam,Kharif,Paddy (Kharif),1.77,70.3,9.3,33.2,6.65,0.78,1675.0,26.6,Rainfed,12.89
Ganjam,South Eastern Coastal Plain,Red Laterite,Kharif,Paddy (Kharif),0.64,121.0,49.0,34.9,6.14,0.62,1171.5,26.4,Rainfed,23.16
Bargarh,Western Central Table Land,Alluvial,Rabi,Paddy (Rabi),1.0,124.3,44.1,62.0,6.39,0.72,229.8,27.6,Canal,31.73
Balasore,North Eastern Coastal Plain,Sandy Loam,Rabi,Green Gram (Moong),2.48,8.1,51.3,40.3,6.25,0.47,205.2,23.7,Borewell,2.5
Kalahandi,Western Undulating Zone,Red Laterite,Kharif,Ragi (Mandia),0.84,67.5,8.4,34.8,6.78,0.82,1113.1,27.2,Rainfed,5.2
Koraput,Eastern Ghat High Land,Red Laterite,Kharif,Maize,1.2,133.7,61.6,36.3,4.97,0.62,1236.2,24.1,Rainfed,11.33
Ganjam,South Eastern Coastal Plain,Alluvial,Kharif,Ragi (Mandia),0.87,18.9,17.5,31.1,6.76,0.6,1114.5,27.3,Borewell,2.81
Cuttack,East & South Eastern Coastal Plain,Sandy Loam,Rabi,Paddy (Rabi),0.55,122.7,45.4,32.6,7.0,0.52,190.9,24.3,Rainfed,21.94
Sundargarh,North Western Plateau,Sandy Loam,Rabi,Mustard,1.19,57.3,28.7,26.1,4.92,0.4,108.2,25.2,Borewell,3.81
Sundargarh,North Western Plateau,Red Laterite,Rabi,Mustard,2.74,75.4,41.9,49.1,5.5,0.43,99.8,22.8,Rainfed,5.81
Sambalpur,Western Central Table Land,Black Soil,Rabi,Paddy (Rabi),1.02,114.0,47.7,37.7,6.51,0.73,111.9,25.6,Rainfed,23.75
Sundargarh,North Western Plateau,Sandy Loam,Rabi,Mustard,1.46,48.0,21.5,36.8,5.99,0.45,131.1,23.6,Borewell,4.12
Balasore,North Eastern Coastal Plain,Alluvial,Rabi,Green Gram (Moong),3.67,0.0,28.7,0.0,6.39,0.42,179.1,24.9,Rainfed,2.5
Mayurbhanj,North Central Plateau,Red Laterite,Kharif,Paddy (Kharif),0.88,98.4,52.4,31.8,5.46,0.41,1594.2,27.9,Rainfed,17.16
Kalahandi,Western Undulating Zone,Red Laterite,Kharif,Groundnut,1.55,22.6,77.7,48.2,5.97,0.73,1162.0,27.7,Rainfed,11.8
Bargarh,Western Central Table Land,Black Soil,Rabi,Paddy (Rabi),0.97,152.9,50.2,62.5,6.64,0.7,205.3,23.2,Canal,32.13
Kalahandi,Western Undulating Zone,Red Laterite,Kharif,Groundnut,0.55,14.2,51.9,56.3,5.65,0.85,1113.3,31.7,Rainfed,7.86
Balasore,North Eastern Coastal Plain,Sandy Loam,Rabi,Green Gram (Moong),1.49,16.1,52.8,21.8,6.11,0.87,88.6,21.8,Rainfed,2.5
Sambalpur,Western Central Table Land,Black Soil,Rabi,Green Gram (Moong),5.22,24.0,31.3,37.8,6.77,0.78,219.8,26.0,Canal,5.1
Sambalpur,Western Central Table Land,Black Soil,Rabi,Green Gram (Moong),5.7,39.2,30.5,22.0,6.49,0.53,91.2,25.2,Canal,7.04
Ganjam,South Eastern Coastal Plain,Alluvial,Kharif,Groundnut,4.4,36.2,58.1,59.3,6.65,0.41,1213.2,29.0,Rainfed,13.72
Sundargarh,North Western Plateau,Red Laterite,Rabi,Mustard,1.74,81.5,0.0,23.3,5.63,0.83,245.6,26.4,Rainfed,2.5
Mayurbhanj,North Central Plateau,Sandy Loam,Kharif,Maize,3.3,68.7,43.5,0.0,5.74,0.52,1782.5,26.6,Rainfed,2.5
Sundargarh,North Western Plateau,Red Laterite,Rabi,Mustard,1.88,46.3,48.1,30.6,5.28,0.53,213.0,23.7,Borewell,7.64
Ganjam,South Eastern Coastal Plain,Red Laterite,Kharif,Groundnut,1.77,15.2,66.3,84.8,6.58,0.64,1028.9,28.9,Borewell,15.96
Cuttack,East & South Eastern Coastal Plain,Sandy Loam,Rabi,Mustard,2.24,67.7,24.6,14.7,7.06,0.49,136.3,24.0,Borewell,4.15
Sambalpur,Western Central Table Land,Red Laterite,Rabi,Paddy (Rabi),1.05,124.9,45.4,60.5,6.45,0.66,105.2,25.1,Canal,31.65
Mayurbhanj,North Central Plateau,Red Laterite,Kharif,Ragi (Mandia),0.69,56.4,7.1,9.9,6.1,0.23,1636.9,25.7,Rainfed,3.77
Ganjam,South Eastern Coastal Plain,Red Laterite,Kharif,Groundnut,1.66,8.2,30.7,37.8,6.72,0.59,1228.3,30.7,Rainfed,3.45
Sambalpur,Western Central Table Land,Red Laterite,Rabi,Green Gram (Moong),0.38,0.0,45.4,8.9,6.24,0.35,129.9,23.5,Canal,2.5
Bargarh,Western Central Table Land,Alluvial,Kharif,Paddy (Kharif),2.82,112.2,53.0,31.7,6.58,0.45,1162.8,30.1,Rainfed,16.91
Balasore,North Eastern Coastal Plain,Sandy Loam,Kharif,Paddy (Kharif),1.06,85.1,54.7,45.2,6.25,0.65,1533.4,26.9,Borewell,24.71
Cuttack,East & South Eastern Coastal Plain,Alluvial,Rabi,Paddy (Rabi),2.31,114.9,36.3,39.8,6.71,0.59,169.8,20.9,Borewell,24.92
Cuttack,East & South Eastern Coastal Plain,Sandy Loam,Rabi,Green Gram (Moong),2.16,28.8,62.8,10.8,6.49,0.49,68.2,24.0,Borewell,3.65
Mayurbhanj,North Central Plateau,Sandy Loam,Kharif,Maize,1.54,70.4,53.0,37.6,6.04,0.66,1585.7,25.5,Rainfed,15.28
Kalahandi,Western Undulating Zone,Black Soil,Kharif,Ragi (Mandia),0.39,37.2,47.3,15.6,6.23,0.24,1043.1,31.9,Rainfed,4.33
Kalahandi,Western Undulating Zone,Black Soil,Kharif,Groundnut,3.86,0.0,64.9,23.8,6.17,0.5,1287.1,29.5,Borewell,2.5
Kalahandi,Western Undulating Zone,Red Laterite,Kharif,Groundnut,0.62,27.4,50.4,56.3,6.18,0.72,1225.1,31.3,Rainfed,9.53
Mayurbhanj,North Central Plateau,Sandy Loam,Kharif,Paddy (Kharif),4.73,92.4,46.8,69.5,5.78,0.6,1562.5,28.8,Rainfed,20.57
Cuttack,East & South Eastern Coastal Plain,Alluvial,Rabi,Green Gram (Moong),0.79,47.8,19.7,8.3,6.37,0.36,182.7,20.6,Borewell,2.5
Bargarh,Western Central Table Land,Black Soil,Kharif,Groundnut,1.41,0.0,66.1,36.9,6.65,0.6,1177.7,27.8,Canal,2.5
Bargarh,Western Central Table Land,Black Soil,Kharif,Paddy (Kharif),1.2,74.0,56.4,21.0,6.47,0.38,1417.2,27.0,Canal,11.69
Sundargarh,North Western Plateau,Sandy Loam,Rabi,Mustard,1.01,58.3,41.2,37.4,5.59,0.31,108.7,24.5,Rainfed,4.61
Kalahandi,Western Undulating Zone,Black Soil,Kharif,Groundnut,0.77,44.2,52.3,45.0,6.4,0.59,1069.7,29.7,Rainfed,7.85
Kalahandi,Western Undulating Zone,Black Soil,Kharif,Groundnut,0.66,2.5,62.0,47.8,6.4,0.84,1218.7,28.9,Borewell,2.5
Balasore,North Eastern Coastal Plain,Alluvial,Rabi,Paddy (Rabi),2.24,101.2,38.4,55.9,6.53,0.6,180.3,23.9,Rainfed,21.47
Sambalpur,Western Central Table Land,Red Laterite,Kharif,Maize,2.62,80.8,70.6,76.9,6.29,0.65,1592.8,26.7,Canal,24.16
Mayurbhanj,North Central Plateau,Red Laterite,Kharif,Paddy (Kharif),2.15,107.0,42.7,62.5,6.09,0.75,1324.2,27.3,Rainfed,28.75
Cuttack,East & South Eastern Coastal Plain,Sandy Loam,Rabi,Paddy (Rabi),2.84,94.0,50.4,51.5,7.04,0.37,205.7,21.4,Rainfed,20.67
Ganjam,South Eastern Coastal Plain,Red Laterite,Kharif,Paddy (Kharif),1.76,85.7,81.5,45.1,6.42,0.53,1541.0,25.3,Borewell,32.68
Bargarh,Western Central Table Land,Black Soil,Rabi,Paddy (Rabi),2.54,133.6,64.5,75.7,6.64,0.58,125.9,23.8,Canal,28.53
Sundargarh,North Western Plateau,Red Laterite,Rabi,Mustard,3.71,80.9,30.4,19.4,6.36,0.53,226.4,20.9,Borewell,5.83
Ganjam,South Eastern Coastal Plain,Alluvial,Kharif,Ragi (Mandia),4.34,60.5,38.5,10.6,7.16,1.06,1408.7,26.2,Borewell,9.46
Bargarh,Western Central Table Land,Alluvial,Kharif,Groundnut,0.58,38.3,45.5,30.9,6.55,0.65,1495.0,26.7,Canal,7.97
Koraput,Eastern Ghat High Land,Red Laterite,Kharif,Ragi (Mandia),3.92,29.0,32.3,30.3,5.24,0.7,1213.4,23.6,Rainfed,7.2
Ganjam,South Eastern Coastal Plain,Alluvial,Rabi,Green Gram (Moong),1.61,25.6,36.0,0.0,7.02,0.55,170.9,24.2,Rainfed,2.5
Koraput,Eastern Ghat High Land,Sandy Loam,Kharif,Maize,1.71,114.7,58.1,41.2,5.51,0.55,1703.3,23.2,Rainfed,12.07
Koraput,Eastern Ghat High Land,Red Laterite,Kharif,Ragi (Mandia),2.02,55.6,21.1,16.9,5.88,0.77,1668.7,24.9,Rainfed,8.95
Sambalpur,Western Central Table Land,Black Soil,Kharif,Paddy (Kharif),0.59,57.3,50.5,63.0,6.32,0.78,1290.2,26.6,Rainfed,23.09
Koraput,Eastern Ghat High Land,Red Laterite,Kharif,Maize,0.39,102.7,60.1,47.6,5.63,0.86,1716.6,22.1,Rainfed,15.72
Sambalpur,Western Central Table Land,Red Laterite,Rabi,Paddy (Rabi),1.98,133.6,65.6,60.4,5.66,0.47,20.0,24.3,Rainfed,25.63
Ganjam,South Eastern Coastal Plain,Red Laterite,Rabi,Green Gram (Moong),0.76,0.0,62.8,13.7,6.84,0.63,116.8,26.3,Borewell,2.5
Ganjam,South Eastern Coastal Plain,Red Laterite,Kharif,Ragi (Mandia),3.15,70.3,37.0,39.3,6.79,0.58,1615.5,28.3,Rainfed,11.03
Ganjam,South Eastern Coastal Plain,Red Laterite,Kharif,Paddy (Kharif),0.71,54.6,31.5,39.1,6.79,0.57,981.6,30.3,Rainfed,8.53
Puri,East & South Eastern Coastal Plain,Alluvial,Rabi,Green Gram (Moong),0.76,9.0,66.3,43.1,6.16,0.54,165.0,23.1,Rainfed,5.07
Sundargarh,North Western Plateau,Red Laterite,Kharif,Ragi (Mandia),1.71,33.5,29.8,29.5,5.55,0.81,1097.9,26.9,Rainfed,7.58
Bargarh,Western Central Table Land,Black Soil,Kharif,Groundnut,3.97,16.4,43.3,68.3,7.09,0.39,1472.9,27.5,Canal,8.57
Koraput,Eastern Ghat High Land,Sandy Loam,Kharif,Ragi (Mandia),0.85,96.3,30.9,7.1,5.4,0.56,1446.5,21.9,Borewell,4.93
Sambalpur,Western Central Table Land,Red Laterite,Rabi,Paddy (Rabi),2.28,110.9,56.3,57.8,6.35,0.63,125.8,27.3,Canal,30.13
Ganjam,South Eastern Coastal Plain,Alluvial,Kharif,Groundnut,1.05,0.0,43.1,75.2,7.03,0.87,1264.3,25.4,Borewell,2.5
Kalahandi,Western Undulating Zone,Black Soil,Kharif,Groundnut,0.64,19.2,54.1,56.5,6.16,0.35,1134.4,28.8,Rainfed,7.12
Sundargarh,North Western Plateau,Red Laterite,Rabi,Mustard,4.95,40.6,10.6,31.5,5.27,0.43,171.6,24.8,Rainfed,4.63
Sundargarh,North Western Plateau,Sandy Loam,Rabi,Mustard,0.44,68.1,22.2,42.4,4.99,0.6,20.0,24.2,Rainfed,2.5
Sundargarh,North Western Plateau,Sandy Loam,Rabi,Mustard,2.75,50.8,24.7,53.7,5.08,0.24,168.4,23.6,Rainfed,2.5
Bargarh,Western Central Table Land,Black Soil,Rabi,Paddy (Rabi),3.47,133.2,68.7,24.7,7.06,0.63,174.6,24.8,Rainfed,17.82
Bargarh,Western Central Table Land,Alluvial,Rabi,Paddy (Rabi),2.17,100.8,62.7,80.6,7.34,0.73,253.7,25.7,Rainfed,25.49
Sambalpur,Western Central Table Land,Red Laterite,Kharif,Paddy (Kharif),2.44,70.8,63.5,48.4,6.94,0.49,1268.9,28.5,Canal,24.13
Koraput,Eastern Ghat High Land,Sandy Loam,Kharif,Maize,0.88,93.9,44.4,50.8,4.64,0.44,953.1,22.9,Rainfed,9.56
Bargarh,Western Central Table Land,Black Soil,Kharif,Paddy (Kharif),2.89,63.3,35.5,51.7,6.97,0.45,1203.6,28.2,Canal,18.35
Sundargarh,North Western Plateau,Red Laterite,Kharif,Ragi (Mandia),1.99,50.7,65.6,13.9,5.64,0.67,1443.9,27.4,Rainfed,8.79
Balasore,North Eastern Coastal Plain,Alluvial,Kharif,Groundnut,0.87,75.3,43.0,41.7,6.73,0.53,1801.3,28.1,Borewell,10.0
Puri,East & South Eastern Coastal Plain,Coastal Saline,Rabi,Paddy (Rabi),0.5,106.4,62.9,31.1,7.29,0.74,185.1,26.6,Borewell,25.49
Puri,East & South Eastern Coastal Plain,Coastal Saline,Rabi,Paddy (Rabi),1.71,109.1,41.8,49.1,6.69,0.35,238.8,26.3,Rainfed,26.04
Kalahandi,Western Undulating Zone,Black Soil,Kharif,Ragi (Mandia),1.57,50.0,7.5,21.8,6.15,0.38,677.8,30.4,Borewell,2.5
Cuttack,East & South Eastern Coastal Plain,Sandy Loam,Kharif,Paddy (Kharif),1.8,148.4,40.0,62.4,6.54,0.69,1626.4,29.8,Borewell,28.71
Puri,East & South Eastern Coastal Plain,Coastal Saline,Rabi,Green Gram (Moong),2.35,44.2,27.0,36.6,6.96,0.55,163.0,23.4,Rainfed,5.48
Mayurbhanj,North Central Plateau,Red Laterite,Kharif,Paddy (Kharif),1.3,90.9,44.6,47.3,5.86,0.58,1349.7,28.1,Rainfed,17.13
Puri,East & South Eastern Coastal Plain,Alluvial,Rabi,Green Gram (Moong),0.81,0.0,54.1,18.1,7.32,0.53,111.5,25.4,Rainfed,2.5
Bargarh,Western Central Table Land,Black Soil,Kharif,Paddy (Kharif),3.29,104.7,49.9,20.4,6.95,0.87,1337.8,29.3,Canal,11.15
Cuttack,East & South Eastern Coastal Plain,Alluvial,Rabi,Green Gram (Moong),1.99,14.9,46.7,33.2,6.15,0.4,258.9,22.5,Borewell,6.2
Bargarh,Western Central Table Land,Black Soil,Kharif,Groundnut,0.29,20.8,56.6,3.1,7.54,0.8,1317.3,30.3,Canal,2.5
Sambalpur,Western Central Table Land,Black Soil,Rabi,Paddy (Rabi),2.07,96.1,51.4,64.1,7.04,0.42,200.6,24.7,Rainfed,15.71
Balasore,North Eastern Coastal Plain,Alluvial,Rabi,Paddy (Rabi),1.25,92.2,28.1,45.4,6.31,0.69,304.8,21.1,Rainfed,15.38
Mayurbhanj,North Central Plateau,Red Laterite,Kharif,Maize,0.69,107.4,43.9,38.0,5.76,0.5,1712.9,24.7,Rainfed,14.0
Mayurbhanj,North Central Plateau,Sandy Loam,Kharif,Ragi (Mandia),0.23,73.2,40.5,33.0,6.07,0.64,1219.1,23.6,Rainfed,10.93
Kalahandi,Western Undulating Zone,Black Soil,Kharif,Maize,2.14,114.7,46.3,67.2,5.82,0.45,849.4,28.1,Borewell,17.6
Sambalpur,Western Central Table Land,Black Soil,Kharif,Maize,1.21,108.3,53.6,49.8,6.59,0.83,1199.7,26.2,Rainfed,21.91
Sambalpur,Western Central Table Land,Red Laterite,Rabi,Green Gram (Moong),2.02,5.5,43.7,0.0,6.75,0.35,118.9,23.8,Canal,2.5
Ganjam,South Eastern Coastal Plain,Alluvial,Kharif,Ragi (Mandia),0.91,53.6,38.2,31.0,6.83,0.82,1057.0,28.7,Borewell,15.49
Ganjam,South Eastern Coastal Plain,Red Laterite,Kharif,Groundnut,0.31,17.6,31.7,48.8,6.27,0.64,1408.7,26.8,Borewell,7.57
Balasore,North Eastern Coastal Plain,Alluvial,Kharif,Groundnut,0.42,35.3,52.9,77.1,6.65,0.66,1511.5,29.1,Rainfed,11.36
Sundargarh,North Western Plateau,Sandy Loam,Kharif,Ragi (Mandia),1.64,6.7,1.9,62.5,5.6,0.43,1224.4,26.4,Borewell,2.5
Cuttack,East & South Eastern Coastal Plain,Alluvial,Rabi,Mustard,1.1,25.0,21.3,32.4,6.47,0.51,168.1,24.5,Borewell,5.42
Balasore,North Eastern Coastal Plain,Alluvial,Kharif,Groundnut,1.04,0.0,57.3,40.3,6.22,0.49,1636.4,27.9,Borewell,2.5
Mayurbhanj,North Central Plateau,Sandy Loam,Rabi,Mustard,0.54,64.7,39.4,37.6,5.39,0.54,85.8,24.2,Borewell,6.5
Sambalpur,Western Central Table Land,Black Soil,Rabi,Green Gram (Moong),1.62,50.9,44.6,7.7,6.23,0.43,119.2,25.2,Canal,2.5
Ganjam,South Eastern Coastal Plain,Alluvial,Kharif,Groundnut,3.93,0.0,50.9,52.6,7.32,0.46,1040.7,28.5,Borewell,2.55
Puri,East & South Eastern Coastal Plain,Alluvial,Kharif,Paddy (Kharif),1.89,74.9,29.1,53.2,6.8,0.35,1564.6,28.2,Borewell,17.06
Koraput,Eastern Ghat High Land,Sandy Loam,Kharif,Ragi (Mandia),1.23,33.0,41.6,21.0,5.33,0.61,1379.2,21.8,Rainfed,7.39
Mayurbhanj,North Central Plateau,Red Laterite,Kharif,Ragi (Mandia),1.14,87.9,42.7,0.0,5.35,0.51,1419.5,25.1,Rainfed,2.5
Bargarh,Western Central Table Land,Black Soil,Kharif,Paddy (Kharif),1.0,57.4,70.1,49.0,6.97,0.49,1316.6,30.4,Canal,24.57
Sambalpur,Western Central Table Land,Black Soil,Kharif,Maize,2.74,106.4,61.5,26.2,5.97,0.52,1304.9,29.4,Rainfed,10.97
Mayurbhanj,North Central Plateau,Red Laterite,Kharif,Paddy (Kharif),5.33,102.6,49.0,8.2,6.02,0.39,1691.5,28.0,Rainfed,6.2
Balasore,North Eastern Coastal Plain,Alluvial,Kharif,Groundnut,0.86,45.3,63.3,45.3,6.76,0.55,1821.8,25.4,Rainfed,9.4
Mayurbhanj,North Central Plateau,Sandy Loam,Kharif,Paddy (Kharif),1.39,61.5,44.9,67.3,5.97,0.65,1338.8,26.5,Borewell,18.68
Sundargarh,North Western Plateau,Sandy Loam,Rabi,Mustard,4.26,30.9,26.7,0.0,4.73,0.9,169.1,22.7,Rainfed,2.5
Mayurbhanj,North Central Plateau,Sandy Loam,Kharif,Maize,2.61,107.2,63.7,14.9,5.97,0.58,1812.0,28.2,Rainfed,10.52
Koraput,Eastern Ghat High Land,Red Laterite,Kharif,Ragi (Mandia),2.6,65.4,24.8,12.6,5.64,0.46,1322.0,24.6,Rainfed,6.23
Mayurbhanj,North Central Plateau,Red Laterite,Kharif,Paddy (Kharif),1.5,73.6,51.7,43.4,5.63,0.36,1601.4,24.1,Rainfed,20.77
Balasore,North Eastern Coastal Plain,Sandy Loam,Kharif,Paddy (Kharif),1.76,119.2,57.2,51.9,5.8,0.27,1709.1,24.3,Rainfed,24.08
Cuttack,East & South Eastern Coastal Plain,Sandy Loam,Kharif,Paddy (Kharif),2.76,101.4,26.9,16.0,7.03,0.48,1156.6,27.8,Rainfed,2.5
Koraput,Eastern Ghat High Land,Sandy Loam,Kharif,Maize,1.62,65.7,57.7,52.5,4.7,0.56,1279.5,22.4,Rainfed,16.29
Sambalpur,Western Central Table Land,Red Laterite,Rabi,Green Gram (Moong),1.91,0.0,27.9,47.3,7.1,0.72,69.2,26.2,Canal,2.5
Koraput,Eastern Ghat High Land,Sandy Loam,Kharif,Ragi (Mandia),2.07,39.3,9.9,19.1,5.16,0.35,1508.4,27.1,Borewell,5.59
Koraput,Eastern Ghat High Land,Sandy Loam,Kharif,Ragi (Mandia),2.01,83.9,36.2,21.5,5.07,0.46,1560.1,25.4,Rainfed,6.08
Puri,East & South Eastern Coastal Plain,Coastal Saline,Rabi,Green Gram (Moong),3.41,51.4,58.8,31.8,6.77,0.78,139.1,26.1,Rainfed,6.27
Bargarh,Western Central Table Land,Alluvial,Kharif,Paddy (Kharif),0.5,125.8,56.7,59.4,6.51,0.49,1367.9,28.0,Canal,29.54
Ganjam,South Eastern Coastal Plain,Red Laterite,Kharif,Groundnut,1.18,49.5,78.5,61.9,6.41,0.77,1412.1,23.9,Borewell,12.74
Koraput,Eastern Ghat High Land,Red Laterite,Kharif,Maize,1.6,100.0,74.5,54.4,5.56,0.64,1206.6,22.3,Rainfed,16.61
Balasore,North Eastern Coastal Plain,Sandy Loam,Kharif,Groundnut,0.58,58.6,51.2,53.6,6.32,0.43,1977.7,29.1,Borewell,14.45
Balasore,North Eastern Coastal Plain,Alluvial,Rabi,Paddy (Rabi),3.23,160.0,52.9,63.6,6.27,0.47,219.8,23.8,Rainfed,28.56
Ganjam,South Eastern Coastal Plain,Red Laterite,Rabi,Green Gram (Moong),1.88,32.7,7.9,21.7,7.53,0.57,149.6,22.9,Borewell,4.01
Mayurbhanj,North Central Plateau,Red Laterite,Kharif,Paddy (Kharif),1.49,26.2,34.7,45.5,5.87,0.63,1359.2,25.1,Borewell,7.3
Balasore,North Eastern Coastal Plain,Alluvial,Rabi,Paddy (Rabi),2.14,123.0,52.0,55.6,6.01,0.6,170.0,22.7,Borewell,24.47
Balasore,North Eastern Coastal Plain,Sandy Loam,Rabi,Paddy (Rabi),0.97,137.4,53.8,43.2,6.19,0.48,192.5,23.5,Rainfed,30.14
Koraput,Eastern Ghat High Land,Red Laterite,Kharif,Ragi (Mandia),1.32,60.3,18.0,37.3,5.3,0.23,1348.7,24.2,Rainfed,5.23
Ganjam,South Eastern Coastal Plain,Red Laterite,Kharif,Groundnut,1.33,20.9,49.7,71.7,6.85,0.41,1025.0,29.0,Borewell,8.94
Sundargarh,North Western Plateau,Red Laterite,Rabi,Mustard,3.11,60.2,32.1,12.8,5.11,0.45,181.2,25.4,Borewell,2.5
Mayurbhanj,North Central Plateau,Sandy Loam,Kharif,Paddy (Kharif),3.4,87.6,41.3,49.1,6.19,0.59,861.0,25.8,Rainfed,28.4
Cuttack,East & South Eastern Coastal Plain,Alluvial,Rabi,Paddy (Rabi),1.12,69.7,43.8,63.2,6.79,0.15,51.0,23.7,Borewell,22.32
Koraput,Eastern Ghat High Land,Red Laterite,Kharif,Maize,1.71,89.1,56.1,7.4,5.42,0.34,1228.6,22.4,Rainfed,5.19
Puri,East & South Eastern Coastal Plain,Alluvial,Kharif,Groundnut,2.07,28.6,60.9,24.5,6.84,0.75,1208.3,29.1,Borewell,12.68
Sambalpur,Western Central Table Land,Black Soil,Rabi,Paddy (Rabi),2.39,144.1,58.3,72.3,6.75,0.54,187.1,25.5,Canal,30.01
Sundargarh,North Western Plateau,Red Laterite,Kharif,Ragi (Mandia),0.45,39.3,27.3,18.2,5.3,0.48,1576.2,27.9,Borewell,3.85
Puri,East & South Eastern Coastal Plain,Coastal Saline,Kharif,Paddy (Kharif),0.93,83.2,25.7,56.3,7.65,0.37,1283.4,27.4,Rainfed,13.39
Bargarh,Western Central Table Land,Black Soil,Rabi,Paddy (Rabi),2.81,98.4,52.8,67.2,6.98,0.37,237.1,28.8,Canal,28.77
Kalahandi,Western Undulating Zone,Red Laterite,Kharif,Maize,1.76,103.8,50.5,45.5,6.2,0.33,953.7,28.2,Borewell,16.13
Sundargarh,North Western Plateau,Red Laterite,Kharif,Ragi (Mandia),1.64,37.8,3.2,43.7,5.34,0.57,1688.8,26.6,Borewell,2.5
Balasore,North Eastern Coastal Plain,Alluvial,Rabi,Mustard,0.75,66.8,25.2,26.2,6.66,0.64,220.9,23.6,Rainfed,2.7
Mayurbhanj,North Central Plateau,Red Laterite,Kharif,Maize,0.61,109.5,56.4,5.6,5.99,0.67,1447.9,25.4,Rainfed,4.41
Koraput,Eastern Ghat High Land,Sandy Loam,Kharif,Ragi (Mandia),1.74,57.8,26.5,47.5,5.06,0.37,1274.9,25.9,Rainfed,5.02
Cuttack,East & South Eastern Coastal Plain,Alluvial,Rabi,Mustard,0.65,67.7,43.2,5.2,6.27,0.67,190.7,23.7,Rainfed,3.13
Cuttack,East & South Eastern Coastal Plain,Alluvial,Rabi,Green Gram (Moong),1.73,0.0,41.1,22.5,5.9,0.27,188.3,23.9,Rainfed,2.5
Ganjam,South Eastern Coastal Plain,Red Laterite,Kharif,Ragi (Mandia),2.54,59.1,18.4,26.2,6.57,0.69,1176.4,30.2,Borewell,9.12
Bargarh,Western Central Table Land,Black Soil,Kharif,Paddy (Kharif),2.53,130.5,39.6,33.3,6.88,0.48,1213.7,28.2,Canal,17.51
Puri,East & South Eastern Coastal Plain,Alluvial,Kharif,Groundnut,1.48,3.8,43.3,49.2,7.77,0.74,910.0,25.8,Rainfed,2.5
Balasore,North Eastern Coastal Plain,Alluvial,Rabi,Mustard,2.46,30.3,0.0,28.0,7.03,0.62,241.6,23.1,Rainfed,2.5
Balasore,North Eastern Coastal Plain,Sandy Loam,Rabi,Green Gram (Moong),1.17,59.5,39.3,26.6,6.38,0.63,153.5,26.4,Borewell,4.84
Bargarh,Western Central Table Land,Black Soil,Rabi,Paddy (Rabi),3.17,129.7,41.5,42.5,6.35,0.76,140.2,25.4,Canal,22.8
Ganjam,South Eastern Coastal Plain,Alluvial,Kharif,Groundnut,2.72,2.6,54.7,38.7,6.68,0.32,1223.2,28.8,Borewell,3.82
Sundargarh,North Western Plateau,Sandy Loam,Rabi,Mustard,1.42,88.6,32.7,42.9,5.39,0.4,101.3,23.7,Rainfed,6.07
Sambalpur,Western Central Table Land,Red Laterite,Rabi,Green Gram (Moong),3.55,22.8,34.0,26.6,6.47,0.61,200.2,25.0,Canal,6.12
Puri,East & South Eastern Coastal Plain,Alluvial,Kharif,Groundnut,1.26,28.7,42.6,62.5,7.41,0.57,1231.3,25.9,Borewell,11.89
Kalahandi,Western Undulating Zone,Red Laterite,Kharif,Ragi (Mandia),1.73,50.3,41.1,30.6,6.24,0.65,1324.4,27.4,Rainfed,12.16
Kalahandi,Western Undulating Zone,Black Soil,Kharif,Groundnut,1.4,24.6,62.5,79.3,6.57,0.54,1923.1,30.6,Rainfed,10.66
Sambalpur,Western Central Table Land,Black Soil,Rabi,Paddy (Rabi),1.26,121.9,54.0,57.9,7.27,0.41,142.9,24.1,Rainfed,22.47
Mayurbhanj,North Central Plateau,Red Laterite,Kharif,Paddy (Kharif),3.76,99.7,49.6,50.3,5.76,0.45,1383.8,27.4,Rainfed,20.01
Cuttack,East & South Eastern Coastal Plain,Sandy Loam,Kharif,Paddy (Kharif),2.18,89.9,41.9,29.1,6.98,0.56,1536.6,31.0,Borewell,23.35
Puri,East & South Eastern Coastal Plain,Coastal Saline,Kharif,Paddy (Kharif),0.71,79.8,24.1,74.3,7.17,0.68,1642.4,27.8,Rainfed,14.75
Ganjam,South Eastern Coastal Plain,Alluvial,Kharif,Ragi (Mandia),0.45,63.6,35.2,32.3,6.91,0.39,1820.0,29.1,Rainfed,12.96
Sambalpur,Western Central Table Land,Red Laterite,Kharif,Maize,0.73,127.1,58.7,55.9,6.37,0.42,1168.7,29.0,Canal,26.57
Sambalpur,Western Central Table Land,Red Laterite,Rabi,Green Gram (Moong),1.13,28.5,19.0,61.2,6.55,0.56,203.0,27.9,Rainfed,4.52
Mayurbhanj,North Central Plateau,Red Laterite,Kharif,Ragi (Mandia),2.7,48.5,19.9,37.2,6.53,0.55,1470.0,24.9,Rainfed,10.0
Koraput,Eastern Ghat High Land,Red Laterite,Kharif,Ragi (Mandia),1.29,18.1,25.0,4.4,5.51,0.65,1424.4,24.3,Rainfed,3.77
Balasore,North Eastern Coastal Plain,Sandy Loam,Kharif,Groundnut,2.06,25.4,63.9,46.3,6.17,0.68,1679.5,29.4,Rainfed,8.15
Balasore,North Eastern Coastal Plain,Alluvial,Rabi,Green Gram (Moong),0.53,55.2,38.7,16.4,6.46,0.52,208.5,23.8,Borewell,4.58
Kalahandi,Western Undulating Zone,Red Laterite,Kharif,Ragi (Mandia),0.82,68.6,24.2,29.0,6.1,0.39,1195.4,30.5,Rainfed,10.36
Sundargarh,North Western Plateau,Sandy Loam,Kharif,Ragi (Mandia),0.76,99.0,43.6,24.3,5.16,0.48,1493.4,27.2,Borewell,8.77
Balasore,North Eastern Coastal Plain,Alluvial,Rabi,Paddy (Rabi),2.9,164.1,73.3,72.4,6.49,0.65,180.2,21.9,Borewell,40.52
Kalahandi,Western Undulating Zone,Black Soil,Kharif,Maize,1.6,84.7,60.5,49.4,6.09,0.48,1006.6,29.3,Rainfed,19.04
Sambalpur,Western Central Table Land,Red Laterite,Rabi,Green Gram (Moong),2.45,14.5,72.7,16.4,6.22,0.69,54.7,22.7,Canal,4.27
Puri,East & South Eastern Coastal Plain,Coastal Saline,Rabi,Paddy (Rabi),1.34,81.4,40.6,45.3,8.07,0.49,126.2,24.3,Rainfed,18.39
Koraput,Eastern Ghat High Land,Sandy Loam,Kharif,Maize,1.68,105.6,41.7,53.1,5.22,0.61,1018.7,22.2,Borewell,14.01
Balasore,North Eastern Coastal Plain,Sandy Loam,Rabi,Paddy (Rabi),1.68,130.5,57.7,47.8,6.39,0.74,135.8,18.6,Borewell,26.07
Ganjam,South Eastern Coastal Plain,Alluvial,Kharif,Ragi (Mandia),0.86,78.0,19.5,45.6,6.34,0.39,1154.4,27.4,Borewell,8.95
Koraput,Eastern Ghat High Land,Sandy Loam,Kharif,Ragi (Mandia),1.66,56.9,45.8,3.3,5.52,0.79,1518.1,23.6,Rainfed,2.5
Puri,East & South Eastern Coastal Plain,Coastal Saline,Kharif,Paddy (Kharif),1.53,90.2,47.0,48.1,6.95,0.42,905.7,24.4,Rainfed,23.78
Mayurbhanj,North Central Plateau,Red Laterite,Rabi,Mustard,5.33,41.7,0.6,54.9,5.23,0.62,164.5,24.4,Borewell,2.5
Bargarh,Western Central Table Land,Black Soil,Kharif,Paddy (Kharif),0.49,68.3,27.8,44.2,6.29,0.79,1366.3,26.2,Rainfed,15.18
Bargarh,Western Central Table Land,Black Soil,Rabi,Paddy (Rabi),2.29,133.2,53.7,52.7,6.98,0.59,152.8,25.7,Canal,26.92
Sambalpur,Western Central Table Land,Black Soil,Rabi,Green Gram (Moong),1.27,18.3,20.3,11.5,6.3,0.65,257.6,22.0,Canal,2.59
Mayurbhanj,North Central Plateau,Red Laterite,Rabi,Mustard,1.7,59.6,20.7,33.4,5.65,0.36,263.6,22.4,Rainfed,4.14
Cuttack,East & South Eastern Coastal Plain,Alluvial,Rabi,Paddy (Rabi),1.37,93.0,68.9,44.5,6.52,0.7,148.0,22.7,Borewell,30.16
Sundargarh,North Western Plateau,Sandy Loam,Rabi,Mustard,1.03,64.2,51.4,43.3,5.16,0.58,147.8,23.7,Rainfed,5.74
Mayurbhanj,North Central Plateau,Red Laterite,Kharif,Paddy (Kharif),1.93,84.5,67.0,33.3,5.91,0.65,1330.4,27.3,Borewell,17.94
Ganjam,South Eastern Coastal Plain,Alluvial,Rabi,Green Gram (Moong),3.3,30.3,43.0,14.1,6.84,0.81,95.8,24.0,Rainfed,6.84
Cuttack,East & South Eastern Coastal Plain,Alluvial,Kharif,Paddy (Kharif),1.76,81.4,61.9,45.4,6.43,0.6,1115.2,29.1,Borewell,23.09
Mayurbhanj,North Central Plateau,Sandy Loam,Kharif,Ragi (Mandia),1.32,53.6,31.1,0.8,5.87,0.39,1690.2,26.1,Rainfed,2.5
Koraput,Eastern Ghat High Land,Sandy Loam,Kharif,Maize,0.95,132.8,39.0,39.8,5.68,0.47,1705.0,22.0,Rainfed,20.44
Balasore,North Eastern Coastal Plain,Sandy Loam,Rabi,Mustard,0.61,44.7,29.9,40.6,7.09,0.69,203.0,27.6,Borewell,4.44
Bargarh,Western Central Table Land,Black Soil,Kharif,Groundnut,1.59,31.6,56.0,28.7,6.84,0.52,1549.9,29.4,Rainfed,8.53
Sundargarh,North Western Plateau,Sandy Loam,Kharif,Ragi (Mandia),1.71,15.8,30.1,44.3,5.01,0.6,1501.2,24.4,Rainfed,6.89
Kalahandi,Western Undulating Zone,Red Laterite,Kharif,Groundnut,2.18,37.2,72.2,50.7,6.17,0.46,1265.7,30.3,Rainfed,10.01
Kalahandi,Western Undulating Zone,Black Soil,Kharif,Maize,0.54,135.3,49.1,32.0,5.76,0.7,1377.7,30.8,Borewell,21.04
Bargarh,Western Central Table Land,Black Soil,Kharif,Paddy (Kharif),1.32,97.7,55.0,55.8,6.83,0.34,1143.0,27.2,Canal,25.23
Koraput,Eastern Ghat High Land,Red Laterite,Kharif,Maize,3.77,62.2,57.5,31.7,5.01,0.55,1540.1,22.5,Borewell,7.18
Koraput,Eastern Ghat High Land,Sandy Loam,Kharif,Ragi (Mandia),1.62,64.2,13.2,0.3,5.73,0.62,1182.9,21.7,Rainfed,2.5
Kalahandi,Western Undulating Zone,Red Laterite,Kharif,Ragi (Mandia),1.42,54.8,12.8,37.9,6.06,0.38,887.9,31.1,Rainfed,3.49
Bargarh,Western Central Table Land,Black Soil,Kharif,Groundnut,1.13,1.1,26.5,55.6,7.23,0.5,1186.3,29.2,Canal,2.5
Puri,East & South Eastern Coastal Plain,Alluvial,Rabi,Paddy (Rabi),1.54,112.5,48.6,54.8,7.1,0.79,83.2,23.7,Rainfed,30.94
Koraput,Eastern Ghat High Land,Sandy Loam,Kharif,Maize,0.47,92.2,51.9,11.4,4.47,0.55,1923.1,22.6,Rainfed,6.01
Ganjam,South Eastern Coastal Plain,Alluvial,Kharif,Ragi (Mandia),0.31,49.3,34.9,47.1,6.83,0.53,916.0,29.7,Borewell,11.75
Mayurbhanj,North Central Plateau,Red Laterite,Kharif,Ragi (Mandia),0.83,16.9,54.8,35.1,5.63,0.83,906.6,26.8,Borewell,7.32
Ganjam,South Eastern Coastal Plain,Red Laterite,Rabi,Green Gram (Moong),1.28,0.0,50.5,12.0,7.05,0.58,115.5,24.2,Borewell,2.5
Sambalpur,Western Central Table Land,Black Soil,Rabi,Paddy (Rabi),1.67,99.4,69.4,34.6,6.49,0.44,118.9,19.4,Canal,19.2
Mayurbhanj,North Central Plateau,Sandy Loam,Kharif,Maize,3.49,93.8,37.7,42.2,5.75,0.58,1922.2,26.7,Rainfed,13.92
Cuttack,East & South Eastern Coastal Plain,Alluvial,Rabi,Paddy (Rabi),1.61,136.2,45.2,50.7,6.81,0.39,105.9,23.4,Rainfed,27.64
Puri,East & South Eastern Coastal Plain,Alluvial,Rabi,Paddy (Rabi),0.45,140.0,39.9,91.5,7.15,0.71,168.2,22.3,Rainfed,25.13
Balasore,North Eastern Coastal Plain,Sandy Loam,Rabi,Paddy (Rabi),3.31,89.4,47.2,57.0,6.16,0.36,139.7,22.4,Rainfed,25.68
Kalahandi,Western Undulating Zone,Red Laterite,Kharif,Ragi (Mandia),0.67,21.6,43.3,18.8,6.27,0.33,1003.9,25.8,Borewell,2.67
Cuttack,East & South Eastern Coastal Plain,Sandy Loam,Rabi,Paddy (Rabi),2.62,84.7,37.2,66.1,6.44,0.39,111.5,25.9,Borewell,23.12
Mayurbhanj,North Central Plateau,Red Laterite,Kharif,Paddy (Kharif),0.33,114.2,62.6,31.0,5.85,0.37,1762.8,25.3,Rainfed,17.75
Bargarh,Western Central Table Land,Black Soil,Kharif,Groundnut,1.55,52.5,61.6,27.9,6.76,0.59,1183.2,28.7,Canal,10.11
Kalahandi,Western Undulating Zone,Black Soil,Kharif,Groundnut,8.31,32.2,49.1,59.5,7.31,0.78,892.7,29.9,Borewell,11.99
Sambalpur,Western Central Table Land,Red Laterite,Kharif,Paddy (Kharif),5.6,149.9,24.6,58.9,6.77,0.39,1252.7,29.7,Rainfed,14.48
Cuttack,East & South Eastern Coastal Plain,Alluvial,Rabi,Green Gram (Moong),0.86,0.0,27.9,33.5,6.73,0.52,134.9,25.2,Rainfed,2.5
Balasore,North Eastern Coastal Plain,Alluvial,Kharif,Paddy (Kharif),2.28,74.1,16.3,49.5,6.54,0.67,1757.9,29.5,Borewell,17.0
Ganjam,South Eastern Coastal Plain,Red Laterite,Kharif,Ragi (Mandia),1.65,45.6,45.2,36.4,7.18,0.51,1735.6,29.0,Borewell,13.83
Puri,East & South Eastern Coastal Plain,Alluvial,Kharif,Groundnut,0.36,4.2,27.7,24.6,7.07,0.33,1515.4,26.6,Rainfed,2.5
Kalahandi,Western Undulating Zone,Black Soil,Kharif,Maize,1.33,77.2,4.0,28.3,6.28,0.76,767.5,30.5,Rainfed,3.79
Bargarh,Western Central Table Land,Alluvial,Kharif,Paddy (Kharif),0.93,94.0,34.8,71.3,7.3,0.52,1115.8,25.7,Rainfed,21.29
Bargarh,Western Central Table Land,Black Soil,Kharif,Paddy (Kharif),0.61,59.4,57.7,31.4,7.36,0.41,1248.2,28.7,Rainfed,19.41
Koraput,Eastern Ghat High Land,Red Laterite,Kharif,Ragi (Mandia),2.75,17.9,26.7,18.0,5.16,0.56,1877.5,25.1,Rainfed,3.99
Balasore,North Eastern Coastal Plain,Alluvial,Rabi,Paddy (Rabi),2.04,84.3,51.0,38.3,6.33,0.68,223.5,22.1,Borewell,19.91
Balasore,North Eastern Coastal Plain,Sandy Loam,Rabi,Green Gram (Moong),0.72,39.3,44.8,17.9,6.23,0.69,302.3,24.4,Borewell,6.51
Kalahandi,Western Undulating Zone,Black Soil,Kharif,Maize,4.86,92.2,35.6,18.2,6.36,0.85,1114.0,28.6,Rainfed,12.43
Cuttack,East & South Eastern Coastal Plain,Sandy Loam,Rabi,Mustard,2.22,98.1,32.7,36.2,6.16,0.35,160.5,25.2,Borewell,5.82
Mayurbhanj,North Central Plateau,Red Laterite,Kharif,Maize,2.39,99.5,59.5,53.6,5.92,0.55,1756.5,25.7,Rainfed,16.25
Ganjam,South Eastern Coastal Plain,Red Laterite,Kharif,Ragi (Mandia),0.98,88.6,29.8,46.4,7.03,0.41,1243.8,29.5,Rainfed,11.31
Sundargarh,North Western Plateau,Red Laterite,Rabi,Mustard,0.94,28.1,23.2,46.2,5.59,0.52,96.5,21.4,Rainfed,4.52
Cuttack,East & South Eastern Coastal Plain,Alluvial,Rabi,Green Gram (Moong),1.33,19.5,20.6,0.0,6.7,0.62,88.4,24.6,Rainfed,2.5
Ganjam,South Eastern Coastal Plain,Red Laterite,Kharif,Paddy (Kharif),1.63,32.7,18.7,12.7,6.34,0.62,1224.9,24.1,Borewell,2.5
Puri,East & South Eastern Coastal Plain,Coastal Saline,Kharif,Paddy (Kharif),2.01,111.4,39.5,53.9,6.69,0.82,1256.9,26.2,Borewell,28.96
Ganjam,South Eastern Coastal Plain,Red Laterite,Kharif,Ragi (Mandia),0.84,48.2,7.3,54.0,6.23,0.27,1182.9,27.5,Borewell,5.65
Kalahandi,Western Undulating Zone,Red Laterite,Kharif,Maize,0.94,86.8,37.9,15.2,5.66,0.55,1000.0,29.5,Borewell,3.69
Sundargarh,North Western Plateau,Sandy Loam,Rabi,Mustard,1.94,114.0,57.6,41.9,5.1,0.7,184.6,20.5,Rainfed,4.24
Mayurbhanj,North Central Plateau,Sandy Loam,Kharif,Ragi (Mandia),0.67,28.4,0.2,51.0,6.02,0.6,1707.5,27.9,Rainfed,2.5
Sundargarh,North Western Plateau,Red Laterite,Rabi,Mustard,0.51,62.0,0.0,17.4,5.59,0.71,65.2,21.6,Borewell,2.5
Puri,East & South Eastern Coastal Plain,Alluvial,Kharif,Groundnut,3.0,39.9,74.4,60.5,7.35,0.8,1431.6,27.7,Rainfed,10.5
Sambalpur,Western Central Table Land,Black Soil,Kharif,Maize,1.49,70.9,27.9,22.3,6.28,0.6,1334.8,28.5,Rainfed,11.63
Puri,East & South Eastern Coastal Plain,Coastal Saline,Kharif,Paddy (Kharif),4.92,102.1,61.0,34.0,6.65,0.42,1765.3,26.0,Rainfed,20.12
Puri,East & South Eastern Coastal Plain,Alluvial,Kharif,Paddy (Kharif),1.21,89.8,35.7,38.5,6.95,0.75,1899.2,27.9,Borewell,21.33
Kalahandi,Western Undulating Zone,Black Soil,Kharif,Groundnut,2.49,8.7,41.6,38.6,7.23,0.86,1462.7,29.9,Rainfed,4.72
Sundargarh,North Western Plateau,Sandy Loam,Rabi,Mustard,2.78,61.1,21.7,20.9,5.18,0.64,237.3,22.7,Rainfed,4.55
Puri,East & South Eastern Coastal Plain,Coastal Saline,Kharif,Groundnut,2.5,14.1,54.7,57.3,7.79,0.53,1222.0,28.7,Borewell,6.29
Balasore,North Eastern Coastal Plain,Alluvial,Rabi,Mustard,1.25,43.4,15.1,44.5,6.26,0.46,254.8,23.4,Rainfed,3.12
Kalahandi,Western Undulating Zone,Red Laterite,Kharif,Ragi (Mandia),2.29,35.9,28.7,23.8,6.37,0.43,1138.1,29.5,Rainfed,8.89
Cuttack,East & South Eastern Coastal Plain,Alluvial,Rabi,Mustard,0.38,51.9,32.4,31.6,6.61,0.79,162.8,24.6,Rainfed,6.39
Cuttack,East & South Eastern Coastal Plain,Sandy Loam,Rabi,Green Gram (Moong),2.29,0.0,52.9,25.4,6.49,0.72,154.6,27.0,Borewell,2.5
Kalahandi,Western Undulating Zone,Black Soil,Kharif,Ragi (Mandia),1.74,53.9,23.3,21.2,6.27,0.68,1503.7,28.5,Borewell,11.19
Cuttack,East & South Eastern Coastal Plain,Alluvial,Rabi,Green Gram (Moong),3.36,10.8,40.8,21.8,6.52,0.81,210.8,25.8,Borewell,2.5
Puri,East & South Eastern Coastal Plain,Alluvial,Kharif,Paddy (Kharif),1.6,69.7,31.4,53.7,7.35,0.55,1343.6,28.4,Borewell,17.6
Bargarh,Western Central Table Land,Black Soil,Kharif,Groundnut,0.34,9.7,38.0,56.8,6.57,0.63,1484.3,29.2,Canal,5.89
Koraput,Eastern Ghat High Land,Sandy Loam,Kharif,Maize,1.59,89.5,47.8,62.6,6.11,0.43,1156.5,24.3,Borewell,15.68
Cuttack,East & South Eastern Coastal Plain,Sandy Loam,Kharif,Paddy (Kharif),1.48,102.6,55.0,50.0,6.51,0.48,1363.6,27.5,Rainfed,21.8
Mayurbhanj,North Central Plateau,Red Laterite,Kharif,Ragi (Mandia),0.72,52.1,37.9,22.3,5.83,0.64,1927.2,25.7,Borewell,10.65
Kalahandi,Western Undulating Zone,Red Laterite,Kharif,Groundnut,1.97,37.1,52.1,32.0,6.23,0.52,548.1,30.2,Borewell,7.92
Bargarh,Western Central Table Land,Black Soil,Kharif,Paddy (Kharif),1.7,70.2,33.4,48.3,6.69,0.53,1222.5,29.3,Rainfed,22.19
Puri,East & South Eastern Coastal Plain,Alluvial,Kharif,Groundnut,8.72,0.0,41.0,84.0,7.55,0.5,1728.2,28.8,Rainfed,2.5
Koraput,Eastern Ghat High Land,Sandy Loam,Kharif,Ragi (Mandia),1.37,93.0,9.4,10.6,5.18,0.42,1091.9,22.9,Rainfed,2.5
Cuttack,East & South Eastern Coastal Plain,Sandy Loam,Kharif,Paddy (Kharif),2.53,94.7,51.9,43.8,6.47,0.69,1334.2,28.9,Rainfed,22.98
Sundargarh,North Western Plateau,Red Laterite,Rabi,Mustard,2.88,75.1,39.5,49.2,5.21,0.66,147.9,24.3,Rainfed,7.38
Sambalpur,Western Central Table Land,Black Soil,Rabi,Paddy (Rabi),3.29,125.8,58.4,50.5,6.81,0.49,212.3,23.9,Rainfed,32.27
Ganjam,South Eastern Coastal Plain,Alluvial,Rabi,Green Gram (Moong),0.61,54.8,39.3,9.7,6.56,0.6,81.4,22.2,Borewell,4.33
Ganjam,South Eastern Coastal Plain,Alluvial,Rabi,Green Gram (Moong),2.49,49.9,69.5,0.1,6.94,0.4,248.7,23.9,Borewell,2.5
Sundargarh,North Western Plateau,Red Laterite,Kharif,Ragi (Mandia),4.92,32.4,25.3,23.8,5.26,0.46,1283.6,27.9,Rainfed,5.8
Sundargarh,North Western Plateau,Red Laterite,Kharif,Ragi (Mandia),1.71,51.0,50.4,26.0,5.08,0.51,1144.0,28.1,Borewell,6.69
Ganjam,South Eastern Coastal Plain,Alluvial,Kharif,Ragi (Mandia),5.3,57.6,6.1,27.7,6.67,0.6,1309.1,27.6,Borewell,2.5
Kalahandi,Western Undulating Zone,Red Laterite,Kharif,Maize,0.68,105.5,45.5,30.3,5.7,0.71,1232.8,30.2,Borewell,17.92
Balasore,North Eastern Coastal Plain,Alluvial,Kharif,Paddy (Kharif),0.51,76.1,27.3,43.7,6.18,0.42,1586.4,26.4,Rainfed,10.07
Sambalpur,Western Central Table Land,Red Laterite,Rabi,Paddy (Rabi),1.92,114.9,41.8,57.2,7.06,0.66,186.3,26.2,Canal,26.73
Balasore,North Eastern Coastal Plain,Sandy Loam,Rabi,Mustard,2.52,56.3,11.9,28.9,6.48,0.38,178.7,25.0,Borewell,4.89
Kalahandi,Western Undulating Zone,Red Laterite,Kharif,Maize,2.49,108.8,64.9,43.0,6.12,0.59,1444.9,27.3,Rainfed,17.18
Mayurbhanj,North Central Plateau,Red Laterite,Rabi,Mustard,3.78,75.5,45.7,46.2,6.2,0.7,165.7,23.6,Borewell,10.38
Sambalpur,Western Central Table Land,Red Laterite,Kharif,Maize,1.85,113.0,52.3,42.9,6.71,0.67,1093.9,24.8,Rainfed,20.32
Kalahandi,Western Undulating Zone,Black Soil,Kharif,Maize,1.04,108.9,45.0,25.5,7.17,0.6,519.2,28.0,Rainfed,12.59
Kalahandi,Western Undulating Zone,Red Laterite,Kharif,Maize,1.61,77.7,22.9,25.4,5.85,0.52,543.9,30.4,Rainfed,4.29
Kalahandi,Western Undulating Zone,Black Soil,Kharif,Groundnut,1.51,40.1,33.7,40.7,6.31,0.54,929.0,28.7,Borewell,5.83
Puri,East & South Eastern Coastal Plain,Coastal Saline,Kharif,Groundnut,1.09,10.1,38.0,51.4,6.53,0.56,1139.4,30.3,Rainfed,8.61
Puri,East & South Eastern Coastal Plain,Coastal Saline,Rabi,Green Gram (Moong),0.72,0.0,34.6,32.9,6.58,0.56,202.8,23.5,Borewell,2.5
Sambalpur,Western Central Table Land,Red Laterite,Kharif,Maize,1.62,92.0,84.5,41.4,6.25,0.47,1707.6,24.1,Canal,24.32
Bargarh,Western Central Table Land,Alluvial,Kharif,Groundnut,1.45,16.0,67.8,50.0,6.98,0.54,1366.1,28.9,Rainfed,11.58
Koraput,Eastern Ghat High Land,Red Laterite,Kharif,Maize,1.4,96.3,46.2,16.0,5.36,0.37,1336.3,25.4,Rainfed,6.44
Ganjam,South Eastern Coastal Plain,Red Laterite,Kharif,Paddy (Kharif),0.62,83.7,30.9,87.7,6.49,0.6,1487.4,28.3,Borewell,22.88
Cuttack,East & South Eastern Coastal Plain,Sandy Loam,Rabi,Paddy (Rabi),2.95,79.2,71.9,50.5,6.57,0.48,254.2,24.9,Borewell,23.75
Sundargarh,North Western Plateau,Sandy Loam,Kharif,Ragi (Mandia),1.2,48.0,40.6,25.8,5.76,0.43,949.8,28.8,Rainfed,11.55
Sambalpur,Western Central Table Land,Red Laterite,Rabi,Paddy (Rabi),2.54,102.5,41.9,44.3,6.51,0.39,226.8,25.2,Canal,19.05
Ganjam,South Eastern Coastal Plain,Alluvial,Rabi,Green Gram (Moong),2.67,29.7,38.4,30.3,6.55,0.55,210.9,24.2,Borewell,7.44
Puri,East & South Eastern Coastal Plain,Coastal Saline,Kharif,Groundnut,0.63,16.6,50.2,53.6,7.19,0.51,1371.2,27.2,Borewell,7.7
Mayurbhanj,North Central Plateau,Red Laterite,Rabi,Mustard,1.58,87.9,17.7,19.0,6.44,0.62,228.9,23.9,Rainfed,5.08
Ganjam,South Eastern Coastal Plain,Alluvial,Kharif,Ragi (Mandia),0.54,26.8,20.9,31.1,6.44,0.64,1087.8,30.5,Borewell,7.83
Puri,East & South Eastern Coastal Plain,Alluvial,Rabi,Green Gram (Moong),0.99,31.3,18.8,9.5,7.02,0.48,281.1,26.0,Borewell,2.5
Balasore,North Eastern Coastal Plain,Alluvial,Rabi,Paddy (Rabi),3.48,135.8,31.3,77.5,6.36,0.53,172.3,23.5,Borewell,23.59
Sundargarh,North Western Plateau,Sandy Loam,Kharif,Ragi (Mandia),2.47,30.9,4.7,12.4,5.36,0.67,1470.9,27.1,Borewell,2.5
Kalahandi,Western Undulating Zone,Red Laterite,Kharif,Groundnut,0.69,30.6,66.3,33.3,6.31,0.51,939.2,29.6,Borewell,5.89
Puri,East & South Eastern Coastal Plain,Alluvial,Kharif,Paddy (Kharif),2.34,131.3,38.8,25.7,6.82,0.69,1082.7,28.3,Borewell,14.7
Sambalpur,Western Central Table Land,Black Soil,Kharif,Paddy (Kharif),3.03,88.4,60.4,38.1,6.03,0.23,1608.6,28.2,Rainfed,18.92
Bargarh,Western Central Table Land,Black Soil,Rabi,Paddy (Rabi),2.0,90.0,53.5,41.3,6.79,0.44,253.2,25.4,Canal,20.59
Sundargarh,North Western Plateau,Red Laterite,Kharif,Ragi (Mandia),2.75,0.6,7.1,45.3,5.12,0.63,1398.5,26.6,Borewell,2.5
Kalahandi,Western Undulating Zone,Red Laterite,Kharif,Groundnut,0.57,48.9,65.0,60.5,6.27,0.34,974.5,29.3,Borewell,14.0
Kalahandi,Western Undulating Zone,Red Laterite,Kharif,Maize,3.18,105.6,47.2,65.5,6.0,0.67,860.3,30.3,Rainfed,19.87
Sambalpur,Western Central Table Land,Red Laterite,Rabi,Paddy (Rabi),0.42,90.9,40.4,67.1,6.87,0.61,115.3,25.0,Rainfed,19.46
Puri,East & South Eastern Coastal Plain,Alluvial,Rabi,Paddy (Rabi),2.61,131.0,32.3,54.8,7.84,0.55,204.3,28.3,Borewell,19.61
Koraput,Eastern Ghat High Land,Red Laterite,Kharif,Ragi (Mandia),0.33,51.7,40.2,0.0,5.27,0.59,1295.1,23.6,Borewell,2.5
Sundargarh,North Western Plateau,Sandy Loam,Kharif,Ragi (Mandia),1.25,59.6,4.0,0.0,5.51,0.36,1269.3,26.4,Rainfed,2.5
Koraput,Eastern Ghat High Land,Sandy Loam,Kharif,Ragi (Mandia),2.03,37.0,15.4,12.4,5.09,0.59,1295.9,23.5,Borewell,4.0
Puri,East & South Eastern Coastal Plain,Coastal Saline,Kharif,Paddy (Kharif),1.04,98.9,35.5,67.9,7.26,0.38,1476.2,29.3,Borewell,21.12
Kalahandi,Western Undulating Zone,Black Soil,Kharif,Groundnut,3.56,82.9,34.7,57.8,6.07,0.57,804.6,30.2,Rainfed,13.72
Puri,East & South Eastern Coastal Plain,Alluvial,Kharif,Groundnut,1.05,46.3,55.0,59.2,7.24,0.68,1578.8,26.8,Borewell,12.57
Sundargarh,North Western Plateau,Sandy Loam,Kharif,Ragi (Mandia),0.47,57.6,44.3,25.8,5.32,0.77,1526.1,28.3,Rainfed,8.87
Ganjam,South Eastern Coastal Plain,Alluvial,Kharif,Paddy (Kharif),6.08,93.6,38.9,49.4,7.04,0.15,1271.8,26.1,Borewell,18.22
Mayurbhanj,North Central Plateau,Red Laterite,Kharif,Paddy (Kharif),0.68,118.7,36.1,34.7,5.88,0.3,1346.2,25.3,Rainfed,17.4
Cuttack,East & South Eastern Coastal Plain,Alluvial,Rabi,Paddy (Rabi),2.02,86.3,33.5,44.0,6.3,0.71,193.3,23.3,Rainfed,21.83
Balasore,North Eastern Coastal Plain,Alluvial,Rabi,Mustard,2.35,55.9,36.2,48.1,6.5,0.38,149.9,22.9,Rainfed,7.02
Ganjam,South Eastern Coastal Plain,Alluvial,Kharif,Ragi (Mandia),1.38,45.0,7.4,23.4,6.78,0.42,1054.8,31.0,Borewell,2.63
Puri,East & South Eastern Coastal Plain,Alluvial,Kharif,Paddy (Kharif),4.6,113.6,34.9,20.2,7.13,0.28,1114.1,26.6,Borewell,7.83
Koraput,Eastern Ghat High Land,Red Laterite,Kharif,Ragi (Mandia),3.74,65.1,19.2,38.6,5.45,0.7,1143.2,25.1,Borewell,10.35
Kalahandi,Western Undulating Zone,Black Soil,Kharif,Ragi (Mandia),2.55,51.7,7.2,40.3,6.61,0.39,913.4,31.0,Rainfed,4.37
Puri,East & South Eastern Coastal Plain,Coastal Saline,Kharif,Groundnut,2.04,0.0,45.1,23.7,6.92,0.39,1569.5,27.3,Borewell,2.5
Mayurbhanj,North Central Plateau,Red Laterite,Kharif,Ragi (Mandia),0.39,11.3,17.8,34.3,5.69,0.7,1940.0,26.4,Borewell,2.5
Cuttack,East & South Eastern Coastal Plain,Alluvial,Rabi,Mustard,4.02,105.9,27.2,50.8,6.69,0.45,120.5,23.7,Rainfed,7.23
Koraput,Eastern Ghat High Land,Sandy Loam,Kharif,Maize,2.61,92.9,54.3,32.3,5.79,0.63,1279.9,25.3,Rainfed,15.28
Sambalpur,Western Central Table Land,Red Laterite,Rabi,Green Gram (Moong),1.76,37.4,37.6,18.5,6.47,0.55,76.3,23.5,Canal,3.78
Kalahandi,Western Undulating Zone,Red Laterite,Kharif,Ragi (Mandia),1.22,49.3,47.4,52.2,6.54,0.38,1184.0,29.6,Rainfed,7.51
Koraput,Eastern Ghat High Land,Sandy Loam,Kharif,Maize,0.38,102.3,27.9,31.1,5.28,0.34,1064.4,24.1,Borewell,5.9
Koraput,Eastern Ghat High Land,Red Laterite,Kharif,Ragi (Mandia),0.65,65.2,37.5,36.2,4.97,0.35,1163.6,23.2,Rainfed,12.59
Puri,East & South Eastern Coastal Plain,Coastal Saline,Rabi,Green Gram (Moong),1.99,0.0,55.1,26.0,6.61,0.77,130.0,23.0,Rainfed,2.5
Sundargarh,North Western Plateau,Sandy Loam,Rabi,Mustard,1.01,69.3,22.2,32.2,6.25,0.44,153.0,21.8,Rainfed,6.44
Balasore,North Eastern Coastal Plain,Alluvial,Rabi,Mustard,0.89,38.4,44.1,0.0,6.04,0.88,212.5,25.0,Borewell,2.5
Koraput,Eastern Ghat High Land,Sandy Loam,Kharif,Maize,2.74,55.1,47.4,46.1,6.01,0.65,1574.3,23.8,Rainfed,9.97
Sambalpur,Western Central Table Land,Red Laterite,Kharif,Maize,1.72,80.9,44.0,61.8,6.7,0.81,1291.9,27.9,Rainfed,18.81
Puri,East & South Eastern Coastal Plain,Coastal Saline,Rabi,Green Gram (Moong),1.39,48.1,40.7,27.3,7.52,0.67,203.3,23.6,Rainfed,6.57
Koraput,Eastern Ghat High Land,Sandy Loam,Kharif,Ragi (Mandia),1.06,71.0,25.4,37.0,5.36,0.62,1474.1,25.3,Rainfed,8.68
Cuttack,East & South Eastern Coastal Plain,Alluvial,Rabi,Mustard,1.61,-0.0,0.0,41.5,6.81,0.83,80.4,26.4,Rainfed,2.5
Kalahandi,Western Undulating Zone,Black Soil,Kharif,Groundnut,1.26,0.0,24.7,66.7,6.04,0.48,1032.5,27.5,Rainfed,2.5
Cuttack,East & South Eastern Coastal Plain,Alluvial,Rabi,Paddy (Rabi),1.43,92.4,75.0,39.5,6.55,0.53,59.8,25.7,Borewell,25.53
Kalahandi,Western Undulating Zone,Red Laterite,Kharif,Maize,0.69,101.5,52.0,52.2,5.67,0.56,1363.4,30.6,Rainfed,18.63
Puri,East & South Eastern Coastal Plain,Coastal Saline,Rabi,Green Gram (Moong),1.47,0.0,29.3,0.0,6.64,0.5,130.2,24.5,Borewell,2.5
Bargarh,Western Central Table Land,Black Soil,Rabi,Paddy (Rabi),1.3,92.5,28.3,37.4,7.02,0.57,170.9,23.2,Rainfed,14.73
Koraput,Eastern Ghat High Land,Sandy Loam,Kharif,Maize,4.37,66.2,51.4,57.6,5.4,0.64,1507.6,21.6,Borewell,14.06
Sundargarh,North Western Plateau,Sandy Loam,Rabi,Mustard,0.83,81.9,26.5,0.0,5.11,0.87,132.5,22.3,Rainfed,2.5
Koraput,Eastern Ghat High Land,Red Laterite,Kharif,Ragi (Mandia),0.32,8.3,33.5,14.1,6.08,0.48,1149.2,23.2,Borewell,2.5
Mayurbhanj,North Central Plateau,Sandy Loam,Kharif,Paddy (Kharif),1.93,72.4,56.9,39.0,5.92,0.67,1116.9,26.9,Rainfed,21.96
Sundargarh,North Western Plateau,Sandy Loam,Kharif,Ragi (Mandia),2.36,33.6,6.1,29.4,5.46,0.41,1050.5,28.3,Rainfed,2.5
Bargarh,Western Central Table Land,Alluvial,Rabi,Paddy (Rabi),0.58,128.6,49.1,29.8,6.86,0.68,114.5,28.4,Canal,19.97
Cuttack,East & South Eastern Coastal Plain,Sandy Loam,Rabi,Mustard,1.23,50.8,10.5,12.7,6.73,0.54,71.4,21.0,Borewell,2.5
Sambalpur,Western Central Table Land,Red Laterite,Kharif,Paddy (Kharif),0.6,54.8,50.1,43.3,6.43,0.44,1263.2,22.9,Canal,18.5
Balasore,North Eastern Coastal Plain,Sandy Loam,Kharif,Groundnut,1.23,24.4,53.9,44.3,6.06,0.73,1274.2,28.5,Borewell,12.87
Ganjam,South Eastern Coastal Plain,Red Laterite,Kharif,Paddy (Kharif),2.94,98.5,33.2,47.6,6.54,0.41,1242.0,28.0,Rainfed,20.59
Cuttack,East & South Eastern Coastal Plain,Alluvial,Kharif,Paddy (Kharif),2.07,60.1,34.9,33.2,6.53,0.69,1362.9,27.9,Borewell,13.31
Ganjam,South Eastern Coastal Plain,Red Laterite,Kharif,Ragi (Mandia),1.86,70.8,25.8,39.1,6.99,0.34,1636.3,28.6,Borewell,11.14
Sambalpur,Western Central Table Land,Red Laterite,Kharif,Paddy (Kharif),2.05,40.8,53.5,38.5,6.96,0.57,1338.9,28.5,Rainfed,14.85
Sambalpur,Western Central Table Land,Red Laterite,Kharif,Paddy (Kharif),2.04,112.1,47.5,77.7,6.21,0.41,1125.4,28.6,Rainfed,28.65
Kalahandi,Western Undulating Zone,Red Laterite,Kharif,Ragi (Mandia),2.01,50.5,37.6,33.8,6.43,0.55,1067.5,30.2,Rainfed,11.66
Ganjam,South Eastern Coastal Plain,Alluvial,Kharif,Groundnut,0.67,52.1,67.7,31.8,6.72,0.36,1516.3,29.0,Rainfed,12.57
Sambalpur,Western Central Table Land,Black Soil,Kharif,Paddy (Kharif),2.72,96.3,67.5,40.0,6.39,0.72,1295.6,29.8,Canal,21.82
Ganjam,South Eastern Coastal Plain,Alluvial,Kharif,Ragi (Mandia),0.31,85.4,11.7,8.1,7.47,0.57,1167.4,27.4,Borewell,2.5
Balasore,North Eastern Coastal Plain,Alluvial,Rabi,Paddy (Rabi),1.89,106.0,37.0,33.9,6.7,0.45,187.0,26.4,Borewell,14.82
Puri,East & South Eastern Coastal Plain,Coastal Saline,Kharif,Paddy (Kharif),1.38,144.8,52.5,21.6,6.76,0.8,1798.1,31.5,Borewell,16.78
Mayurbhanj,North Central Plateau,Sandy Loam,Kharif,Paddy (Kharif),0.84,68.4,50.9,35.1,5.87,0.23,1199.7,27.9,Rainfed,15.27
Cuttack,East & South Eastern Coastal Plain,Alluvial,Rabi,Green Gram (Moong),2.89,38.6,30.6,25.6,6.85,0.56,172.4,22.3,Borewell,5.5
Puri,East & South Eastern Coastal Plain,Alluvial,Kharif,Groundnut,4.24,0.0,26.1,41.1,7.44,0.34,1321.2,26.6,Rainfed,2.5
Kalahandi,Western Undulating Zone,Black Soil,Kharif,Groundnut,3.57,0.0,41.2,58.0,5.98,0.54,1240.7,31.0,Rainfed,2.5
Puri,East & South Eastern Coastal Plain,Coastal Saline,Kharif,Groundnut,2.46,67.1,63.0,63.2,6.84,0.54,1386.2,27.9,Rainfed,10.63
Mayurbhanj,North Central Plateau,Sandy Loam,Rabi,Mustard,2.45,53.1,29.7,24.2,6.03,0.44,81.5,23.3,Borewell,4.93
Sambalpur,Western Central Table Land,Black Soil,Rabi,Green Gram (Moong),1.16,28.7,34.1,6.3,6.77,0.61,190.2,24.3,Rainfed,2.9
Sambalpur,Western Central Table Land,Red Laterite,Kharif,Maize,1.23,78.4,37.4,41.3,6.0,0.49,1465.3,28.9,Rainfed,12.62
Balasore,North Eastern Coastal Plain,Alluvial,Rabi,Green Gram (Moong),4.62,1.4,28.9,12.0,5.9,0.54,202.2,26.0,Borewell,2.5
Sundargarh,North Western Plateau,Sandy Loam,Kharif,Ragi (Mandia),1.7,9.9,33.4,19.8,4.8,0.54,1471.4,24.8,Rainfed,2.58
Puri,East & South Eastern Coastal Plain,Alluvial,Rabi,Green Gram (Moong),3.01,14.3,13.5,35.9,7.31,0.32,110.0,26.4,Borewell,2.5
Puri,East & South Eastern Coastal Plain,Coastal Saline,Rabi,Paddy (Rabi),0.47,89.0,39.3,44.5,6.36,0.59,44.9,22.5,Borewell,22.92
Mayurbhanj,North Central Plateau,Red Laterite,Kharif,Maize,2.09,60.0,74.3,30.0,5.84,0.54,1396.1,28.1,Rainfed,10.45
Kalahandi,Western Undulating Zone,Red Laterite,Kharif,Maize,1.97,117.1,32.2,61.3,5.82,0.53,755.6,30.3,Rainfed,17.12
Mayurbhanj,North Central Plateau,Red Laterite,Kharif,Paddy (Kharif),0.79,96.6,61.5,28.6,5.57,0.45,1317.7,29.0,Borewell,18.35
Bargarh,Western Central Table Land,Alluvial,Kharif,Groundnut,1.96,0.0,64.3,28.1,7.15,0.31,1212.0,28.1,Canal,2.5
Sambalpur,Western Central Table Land,Red Laterite,Kharif,Paddy (Kharif),1.36,98.0,80.4,44.7,6.72,0.42,1349.3,26.6,Rainfed,24.11
Balasore,North Eastern Coastal Plain,Alluvial,Rabi,Paddy (Rabi),0.67,92.3,39.5,59.3,6.98,0.63,249.2,24.4,Borewell,20.82
Sundargarh,North Western Plateau,Sandy Loam,Rabi,Mustard,3.66,29.7,35.3,47.7,5.38,0.66,133.7,24.7,Borewell,3.28
Sundargarh,North Western Plateau,Sandy Loam,Rabi,Mustard,0.91,77.9,32.0,17.0,5.34,0.44,228.7,25.5,Borewell,6.58
Balasore,North Eastern Coastal Plain,Sandy Loam,Kharif,Groundnut,1.1,49.8,65.2,41.9,6.39,0.73,1623.7,25.1,Borewell,9.63
Puri,East & South Eastern Coastal Plain,Coastal Saline,Kharif,Groundnut,1.1,12.2,49.5,37.2,7.5,0.44,1128.0,24.8,Borewell,3.8
Ganjam,South Eastern Coastal Plain,Red Laterite,Kharif,Ragi (Mandia),1.41,47.8,12.7,28.3,7.2,0.55,1507.6,27.3,Borewell,5.36
Ganjam,South Eastern Coastal Plain,Alluvial,Rabi,Green Gram (Moong),2.05,41.3,42.1,14.2,6.27,0.42,168.2,23.8,Rainfed,3.73
Sambalpur,Western Central Table Land,Red Laterite,Rabi,Green Gram (Moong),1.64,36.3,27.7,10.0,6.37,0.34,239.2,23.8,Canal,2.5
Sambalpur,Western Central Table Land,Black Soil,Rabi,Paddy (Rabi),2.53,83.9,37.2,56.7,6.71,0.51,153.3,25.7,Rainfed,17.98
Bargarh,Western Central Table Land,Black Soil,Rabi,Paddy (Rabi),2.36,115.9,49.1,61.0,6.77,0.72,171.6,23.5,Rainfed,24.25
Ganjam,South Eastern Coastal Plain,Red Laterite,Kharif,Ragi (Mandia),2.12,45.1,0.0,18.6,6.6,0.67,1420.4,29.9,Borewell,2.5
Kalahandi,Western Undulating Zone,Red Laterite,Kharif,Groundnut,2.12,7.3,47.9,32.0,6.32,0.66,1149.0,30.5,Rainfed,5.53
Mayurbhanj,North Central Plateau,Red Laterite,Rabi,Mustard,3.83,28.4,56.2,28.5,5.96,0.6,143.3,25.7,Borewell,5.13
Sundargarh,North Western Plateau,Red Laterite,Rabi,Mustard,2.52,101.8,41.0,17.9,5.69,0.61,150.9,22.8,Rainfed,4.37
Puri,East & South Eastern Coastal Plain,Coastal Saline,Kharif,Groundnut,1.39,24.1,55.3,53.2,6.96,0.38,1507.9,27.1,Rainfed,6.79
Mayurbhanj,North Central Plateau,Red Laterite,Rabi,Mustard,1.21,60.8,29.6,33.5,5.95,0.57,254.8,24.4,Rainfed,6.3
Ganjam,South Eastern Coastal Plain,Alluvial,Kharif,Groundnut,4.16,37.0,47.5,68.1,6.86,0.67,1319.8,29.3,Rainfed,11.24
Kalahandi,Western Undulating Zone,Red Laterite,Kharif,Groundnut,0.49,5.1,72.8,43.9,6.55,0.46,1136.2,26.3,Rainfed,5.47
Balasore,North Eastern Coastal Plain,Alluvial,Rabi,Mustard,0.91,82.2,9.9,41.2,6.69,0.73,273.8,24.5,Rainfed,4.84
Sambalpur,Western Central Table Land,Black Soil,Kharif,Maize,0.86,126.1,59.7,51.9,6.45,0.41,1465.7,29.1,Rainfed,28.96
Kalahandi,Western Undulating Zone,Black Soil,Kharif,Groundnut,2.01,1.7,24.7,59.5,6.65,0.48,1077.0,30.3,Rainfed,2.5
Koraput,Eastern Ghat High Land,Red Laterite,Kharif,Maize,2.75,55.0,76.1,28.5,4.69,0.69,1306.2,22.2,Borewell,8.89
Sambalpur,Western Central Table Land,Black Soil,Kharif,Paddy (Kharif),1.2,91.4,57.8,54.9,6.09,0.61,1312.0,29.4,Rainfed,26.33
Cuttack,East & South Eastern Coastal Plain,Alluvial,Kharif,Paddy (Kharif),0.73,95.5,57.5,29.4,7.03,0.53,1629.3,27.5,Rainfed,18.09
Mayurbhanj,North Central Plateau,Sandy Loam,Kharif,Ragi (Mandia),0.65,56.3,21.4,16.5,5.58,0.44,1248.4,25.0,Rainfed,8.44
Puri,East & South Eastern Coastal Plain,Alluvial,Kharif,Groundnut,1.36,0.0,71.8,51.9,7.38,0.53,1026.5,26.7,Rainfed,2.5
Balasore,North Eastern Coastal Plain,Alluvial,Rabi,Mustard,0.91,71.1,55.0,24.4,5.87,0.7,162.4,23.8,Rainfed,8.28
Mayurbhanj,North Central Plateau,Sandy Loam,Kharif,Maize,3.19,143.6,62.0,53.1,5.78,0.8,1551.4,26.0,Borewell,25.66
Balasore,North Eastern Coastal Plain,Alluvial,Rabi,Green Gram (Moong),0.97,51.0,31.1,20.3,5.88,0.5,169.6,26.8,Borewell,3.8
Bargarh,Western Central Table Land,Alluvial,Rabi,Paddy (Rabi),2.6,102.5,42.6,40.5,6.76,0.62,149.5,20.9,Canal,18.84
Kalahandi,Western Undulating Zone,Red Laterite,Kharif,Groundnut,1.44,17.1,48.7,75.2,5.75,0.39,1158.0,30.3,Rainfed,3.91
Sambalpur,Western Central Table Land,Black Soil,Kharif,Maize,1.63,64.2,64.8,27.3,6.74,0.72,1502.6,32.0,Canal,12.14
Sundargarh,North Western Plateau,Sandy Loam,Kharif,Ragi (Mandia),0.3,92.4,26.8,23.1,5.72,0.61,1190.8,29.4,Rainfed,10.28
Mayurbhanj,North Central Plateau,Red Laterite,Kharif,Maize,1.64,106.6,74.1,13.1,5.71,0.6,1439.5,26.3,Rainfed,10.12
Bargarh,Western Central Table Land,Black Soil,Kharif,Groundnut,0.53,56.0,67.9,19.0,7.31,0.51,1086.7,28.8,Canal,7.44
Kalahandi,Western Undulating Zone,Black Soil,Kharif,Maize,2.13,116.6,59.0,43.7,6.31,0.58,1627.2,28.1,Rainfed,18.74
Ganjam,South Eastern Coastal Plain,Alluvial,Kharif,Groundnut,1.62,64.1,23.1,48.4,6.36,0.58,1165.3,27.2,Rainfed,10.26
Kalahandi,Western Undulating Zone,Black Soil,Kharif,Maize,0.96,98.7,55.2,21.3,6.16,0.83,851.8,31.1,Borewell,18.16
Kalahandi,Western Undulating Zone,Red Laterite,Kharif,Ragi (Mandia),1.83,32.2,32.3,39.3,6.7,0.58,815.3,30.4,Borewell,10.61
Sambalpur,Western Central Table Land,Black Soil,Rabi,Paddy (Rabi),1.65,113.7,64.3,48.7,6.18,0.23,264.8,20.2,Canal,29.72
Cuttack,East & South Eastern Coastal Plain,Alluvial,Rabi,Green Gram (Moong),1.27,46.1,46.5,17.6,6.32,0.61,139.8,25.5,Borewell,4.27
Ganjam,South Eastern Coastal Plain,Red Laterite,Kharif,Paddy (Kharif),1.35,99.4,34.9,48.6,6.39,0.66,971.1,26.7,Borewell,24.17
Ganjam,South Eastern Coastal Plain,Alluvial,Kharif,Groundnut,0.59,64.9,31.2,22.4,6.63,0.61,1396.5,26.5,Borewell,4.78
Bargarh,Western Central Table Land,Alluvial,Kharif,Paddy (Kharif),2.03,79.8,61.9,66.0,6.59,0.49,1470.8,26.2,Canal,27.63
Mayurbhanj,North Central Plateau,Sandy Loam,Rabi,Mustard,0.75,42.1,19.0,16.0,5.57,0.44,106.2,21.0,Rainfed,2.5
Ganjam,South Eastern Coastal Plain,Alluvial,Kharif,Paddy (Kharif),1.92,82.4,53.8,35.9,6.21,0.46,1386.6,27.9,Borewell,18.18
Balasore,North Eastern Coastal Plain,Alluvial,Rabi,Mustard,2.85,59.1,26.4,33.6,6.52,0.56,198.0,22.6,Rainfed,5.21
Puri,East & South Eastern Coastal Plain,Coastal Saline,Rabi,Paddy (Rabi),2.29,113.4,53.2,29.0,7.22,0.8,158.5,25.1,Borewell,21.79
Sundargarh,North Western Plateau,Sandy Loam,Kharif,Ragi (Mandia),3.62,57.4,38.8,29.2,4.96,0.73,1479.1,25.2,Rainfed,10.38
Bargarh,Western Central Table Land,Alluvial,Kharif,Paddy (Kharif),1.56,77.9,41.7,47.2,7.1,0.64,1481.6,26.5,Canal,20.43
Cuttack,East & South Eastern Coastal Plain,Sandy Loam,Rabi,Mustard,1.98,63.0,30.3,29.1,6.55,0.5,106.7,25.0,Rainfed,7.63
Balasore,North Eastern Coastal Plain,Alluvial,Kharif,Paddy (Kharif),1.32,54.8,14.4,61.9,6.27,0.63,1616.3,27.6,Borewell,11.24
Puri,East & South Eastern Coastal Plain,Coastal Saline,Kharif,Groundnut,1.47,49.4,45.2,35.7,7.07,0.57,1430.2,29.4,Rainfed,10.86
Mayurbhanj,North Central Plateau,Red Laterite,Kharif,Maize,3.1,114.9,34.4,27.1,5.99,0.64,1645.6,28.9,Borewell,15.0
Ganjam,South Eastern Coastal Plain,Alluvial,Kharif,Ragi (Mandia),0.94,36.6,24.3,0.0,6.82,0.62,1246.7,26.8,Borewell,2.5
Balasore,North Eastern Coastal Plain,Alluvial,Rabi,Paddy (Rabi),1.14,118.3,66.9,49.9,7.11,0.54,185.2,22.2,Rainfed,22.36
Ganjam,South Eastern Coastal Plain,Alluvial,Kharif,Ragi (Mandia),1.58,66.7,20.6,45.4,6.72,0.27,909.3,28.5,Rainfed,5.32
Balasore,North Eastern Coastal Plain,Alluvial,Rabi,Green Gram (Moong),0.98,28.1,35.9,14.1,5.83,0.43,172.2,21.8,Rainfed,6.29
Balasore,North Eastern Coastal Plain,Alluvial,Rabi,Paddy (Rabi),2.84,128.0,47.6,61.3,6.23,0.18,190.2,28.1,Rainfed,22.98
Ganjam,South Eastern Coastal Plain,Alluvial,Kharif,Ragi (Mandia),1.71,43.6,36.5,44.7,6.85,0.64,1185.2,30.2,Borewell,9.16
Sambalpur,Western Central Table Land,Black Soil,Rabi,Paddy (Rabi),0.8,160.6,19.8,68.6,6.76,0.43,202.3,25.5,Rainfed,21.76
Sundargarh,North Western Plateau,Sandy Loam,Rabi,Mustard,1.65,45.4,52.1,73.2,5.34,0.41,191.2,24.7,Rainfed,6.76
Mayurbhanj,North Central Plateau,Sandy Loam,Kharif,Maize,1.06,162.2,51.9,42.1,5.61,0.42,1605.4,25.7,Borewell,16.04
Cuttack,East & South Eastern Coastal Plain,Sandy Loam,Kharif,Paddy (Kharif),2.39,42.5,44.6,30.3,6.66,0.37,1756.0,28.3,Rainfed,15.82
Kalahandi,Western Undulating Zone,Black Soil,Kharif,Maize,0.96,82.6,43.8,54.8,5.94,0.76,1238.5,31.5,Rainfed,21.22
Ganjam,South Eastern Coastal Plain,Red Laterite,Kharif,Paddy (Kharif),0.92,89.4,69.9,67.1,6.66,0.63,1275.7,26.7,Rainfed,33.05
Kalahandi,Western Undulating Zone,Red Laterite,Kharif,Groundnut,3.21,49.2,55.8,40.2,6.44,0.44,915.6,27.9,Rainfed,11.11
Kalahandi,Western Undulating Zone,Black Soil,Kharif,Maize,1.14,90.6,86.2,16.5,5.74,0.39,571.0,29.2,Rainfed,11.57
Sambalpur,Western Central Table Land,Red Laterite,Kharif,Paddy (Kharif),0.77,103.2,43.8,43.1,6.12,0.46,1166.9,26.9,Canal,25.76
Sambalpur,Western Central Table Land,Black Soil,Rabi,Green Gram (Moong),1.42,24.2,38.8,20.8,6.87,0.63,109.0,22.3,Canal,2.91
Ganjam,South Eastern Coastal Plain,Red Laterite,Rabi,Green Gram (Moong),1.53,33.7,25.2,32.4,6.92,0.53,152.5,25.1,Rainfed,4.62
Koraput,Eastern Ghat High Land,Red Laterite,Kharif,Ragi (Mandia),1.38,52.4,35.5,36.7,5.69,0.5,1484.3,23.0,Rainfed,12.52
Cuttack,East & South Eastern Coastal Plain,Sandy Loam,Rabi,Mustard,1.12,28.8,20.3,27.5,5.92,0.42,263.7,25.7,Rainfed,2.64
Sundargarh,North Western Plateau,Red Laterite,Rabi,Mustard,1.72,78.5,23.8,48.4,5.42,0.64,226.2,23.3,Rainfed,5.84
Koraput,Eastern Ghat High Land,Red Laterite,Kharif,Maize,3.1,94.5,63.3,15.0,5.78,0.64,1108.5,25.1,Borewell,9.42
Sambalpur,Western Central Table Land,Red Laterite,Rabi,Green Gram (Moong),1.37,0.0,15.7,6.8,6.75,0.65,235.5,23.5,Canal,2.5
Sambalpur,Western Central Table Land,Black Soil,Rabi,Paddy (Rabi),0.85,113.4,56.8,44.8,6.68,0.73,110.6,25.2,Rainfed,20.64
Ganjam,South Eastern Coastal Plain,Red Laterite,Kharif,Paddy (Kharif),1.33,99.5,52.0,50.3,6.69,0.88,1235.1,26.1,Rainfed,23.83
Sundargarh,North Western Plateau,Red Laterite,Rabi,Mustard,1.17,65.1,35.2,27.9,4.79,0.5,190.3,21.1,Borewell,4.0
Ganjam,South Eastern Coastal Plain,Red Laterite,Kharif,Paddy (Kharif),0.98,89.7,48.1,43.4,7.03,0.25,1273.2,26.7,Borewell,19.28
Mayurbhanj,North Central Plateau,Red Laterite,Kharif,Maize,2.82,72.9,46.4,50.9,5.56,0.67,1276.8,26.8,Rainfed,9.74
Balasore,North Eastern Coastal Plain,Sandy Loam,Kharif,Groundnut,0.89,23.5,40.0,64.5,6.5,0.71,1636.6,29.7,Borewell,9.7
Sundargarh,North Western Plateau,Sandy Loam,Kharif,Ragi (Mandia),1.94,63.4,0.0,32.9,5.23,0.5,1418.9,24.8,Borewell,2.5
Balasore,North Eastern Coastal Plain,Sandy Loam,Rabi,Green Gram (Moong),3.51,23.2,35.6,28.1,6.6,0.65,147.7,20.9,Rainfed,3.95
Mayurbhanj,North Central Plateau,Sandy Loam,Kharif,Maize,0.6,96.7,47.9,36.5,5.63,0.42,1412.9,25.8,Rainfed,9.91
Bargarh,Western Central Table Land,Alluvial,Kharif,Paddy (Kharif),1.54,72.0,48.8,62.9,6.69,0.49,1286.5,27.2,Rainfed,19.79
Sundargarh,North Western Plateau,Red Laterite,Kharif,Ragi (Mandia),2.34,48.1,31.4,6.8,4.76,0.49,1168.6,26.7,Rainfed,4.05
Kalahandi,Western Undulating Zone,Red Laterite,Kharif,Groundnut,0.32,19.1,55.6,75.7,6.39,0.53,782.3,28.4,Borewell,9.11
Cuttack,East & South Eastern Coastal Plain,Alluvial,Rabi,Paddy (Rabi),2.66,103.2,53.1,41.4,6.2,0.47,202.8,24.5,Borewell,20.96
Kalahandi,Western Undulating Zone,Red Laterite,Kharif,Ragi (Mandia),0.6,69.6,13.2,0.0,6.0,0.69,884.2,32.0,Borewell,2.5
Cuttack,East & South Eastern Coastal Plain,Sandy Loam,Rabi,Mustard,3.89,69.6,34.9,29.0,6.96,0.52,208.1,28.1,Borewell,4.75
Sambalpur,Western Central Table Land,Red Laterite,Rabi,Green Gram (Moong),1.39,27.0,33.1,22.0,6.68,0.32,158.8,29.0,Canal,6.76
Balasore,North Eastern Coastal Plain,Alluvial,Kharif,Paddy (Kharif),1.74,80.1,53.3,62.4,6.19,0.69,1452.6,30.1,Rainfed,25.95
Sambalpur,Western Central Table Land,Red Laterite,Kharif,Paddy (Kharif),0.75,75.5,19.2,79.8,6.92,0.59,1456.7,29.7,Canal,11.37
Koraput,Eastern Ghat High Land,Red Laterite,Kharif,Maize,0.25,83.3,66.2,58.6,5.44,0.51,1364.9,25.0,Rainfed,17.66
Kalahandi,Western Undulating Zone,Black Soil,Kharif,Groundnut,1.64,43.0,50.1,42.1,6.36,0.49,1535.6,28.9,Rainfed,7.71
Mayurbhanj,North Central Plateau,Red Laterite,Kharif,Ragi (Mandia),3.82,31.8,9.2,50.4,5.99,0.44,1915.1,25.7,Borewell,3.85
Bargarh,Western Central Table Land,Alluvial,Kharif,Paddy (Kharif),1.85,96.7,22.8,28.8,7.24,0.32,1359.0,28.8,Rainfed,13.27
Ganjam,South Eastern Coastal Plain,Alluvial,Kharif,Paddy (Kharif),4.42,105.7,61.8,37.3,6.72,0.47,690.6,29.0,Rainfed,22.11
Puri,East & South Eastern Coastal Plain,Alluvial,Rabi,Green Gram (Moong),2.04,21.5,54.9,22.5,7.5,0.63,146.7,22.5,Borewell,6.66
Balasore,North Eastern Coastal Plain,Alluvial,Kharif,Paddy (Kharif),0.99,88.7,45.4,56.7,6.35,0.76,1584.8,24.9,Borewell,26.73
Koraput,Eastern Ghat High Land,Sandy Loam,Kharif,Maize,2.03,86.9,61.4,30.6,4.86,0.55,1412.8,21.3,Rainfed,14.29
Sundargarh,North Western Plateau,Sandy Loam,Rabi,Mustard,0.33,78.7,46.0,43.3,5.32,0.83,184.9,21.2,Rainfed,6.06
Sundargarh,North Western Plateau,Sandy Loam,Kharif,Ragi (Mandia),1.57,47.9,25.0,29.4,5.35,0.87,1484.3,27.3,Borewell,12.11
Balasore,North Eastern Coastal Plain,Sandy Loam,Kharif,Groundnut,1.76,62.7,41.1,48.4,5.74,0.43,2110.4,27.4,Rainfed,10.7
Balasore,North Eastern Coastal Plain,Alluvial,Rabi,Green Gram (Moong),1.35,22.9,29.7,31.0,5.99,0.61,77.1,23.7,Borewell,4.08
Ganjam,South Eastern Coastal Plain,Alluvial,Kharif,Ragi (Mandia),1.93,22.0,14.6,1.8,6.33,0.34,1327.6,29.1,Rainfed,2.5
Cuttack,East & South Eastern Coastal Plain,Sandy Loam,Rabi,Paddy (Rabi),2.27,81.8,49.5,66.0,6.35,0.52,168.4,23.8,Rainfed,23.24
Cuttack,East & South Eastern Coastal Plain,Alluvial,Rabi,Green Gram (Moong),1.46,28.0,39.6,19.3,6.76,0.45,119.3,23.0,Borewell,5.87
Cuttack,East & South Eastern Coastal Plain,Alluvial,Rabi,Green Gram (Moong),1.93,36.1,37.7,20.1,7.07,0.57,193.7,25.2,Borewell,5.06
Koraput,Eastern Ghat High Land,Sandy Loam,Kharif,Ragi (Mandia),1.58,42.3,19.4,16.4,5.3,0.66,1392.7,24.5,Rainfed,7.41
Ganjam,South Eastern Coastal Plain,Alluvial,Kharif,Groundnut,0.63,12.9,50.3,53.5,5.92,0.4,1533.7,27.2,Rainfed,9.24
Balasore,North Eastern Coastal Plain,Sandy Loam,Kharif,Paddy (Kharif),2.22,92.3,35.7,56.8,6.36,0.21,1107.4,28.3,Rainfed,22.0
Puri,East & South Eastern Coastal Plain,Alluvial,Kharif,Paddy (Kharif),0.97,90.3,43.3,32.2,7.24,0.38,1840.2,25.7,Borewell,19.53
Balasore,North Eastern Coastal Plain,Alluvial,Rabi,Paddy (Rabi),4.53,69.1,54.6,43.3,6.37,0.58,20.6,23.2,Rainfed,19.36
Kalahandi,Western Undulating Zone,Black Soil,Kharif,Groundnut,1.33,33.8,72.6,27.0,6.3,0.62,918.9,27.6,Borewell,10.98
Ganjam,South Eastern Coastal Plain,Red Laterite,Kharif,Ragi (Mandia),4.25,37.0,19.9,31.1,6.43,0.39,809.0,26.7,Rainfed,7.77
Ganjam,South Eastern Coastal Plain,Red Laterite,Rabi,Green Gram (Moong),3.09,43.8,43.1,21.0,7.08,0.44,193.8,21.7,Borewell,4.64
Cuttack,East & South Eastern Coastal Plain,Sandy Loam,Rabi,Green Gram (Moong),3.03,35.7,52.5,12.2,6.65,0.63,167.6,23.2,Rainfed,2.5
Bargarh,Western Central Table Land,Alluvial,Kharif,Groundnut,0.77,0.0,57.7,56.3,7.31,0.73,980.2,28.3,Canal,2.5
Bargarh,Western Central Table Land,Alluvial,Rabi,Paddy (Rabi),2.54,100.5,40.7,54.1,6.87,0.62,139.4,26.3,Rainfed,20.11
Cuttack,East & South Eastern Coastal Plain,Sandy Loam,Rabi,Mustard,3.31,84.0,51.8,41.5,6.93,0.58,197.5,22.7,Borewell,9.09
Ganjam,South Eastern Coastal Plain,Red Laterite,Kharif,Paddy (Kharif),0.87,106.8,35.4,52.3,6.49,0.54,1429.0,27.8,Rainfed,22.87
Balasore,North Eastern Coastal Plain,Alluvial,Kharif,Groundnut,0.84,63.3,49.3,54.3,6.05,0.48,1500.4,28.6,Borewell,13.51
Koraput,Eastern Ghat High Land,Red Laterite,Kharif,Ragi (Mandia),2.01,65.7,19.8,31.2,5.8,0.62,1574.4,25.7,Rainfed,10.46
Koraput,Eastern Ghat High Land,Sandy Loam,Kharif,Ragi (Mandia),0.89,68.0,23.4,34.7,5.08,0.4,1397.8,24.7,Borewell,9.2
Ganjam,South Eastern Coastal Plain,Red Laterite,Rabi,Green Gram (Moong),2.05,37.5,27.5,2.1,6.48,0.47,201.1,24.4,Borewell,2.5
Mayurbhanj,North Central Plateau,Red Laterite,Kharif,Maize,2.36,80.7,39.5,66.3,5.48,0.71,1503.7,25.3,Rainfed,12.75
Mayurbhanj,North Central Plateau,Sandy Loam,Kharif,Ragi (Mandia),0.63,52.1,32.3,44.0,5.8,0.45,1547.2,27.4,Rainfed,11.08
Balasore,North Eastern Coastal Plain,Alluvial,Rabi,Mustard,0.69,4.9,30.6,36.5,6.17,0.78,177.5,24.5,Rainfed,2.5
Bargarh,Western Central Table Land,Black Soil,Rabi,Paddy (Rabi),2.48,95.1,56.5,46.7,6.67,0.2,236.2,25.6,Canal,24.83
Mayurbhanj,North Central Plateau,Red Laterite,Kharif,Maize,0.73,103.0,46.0,41.3,5.39,0.62,1650.1,25.9,Borewell,16.76
Sambalpur,Western Central Table Land,Black Soil,Kharif,Maize,2.17,132.7,57.4,36.4,6.42,0.57,1356.5,29.6,Canal,24.71
Mayurbhanj,North Central Plateau,Red Laterite,Rabi,Mustard,0.39,42.1,27.6,19.0,5.11,0.46,106.7,21.5,Borewell,2.5
Sambalpur,Western Central Table Land,Black Soil,Rabi,Paddy (Rabi),0.69,101.2,26.2,56.4,6.9,0.59,102.1,25.9,Canal,18.49
Balasore,North Eastern Coastal Plain,Alluvial,Kharif,Groundnut,0.96,11.4,74.1,83.9,6.25,0.51,1526.0,26.3,Borewell,6.07
Puri,East & South Eastern Coastal Plain,Alluvial,Kharif,Paddy (Kharif),1.01,67.4,66.6,39.6,6.94,0.35,1301.9,27.4,Borewell,15.55
Puri,East & South Eastern Coastal Plain,Coastal Saline,Rabi,Paddy (Rabi),2.51,153.9,47.2,65.1,7.04,0.36,131.2,22.4,Borewell,24.85
Puri,East & South Eastern Coastal Plain,Alluvial,Kharif,Paddy (Kharif),2.14,121.8,36.1,43.5,6.69,0.76,969.9,29.9,Rainfed,21.4
Balasore,North Eastern Coastal Plain,Sandy Loam,Rabi,Green Gram (Moong),2.53,25.3,38.1,18.0,6.39,0.81,102.3,26.4,Borewell,2.91
Puri,East & South Eastern Coastal Plain,Coastal Saline,Kharif,Paddy (Kharif),2.13,42.5,45.6,29.2,7.13,0.34,1787.1,27.3,Borewell,15.96
Ganjam,South Eastern Coastal Plain,Alluvial,Kharif,Groundnut,0.56,21.8,50.3,58.9,7.19,0.36,1505.0,27.6,Borewell,10.84
Cuttack,East & South Eastern Coastal Plain,Sandy Loam,Kharif,Paddy (Kharif),1.53,35.7,44.7,45.7,6.28,0.69,1927.0,28.2,Borewell,11.55
Koraput,Eastern Ghat High Land,Sandy Loam,Kharif,Maize,4.4,105.3,35.7,47.6,5.32,0.62,952.1,23.8,Rainfed,12.35
Cuttack,East & South Eastern Coastal Plain,Alluvial,Kharif,Paddy (Kharif),0.46,73.4,38.8,69.0,6.74,0.62,1147.2,26.5,Rainfed,18.35
Sundargarh,North Western Plateau,Sandy Loam,Kharif,Ragi (Mandia),1.53,85.2,15.8,39.0,5.14,0.46,1354.6,25.8,Borewell,5.66
Bargarh,Western Central Table Land,Alluvial,Kharif,Paddy (Kharif),2.31,93.5,63.1,34.8,6.41,0.37,1252.8,26.7,Canal,23.77
Bargarh,Western Central Table Land,Black Soil,Kharif,Paddy (Kharif),1.03,73.2,66.3,47.2,6.91,0.55,1364.6,29.7,Canal,23.31
Bargarh,Western Central Table Land,Black Soil,Rabi,Paddy (Rabi),0.69,158.4,46.1,21.8,6.89,0.58,147.7,23.5,Canal,18.94
Balasore,North Eastern Coastal Plain,Alluvial,Rabi,Mustard,1.25,27.6,23.3,19.5,6.49,0.5,168.9,22.1,Borewell,2.5
Balasore,North Eastern Coastal Plain,Sandy Loam,Rabi,Green Gram (Moong),1.8,36.8,54.7,12.1,5.38,0.53,25.5,21.8,Borewell,3.08
Sambalpur,Western Central Table Land,Red Laterite,Kharif,Paddy (Kharif),6.19,94.5,22.7,86.6,6.12,0.8,1506.7,29.2,Canal,15.6
Sundargarh,North Western Plateau,Sandy Loam,Rabi,Mustard,2.57,65.0,36.2,8.8,5.44,0.5,192.0,26.9,Rainfed,4.35
Bargarh,Western Central Table Land,Alluvial,Kharif,Paddy (Kharif),1.32,110.7,60.8,32.2,6.33,0.46,1387.2,27.7,Canal,21.92
Ganjam,South Eastern Coastal Plain,Alluvial,Kharif,Groundnut,1.14,0.0,65.5,51.7,5.79,0.45,1222.4,28.2,Borewell,2.5
Mayurbhanj,North Central Plateau,Red Laterite,Kharif,Paddy (Kharif),1.36,95.9,39.4,39.8,5.47,0.53,1444.4,25.4,Rainfed,14.91
Ganjam,South Eastern Coastal Plain,Alluvial,Kharif,Paddy (Kharif),2.72,65.9,44.2,69.7,6.85,0.26,1092.0,27.1,Borewell,19.32
Sundargarh,North Western Plateau,Sandy Loam,Kharif,Ragi (Mandia),0.82,67.2,22.0,16.0,5.2,0.44,1242.7,29.1,Rainfed,7.76
Ganjam,South Eastern Coastal Plain,Alluvial,Rabi,Green Gram (Moong),1.3,10.0,69.9,22.3,6.84,0.5,200.7,22.8,Borewell,4.99
Sambalpur,Western Central Table Land,Black Soil,Rabi,Paddy (Rabi),1.99,135.5,64.4,48.0,6.0,0.7,88.3,26.3,Rainfed,20.82
Bargarh,Western Central Table Land,Black Soil,Kharif,Groundnut,1.88,0.0,54.2,33.7,5.9,0.32,1487.9,29.1,Canal,2.5
Ganjam,South Eastern Coastal Plain,Red Laterite,Kharif,Ragi (Mandia),2.92,32.2,57.6,8.7,6.44,0.69,1419.2,28.1,Rainfed,3.27
Balasore,North Eastern Coastal Plain,Sandy Loam,Kharif,Groundnut,1.95,60.7,47.9,33.5,6.73,0.6,2029.5,27.3,Rainfed,6.53
Balasore,North Eastern Coastal Plain,Sandy Loam,Rabi,Paddy (Rabi),2.09,149.8,44.3,48.2,6.4,0.71,184.9,25.3,Borewell,29.31
Mayurbhanj,North Central Plateau,Red Laterite,Kharif,Maize,1.98,115.0,55.0,0.0,5.88,0.52,1114.7,28.3,Rainfed,2.5
Sundargarh,North Western Plateau,Red Laterite,Kharif,Ragi (Mandia),0.97,82.5,8.7,33.7,5.44,0.65,1299.9,28.4,Rainfed,4.95
Puri,East & South Eastern Coastal Plain,Coastal Saline,Rabi,Green Gram (Moong),4.66,35.6,28.0,10.5,7.14,0.64,154.4,27.2,Borewell,2.67
Balasore,North Eastern Coastal Plain,Alluvial,Rabi,Mustard,4.39,46.5,30.1,34.0,6.2,0.58,200.6,24.2,Rainfed,2.5
Koraput,Eastern Ghat High Land,Red Laterite,Kharif,Maize,2.17,133.7,43.3,35.1,5.18,0.64,1734.6,22.1,Rainfed,13.88
Puri,East & South Eastern Coastal Plain,Coastal Saline,Rabi,Green Gram (Moong),0.81,9.0,18.5,32.4,6.67,0.48,136.0,25.0,Rainfed,2.5
Bargarh,Western Central Table Land,Alluvial,Kharif,Paddy (Kharif),2.86,98.9,43.3,52.5,7.33,0.32,1318.8,28.3,Rainfed,20.64
Puri,East & South Eastern Coastal Plain,Coastal Saline,Rabi,Green Gram (Moong),2.69,32.6,19.1,8.9,7.34,0.74,166.1,20.8,Borewell,2.5
Ganjam,South Eastern Coastal Plain,Alluvial,Kharif,Ragi (Mandia),0.42,57.2,7.3,33.9,6.51,0.45,1365.5,29.7,Borewell,5.8
Balasore,North Eastern Coastal Plain,Alluvial,Rabi,Green Gram (Moong),0.68,22.6,71.2,14.4,6.3,0.51,99.4,24.4,Borewell,6.89
Mayurbhanj,North Central Plateau,Sandy Loam,Kharif,Maize,0.6,132.0,54.0,43.5,5.68,0.72,1499.7,28.0,Rainfed,20.89
Ganjam,South Eastern Coastal Plain,Red Laterite,Rabi,Green Gram (Moong),4.81,0.0,36.3,39.4,7.13,0.52,148.1,23.0,Rainfed,2.5
Balasore,North Eastern Coastal Plain,Sandy Loam,Kharif,Paddy (Kharif),1.34,115.5,34.4,68.5,6.38,0.71,1413.9,28.1,Rainfed,25.63
Balasore,North Eastern Coastal Plain,Sandy Loam,Rabi,Green Gram (Moong),0.58,4.3,32.8,29.3,6.18,0.46,112.7,22.3,Rainfed,2.5
Balasore,North Eastern Coastal Plain,Alluvial,Kharif,Paddy (Kharif),0.45,84.9,52.9,52.0,6.14,0.76,1560.1,26.3,Borewell,25.48
Balasore,North Eastern Coastal Plain,Sandy Loam,Rabi,Paddy (Rabi),2.1,88.3,40.1,37.0,6.59,0.63,179.8,24.7,Borewell,23.47
Sambalpur,Western Central Table Land,Red Laterite,Rabi,Paddy (Rabi),3.2,82.9,54.7,51.1,5.9,0.63,122.2,24.3,Canal,22.21
Cuttack,East & South Eastern Coastal Plain,Alluvial,Rabi,Mustard,0.66,30.1,20.3,16.0,6.81,0.48,56.5,21.7,Borewell,5.81
Ganjam,South Eastern Coastal Plain,Alluvial,Kharif,Ragi (Mandia),3.09,53.2,50.3,18.6,6.51,0.54,1459.8,26.8,Borewell,10.37
Ganjam,South Eastern Coastal Plain,Alluvial,Kharif,Paddy (Kharif),1.7,86.9,63.2,44.1,6.27,0.84,1553.8,26.9,Rainfed,27.26
Sundargarh,North Western Plateau,Red Laterite,Rabi,Mustard,1.46,60.4,36.0,35.2,5.51,0.62,175.4,25.3,Rainfed,6.96
Ganjam,South Eastern Coastal Plain,Alluvial,Kharif,Ragi (Mandia),1.73,36.3,52.4,43.4,7.0,0.67,1217.5,25.3,Borewell,9.59
Bargarh,Western Central Table Land,Black Soil,Kharif,Groundnut,2.17,0.0,46.7,18.9,6.22,0.57,1186.6,28.5,Canal,2.5
Balasore,North Eastern Coastal Plain,Sandy Loam,Rabi,Mustard,2.95,79.4,0.6,37.0,7.13,0.52,125.8,25.3,Rainfed,2.5
Puri,East & South Eastern Coastal Plain,Coastal Saline,Rabi,Paddy (Rabi),0.82,111.6,62.5,31.6,6.88,0.65,152.3,22.7,Rainfed,21.29
Ganjam,South Eastern Coastal Plain,Red Laterite,Kharif,Groundnut,0.76,10.8,56.5,47.0,6.9,0.88,1335.0,27.4,Borewell,9.18
Sambalpur,Western Central Table Land,Red Laterite,Kharif,Maize,1.02,118.8,45.5,40.1,6.63,0.86,1463.0,28.3,Canal,17.2
Cuttack,East & South Eastern Coastal Plain,Alluvial,Rabi,Green Gram (Moong),1.32,38.9,39.3,16.5,6.59,0.45,125.5,25.5,Rainfed,4.03
Balasore,North Eastern Coastal Plain,Alluvial,Kharif,Paddy (Kharif),1.87,96.9,16.7,30.3,6.37,0.78,1374.7,28.6,Borewell,8.08
Sundargarh,North Western Plateau,Sandy Loam,Kharif,Ragi (Mandia),1.06,44.0,8.5,7.5,6.0,0.56,1398.9,29.3,Borewell,3.74
Ganjam,South Eastern Coastal Plain,Red Laterite,Rabi,Green Gram (Moong),1.88,25.2,50.3,52.0,6.72,0.64,58.2,28.8,Borewell,6.18
Puri,East & South Eastern Coastal Plain,Alluvial,Rabi,Green Gram (Moong),0.67,7.1,33.0,26.2,6.79,0.71,159.3,25.9,Borewell,2.6
Ganjam,South Eastern Coastal Plain,Alluvial,Rabi,Green Gram (Moong),2.62,0.1,28.8,0.0,6.89,0.38,174.8,23.5,Borewell,2.5
Ganjam,South Eastern Coastal Plain,Alluvial,Kharif,Ragi (Mandia),0.98,57.4,3.3,38.2,7.07,0.21,1189.1,27.8,Borewell,4.15
Sundargarh,North Western Plateau,Red Laterite,Kharif,Ragi (Mandia),2.98,37.7,24.8,13.2,5.76,0.89,1363.7,26.0,Borewell,8.47
Balasore,North Eastern Coastal Plain,Alluvial,Rabi,Green Gram (Moong),0.42,10.7,38.4,35.8,6.64,0.52,181.4,25.4,Borewell,4.59
Koraput,Eastern Ghat High Land,Red Laterite,Kharif,Maize,0.28,154.7,57.6,23.3,6.0,0.87,1446.7,21.4,Rainfed,17.29
Balasore,North Eastern Coastal Plain,Alluvial,Rabi,Mustard,0.84,13.0,14.8,35.2,6.5,0.71,176.4,26.1,Rainfed,2.5
Cuttack,East & South Eastern Coastal Plain,Sandy Loam,Rabi,Green Gram (Moong),1.68,0.0,45.0,19.2,7.57,0.64,172.9,25.7,Borewell,2.5
Kalahandi,Western Undulating Zone,Red Laterite,Kharif,Ragi (Mandia),1.07,52.8,26.6,29.1,5.98,0.59,962.0,30.1,Rainfed,7.58
Kalahandi,Western Undulating Zone,Black Soil,Kharif,Ragi (Mandia),0.49,86.9,48.3,30.3,6.65,0.4,866.3,29.5,Rainfed,11.94
Sundargarh,North Western Plateau,Red Laterite,Kharif,Ragi (Mandia),0.71,68.5,44.8,0.0,5.33,0.42,1739.6,27.4,Rainfed,2.5
Kalahandi,Western Undulating Zone,Red Laterite,Kharif,Maize,3.46,102.9,68.7,48.3,6.19,0.47,534.1,30.9,Rainfed,25.09
Kalahandi,Western Undulating Zone,Black Soil,Kharif,Ragi (Mandia),1.33,49.8,32.2,35.4,5.55,0.49,1305.5,27.5,Rainfed,8.67
Balasore,North Eastern Coastal Plain,Alluvial,Rabi,Mustard,5.56,33.1,25.1,55.4,6.49,0.55,194.3,24.0,Borewell,6.89
Sundargarh,North Western Plateau,Red Laterite,Kharif,Ragi (Mandia),0.99,67.0,11.6,28.9,5.14,0.58,1313.4,28.4,Rainfed,2.97
Balasore,North Eastern Coastal Plain,Sandy Loam,Rabi,Green Gram (Moong),2.9,4.3,53.3,17.2,6.68,0.26,85.1,24.9,Rainfed,2.5
Koraput,Eastern Ghat High Land,Sandy Loam,Kharif,Maize,0.76,113.0,47.7,42.9,5.37,0.66,1438.3,25.5,Borewell,14.18
Bargarh,Western Central Table Land,Alluvial,Kharif,Paddy (Kharif),1.27,148.2,60.3,44.0,6.89,0.65,1391.9,29.7,Canal,29.05
Sambalpur,Western Central Table Land,Black Soil,Kharif,Maize,4.0,85.8,73.1,24.7,6.69,0.49,1295.4,29.7,Canal,16.25
Bargarh,Western Central Table Land,Black Soil,Kharif,Groundnut,0.34,31.9,59.4,26.2,7.01,0.82,1102.3,26.9,Canal,9.59
Sambalpur,Western Central Table Land,Red Laterite,Rabi,Paddy (Rabi),1.19,115.6,46.8,54.6,6.69,0.52,93.2,23.1,Rainfed,18.44
Koraput,Eastern Ghat High Land,Sandy Loam,Kharif,Maize,1.16,112.7,28.7,42.4,5.41,0.58,1665.1,26.0,Rainfed,6.52
Balasore,North Eastern Coastal Plain,Sandy Loam,Rabi,Green Gram (Moong),1.76,19.0,26.2,23.6,6.72,0.7,194.8,22.4,Borewell,4.25
Mayurbhanj,North Central Plateau,Sandy Loam,Kharif,Ragi (Mandia),2.18,2.1,19.3,0.0,5.8,0.51,1685.4,26.0,Rainfed,2.5
Bargarh,Western Central Table Land,Black Soil,Kharif,Paddy (Kharif),0.73,122.6,51.0,24.6,7.13,0.56,829.2,26.9,Rainfed,20.52
Cuttack,East & South Eastern Coastal Plain,Sandy Loam,Rabi,Paddy (Rabi),1.04,104.6,52.6,57.1,6.99,0.49,270.9,23.9,Rainfed,28.41
Ganjam,South Eastern Coastal Plain,Red Laterite,Kharif,Groundnut,0.35,23.9,55.5,49.5,7.29,0.36,1283.0,28.1,Rainfed,5.21
Balasore,North Eastern Coastal Plain,Alluvial,Rabi,Paddy (Rabi),0.49,91.9,47.4,42.6,6.5,0.59,175.5,21.4,Borewell,17.83
Bargarh,Western Central Table Land,Alluvial,Kharif,Paddy (Kharif),0.32,70.4,31.2,10.1,6.52,1.02,1166.7,30.0,Canal,8.6
Puri,East & South Eastern Coastal Plain,Coastal Saline,Kharif,Groundnut,0.81,4.3,41.8,69.0,7.5,0.46,1287.2,28.8,Rainfed,2.5
Mayurbhanj,North Central Plateau,Sandy Loam,Rabi,Mustard,1.04,97.1,26.0,29.0,5.22,0.4,75.6,21.7,Borewell,3.02
Balasore,North Eastern Coastal Plain,Alluvial,Rabi,Green Gram (Moong),0.82,40.5,27.0,37.4,6.13,0.72,162.7,22.4,Borewell,5.33
Kalahandi,Western Undulating Zone,Red Laterite,Kharif,Ragi (Mandia),2.17,77.1,25.8,7.2,6.27,0.44,1032.8,28.1,Borewell,8.66
Cuttack,East & South Eastern Coastal Plain,Sandy Loam,Rabi,Green Gram (Moong),1.28,24.5,44.7,19.8,6.1,0.58,126.0,23.9,Rainfed,4.73
Sambalpur,Western Central Table Land,Red Laterite,Kharif,Paddy (Kharif),1.71,85.2,34.7,44.4,6.59,0.85,1345.6,27.0,Rainfed,19.75
Sundargarh,North Western Plateau,Sandy Loam,Rabi,Mustard,1.58,26.2,43.8,4.1,5.19,0.45,66.7,23.1,Borewell,2.5
Kalahandi,Western Undulating Zone,Black Soil,Kharif,Maize,1.57,87.3,52.6,38.9,6.03,0.57,1312.1,29.7,Rainfed,18.02
Sundargarh,North Western Plateau,Sandy Loam,Kharif,Ragi (Mandia),0.52,49.7,30.2,30.1,5.53,0.6,1628.1,26.6,Rainfed,9.27
Ganjam,South Eastern Coastal Plain,Red Laterite,Kharif,Paddy (Kharif),1.53,117.5,37.0,32.8,6.77,0.53,1295.0,29.0,Rainfed,18.51
Sundargarh,North Western Plateau,Sandy Loam,Rabi,Mustard,0.82,66.7,36.6,44.3,5.03,0.55,59.4,22.5,Rainfed,6.93
Sundargarh,North Western Plateau,Red Laterite,Kharif,Ragi (Mandia),2.27,65.8,31.9,47.8,5.42,0.37,1455.5,29.8,Rainfed,11.87
Ganjam,South Eastern Coastal Plain,Red Laterite,Kharif,Paddy (Kharif),1.99,59.5,52.1,7.4,6.23,0.72,1200.1,23.2,Rainfed,2.5
Mayurbhanj,North Central Plateau,Red Laterite,Kharif,Ragi (Mandia),1.62,45.9,42.6,24.4,5.91,0.25,1248.2,23.3,Borewell,7.86
Puri,East & South Eastern Coastal Plain,Alluvial,Rabi,Paddy (Rabi),1.7,135.7,40.7,61.3,7.09,0.46,164.1,22.1,Borewell,20.08
Mayurbhanj,North Central Plateau,Red Laterite,Rabi,Mustard,2.1,30.8,21.3,16.5,5.78,0.78,229.1,22.4,Borewell,2.5
Bargarh,Western Central Table Land,Black Soil,Kharif,Groundnut,4.13,10.7,54.3,51.7,6.84,0.31,1517.8,28.5,Rainfed,9.68
Koraput,Eastern Ghat High Land,Sandy Loam,Kharif,Ragi (Mandia),1.37,67.0,31.2,53.4,4.93,0.79,1025.5,21.7,Rainfed,11.91
Sambalpur,Western Central Table Land,Red Laterite,Rabi,Green Gram (Moong),1.96,26.9,58.1,28.3,6.48,0.64,206.0,24.5,Canal,6.96
Ganjam,South Eastern Coastal Plain,Red Laterite,Rabi,Green Gram (Moong),0.95,0.0,33.2,23.9,6.7,0.75,169.3,27.4,Borewell,2.5
Puri,East & South Eastern Coastal Plain,Coastal Saline,Kharif,Groundnut,1.56,18.3,25.0,82.3,6.77,0.47,1603.7,25.4,Borewell,9.7
Puri,East & South Eastern Coastal Plain,Alluvial,Rabi,Green Gram (Moong),1.82,28.8,62.1,21.4,6.89,0.39,104.4,24.0,Rainfed,6.06
Ganjam,South Eastern Coastal Plain,Alluvial,Kharif,Ragi (Mandia),3.0,34.0,49.5,19.6,7.02,0.65,1430.2,29.3,Rainfed,7.22
Balasore,North Eastern Coastal Plain,Alluvial,Rabi,Green Gram (Moong),1.23,0.0,43.2,23.6,6.16,0.35,187.6,22.3,Rainfed,2.5
Bargarh,Western Central Table Land,Black Soil,Kharif,Paddy (Kharif),2.73,127.9,37.2,35.5,6.66,0.52,1234.8,26.4,Rainfed,18.44
Sambalpur,Western Central Table Land,Black Soil,Kharif,Maize,1.65,144.9,14.3,45.3,6.19,0.56,1647.8,28.8,Canal,10.94
Balasore,North Eastern Coastal Plain,Alluvial,Kharif,Paddy (Kharif),1.48,104.4,58.1,47.0,6.31,0.43,1505.3,28.0,Borewell,28.37
Bargarh,Western Central Table Land,Alluvial,Kharif,Groundnut,2.77,28.3,51.4,50.0,6.57,0.42,1467.1,28.2,Rainfed,10.85
Puri,East & South Eastern Coastal Plain,Alluvial,Rabi,Paddy (Rabi),2.23,62.9,77.7,24.5,6.7,0.42,170.5,26.2,Rainfed,16.42
Sundargarh,North Western Plateau,Red Laterite,Rabi,Mustard,2.61,57.6,20.3,42.9,4.75,0.58,210.3,24.5,Borewell,2.5
Sambalpur,Western Central Table Land,Black Soil,Kharif,Paddy (Kharif),1.92,137.6,37.0,29.3,6.41,0.44,1388.6,26.6,Rainfed,13.37
Cuttack,East & South Eastern Coastal Plain,Sandy Loam,Rabi,Paddy (Rabi),1.48,132.0,61.7,60.0,6.31,0.6,191.9,23.9,Rainfed,27.31
Ganjam,South Eastern Coastal Plain,Alluvial,Rabi,Green Gram (Moong),0.89,30.5,57.4,27.1,6.84,0.63,83.6,22.9,Rainfed,6.68
Sambalpur,Western Central Table Land,Black Soil,Kharif,Paddy (Kharif),0.89,102.0,29.9,44.5,6.88,0.55,1005.5,27.1,Rainfed,14.97
Sundargarh,North Western Plateau,Red Laterite,Rabi,Mustard,3.19,65.8,64.5,1.4,5.07,0.53,64.0,24.2,Rainfed,2.5
Sundargarh,North Western Plateau,Sandy Loam,Rabi,Mustard,1.6,110.4,38.2,36.7,5.39,0.34,195.1,23.0,Rainfed,6.71
Kalahandi,Western Undulating Zone,Red Laterite,Kharif,Groundnut,1.57,11.8,42.6,67.6,6.94,0.61,1099.0,30.4,Borewell,6.35
Puri,East & South Eastern Coastal Plain,Alluvial,Rabi,Paddy (Rabi),1.2,93.2,66.2,67.5,6.99,0.53,173.8,25.8,Rainfed,25.15
Mayurbhanj,North Central Plateau,Red Laterite,Kharif,Ragi (Mandia),0.73,39.6,25.4,43.3,5.58,0.39,1458.4,25.5,Borewell,9.0
Cuttack,East & South Eastern Coastal Plain,Sandy Loam,Kharif,Paddy (Kharif),2.7,50.8,71.9,72.9,6.61,0.46,1455.3,27.6,Borewell,24.79
Koraput,Eastern Ghat High Land,Red Laterite,Kharif,Ragi (Mandia),0.75,59.1,0.0,17.7,5.39,0.27,1319.2,21.0,Rainfed,3.84
Sambalpur,Western Central Table Land,Red Laterite,Rabi,Paddy (Rabi),0.63,97.8,30.1,40.3,6.9,0.54,160.7,23.5,Rainfed,13.55
Kalahandi,Western Undulating Zone,Black Soil,Kharif,Ragi (Mandia),1.35,39.0,29.2,34.6,6.02,0.46,1213.3,29.3,Borewell,12.12
Koraput,Eastern Ghat High Land,Sandy Loam,Kharif,Maize,3.9,95.0,35.8,40.0,5.36,0.4,1412.5,24.4,Rainfed,12.5
Ganjam,South Eastern Coastal Plain,Alluvial,Rabi,Green Gram (Moong),1.98,13.3,27.9,15.0,6.46,0.49,113.1,25.6,Rainfed,2.62
Ganjam,South Eastern Coastal Plain,Red Laterite,Kharif,Groundnut,1.6,48.7,84.3,36.5,6.65,0.67,1533.0,30.0,Borewell,6.29
Koraput,Eastern Ghat High Land,Sandy Loam,Kharif,Maize,0.89,77.1,67.9,54.2,5.27,0.69,1419.0,26.1,Rainfed,19.09
Cuttack,East & South Eastern Coastal Plain,Alluvial,Kharif,Paddy (Kharif),1.21,133.6,35.7,56.6,7.15,0.47,1633.8,27.4,Rainfed,21.56
Sambalpur,Western Central Table Land,Black Soil,Kharif,Paddy (Kharif),0.64,102.6,42.3,46.3,6.08,0.76,1556.2,28.8,Canal,27.09
Sundargarh,North Western Plateau,Sandy Loam,Kharif,Ragi (Mandia),0.7,46.5,27.4,21.5,5.76,0.54,1176.0,26.4,Borewell,11.92
Mayurbhanj,North Central Plateau,Sandy Loam,Kharif,Paddy (Kharif),1.89,41.0,59.0,58.8,5.68,0.26,2249.2,27.5,Rainfed,14.76
Sambalpur,Western Central Table Land,Red Laterite,Kharif,Maize,0.49,114.1,33.9,32.2,6.43,0.75,1682.5,26.8,Canal,17.46
Sambalpur,Western Central Table Land,Red Laterite,Kharif,Paddy (Kharif),0.89,56.7,53.1,55.5,7.04,0.45,1167.2,27.6,Canal,17.01
Bargarh,Western Central Table Land,Black Soil,Kharif,Groundnut,1.22,20.9,44.1,59.0,6.71,0.62,1284.0,26.9,Canal,8.6
Bargarh,Western Central Table Land,Black Soil,Kharif,Paddy (Kharif),2.9,102.8,37.3,62.3,6.71,0.59,1410.0,29.8,Canal,20.92
Sambalpur,Western Central Table Land,Black Soil,Kharif,Paddy (Kharif),4.22,91.5,41.7,37.4,6.35,0.86,1434.5,27.5,Rainfed,16.23
Puri,East & South Eastern Coastal Plain,Alluvial,Kharif,Paddy (Kharif),4.44,94.6,25.0,36.8,7.1,0.56,1512.0,26.7,Borewell,10.47
Cuttack,East & South Eastern Coastal Plain,Alluvial,Rabi,Mustard,2.8,80.5,15.7,36.6,6.24,0.56,229.2,26.3,Rainfed,6.27
Koraput,Eastern Ghat High Land,Red Laterite,Kharif,Maize,2.28,50.6,65.5,21.9,5.48,0.82,1931.9,24.2,Rainfed,8.95
Sundargarh,North Western Plateau,Red Laterite,Rabi,Mustard,3.83,49.4,34.5,34.5,5.54,0.68,181.6,21.2,Borewell,3.26
Koraput,Eastern Ghat High Land,Red Laterite,Kharif,Maize,1.52,122.1,61.3,28.1,5.69,0.29,1459.8,21.4,Rainfed,18.45
Sundargarh,North Western Plateau,Red Laterite,Kharif,Ragi (Mandia),1.65,1.8,44.5,11.9,4.64,0.82,1230.2,29.0,Rainfed,2.5
Balasore,North Eastern Coastal Plain,Sandy Loam,Rabi,Green Gram (Moong),1.28,29.9,50.7,20.0,5.91,0.4,201.9,23.4,Borewell,5.35
Bargarh,Western Central Table Land,Alluvial,Kharif,Paddy (Kharif),0.98,109.2,45.9,60.8,6.53,0.41,1238.1,29.6,Canal,28.94
Cuttack,East & South Eastern Coastal Plain,Sandy Loam,Rabi,Green Gram (Moong),2.6,0.0,70.5,0.0,5.88,0.53,120.1,21.4,Borewell,2.5
Bargarh,Western Central Table Land,Black Soil,Kharif,Paddy (Kharif),2.61,108.4,86.2,53.8,6.11,0.44,1168.7,30.9,Canal,26.15
Cuttack,East & South Eastern Coastal Plain,Sandy Loam,Rabi,Paddy (Rabi),1.14,128.4,48.2,40.9,6.41,0.6,154.9,20.3,Rainfed,27.95
Ganjam,South Eastern Coastal Plain,Red Laterite,Kharif,Groundnut,0.86,46.8,45.8,43.6,6.39,0.55,1497.0,28.0,Rainfed,13.7
Sundargarh,North Western Plateau,Sandy Loam,Kharif,Ragi (Mandia),2.18,55.5,10.1,15.3,5.91,0.53,1218.4,26.8,Rainfed,6.18
Puri,East & South Eastern Coastal Plain,Alluvial,Kharif,Paddy (Kharif),0.58,114.3,50.6,55.9,7.01,0.43,1574.6,28.8,Borewell,17.72
Koraput,Eastern Ghat High Land,Red Laterite,Kharif,Ragi (Mandia),3.21,58.5,25.4,12.0,5.0,0.49,1029.7,23.1,Borewell,5.15
Koraput,Eastern Ghat High Land,Red Laterite,Kharif,Maize,0.97,84.6,47.0,46.9,5.67,0.25,1579.2,24.4,Rainfed,11.29
Sambalpur,Western Central Table Land,Black Soil,Kharif,Paddy (Kharif),2.8,108.9,68.2,26.0,6.62,0.64,1470.5,30.4,Canal,20.7
Cuttack,East & South Eastern Coastal Plain,Sandy Loam,Rabi,Green Gram (Moong),0.72,25.6,41.8,2.8,7.21,0.68,122.1,24.4,Borewell,2.5
Balasore,North Eastern Coastal Plain,Alluvial,Rabi,Mustard,1.44,78.7,40.4,35.3,6.42,0.39,123.1,22.0,Rainfed,8.96
Balasore,North Eastern Coastal Plain,Alluvial,Rabi,Paddy (Rabi),2.07,106.2,34.3,57.5,5.96,0.59,191.1,23.8,Rainfed,25.38
Puri,East & South Eastern Coastal Plain,Alluvial,Rabi,Paddy (Rabi),1.97,105.4,65.0,46.6,7.48,0.55,93.5,24.8,Rainfed,24.56
Sundargarh,North Western Plateau,Red Laterite,Rabi,Mustard,3.88,83.4,8.4,37.9,5.6,0.81,132.5,20.2,Borewell,3.77
Ganjam,South Eastern Coastal Plain,Red Laterite,Kharif,Groundnut,1.37,21.3,66.8,57.0,6.91,0.58,1352.8,25.0,Borewell,11.3
Ganjam,South Eastern Coastal Plain,Alluvial,Kharif,Paddy (Kharif),0.27,117.3,70.7,52.3,6.51,0.59,1113.1,25.9,Borewell,34.51
Bargarh,Western Central Table Land,Black Soil,Kharif,Paddy (Kharif),1.12,95.4,41.3,32.4,6.73,0.43,1294.5,29.6,Canal,19.77
Mayurbhanj,North Central Plateau,Red Laterite,Kharif,Paddy (Kharif),1.17,107.7,29.8,71.2,5.15,0.61,1766.0,25.1,Rainfed,9.32
Cuttack,East & South Eastern Coastal Plain,Sandy Loam,Kharif,Paddy (Kharif),0.92,117.5,25.7,52.0,6.86,0.76,1795.2,24.0,Rainfed,17.8
Sambalpur,Western Central Table Land,Black Soil,Rabi,Paddy (Rabi),0.86,97.1,45.6,63.8,6.59,0.38,174.9,24.4,Canal,25.14
Sambalpur,Western Central Table Land,Red Laterite,Kharif,Paddy (Kharif),1.03,98.2,21.9,39.8,7.1,0.44,945.4,28.8,Rainfed,10.82
Koraput,Eastern Ghat High Land,Red Laterite,Kharif,Ragi (Mandia),1.22,47.0,28.6,42.1,5.51,0.57,1401.6,25.9,Borewell,11.76
Bargarh,Western Central Table Land,Alluvial,Rabi,Paddy (Rabi),2.31,102.3,53.6,33.9,7.33,0.59,159.5,22.1,Canal,22.06
Cuttack,East & South Eastern Coastal Plain,Sandy Loam,Rabi,Paddy (Rabi),3.31,82.6,38.8,25.8,6.54,0.48,172.2,23.3,Borewell,17.83
Kalahandi,Western Undulating Zone,Red Laterite,Kharif,Groundnut,3.92,0.0,52.0,56.4,5.99,0.68,1182.2,31.9,Rainfed,2.5
Cuttack,East & South Eastern Coastal Plain,Alluvial,Rabi,Paddy (Rabi),1.3,137.3,45.5,37.3,6.41,0.51,208.8,24.5,Rainfed,27.73
Sundargarh,North Western Plateau,Red Laterite,Rabi,Mustard,1.07,19.3,40.1,22.4,5.29,0.38,158.1,20.7,Borewell,2.5
Koraput,Eastern Ghat High Land,Sandy Loam,Kharif,Ragi (Mandia),2.83,0.0,46.9,30.2,5.49,0.6,1061.2,21.4,Rainfed,2.5
Kalahandi,Western Undulating Zone,Red Laterite,Kharif,Ragi (Mandia),1.57,71.0,17.8,48.8,6.65,0.56,628.6,29.1,Borewell,11.0
Sambalpur,Western Central Table Land,Black Soil,Rabi,Paddy (Rabi),0.56,92.9,56.2,61.4,6.38,0.6,138.7,25.8,Canal,37.52
Kalahandi,Western Undulating Zone,Black Soil,Kharif,Ragi (Mandia),1.35,71.3,20.6,35.1,6.56,0.63,1176.1,29.6,Rainfed,9.04
Ganjam,South Eastern Coastal Plain,Alluvial,Kharif,Ragi (Mandia),0.95,57.8,35.3,30.5,6.6,0.76,1363.0,29.5,Borewell,9.54
Balasore,North Eastern Coastal Plain,Alluvial,Kharif,Paddy (Kharif),1.64,108.6,49.5,33.9,6.6,0.85,1570.0,27.6,Rainfed,24.65
Mayurbhanj,North Central Plateau,Red Laterite,Kharif,Ragi (Mandia),0.38,40.3,13.2,31.5,5.33,0.4,1493.9,25.8,Borewell,6.0
Ganjam,South Eastern Coastal Plain,Alluvial,Kharif,Paddy (Kharif),2.62,118.5,46.2,44.5,7.23,0.58,1460.2,30.8,Borewell,27.46
Cuttack,East & South Eastern Coastal Plain,Sandy Loam,Rabi,Green Gram (Moong),3.46,34.7,58.7,14.7,7.09,0.4,243.7,23.8,Borewell,4.21
Sambalpur,Western Central Table Land,Black Soil,Kharif,Paddy (Kharif),2.25,80.1,65.1,23.9,6.63,0.6,1523.1,25.5,Canal,14.07
Puri,East & South Eastern Coastal Plain,Alluvial,Kharif,Groundnut,0.88,31.6,50.5,40.3,6.52,0.65,1493.5,29.0,Borewell,9.7
Balasore,North Eastern Coastal Plain,Alluvial,Rabi,Paddy (Rabi),5.2,102.4,49.2,41.9,6.69,0.55,48.1,22.7,Borewell,23.2
Koraput,Eastern Ghat High Land,Sandy Loam,Kharif,Ragi (Mandia),3.85,62.1,34.0,36.6,6.45,0.6,1579.8,24.7,Rainfed,11.52
Sambalpur,Western Central Table Land,Black Soil,Kharif,Maize,3.6,92.4,68.1,57.1,6.57,0.7,1397.8,28.0,Canal,23.32
Sambalpur,Western Central Table Land,Red Laterite,Rabi,Paddy (Rabi),2.24,71.7,35.9,50.9,6.46,0.77,166.3,24.1,Rainfed,20.91
Sambalpur,Western Central Table Land,Black Soil,Kharif,Maize,1.42,110.4,64.2,64.3,6.24,0.32,1616.2,28.2,Rainfed,22.85
Sundargarh,North Western Plateau,Sandy Loam,Kharif,Ragi (Mandia),0.52,29.4,16.4,18.6,5.08,0.77,1540.3,29.3,Borewell,4.59
Balasore,North Eastern Coastal Plain,Sandy Loam,Rabi,Mustard,0.89,77.7,37.4,36.4,6.82,0.84,188.7,22.9,Rainfed,7.51
Sambalpur,Western Central Table Land,Red Laterite,Rabi,Paddy (Rabi),1.03,126.2,50.4,42.5,7.22,0.42,141.1,23.4,Canal,24.11
Cuttack,East & South Eastern Coastal Plain,Alluvial,Rabi,Green Gram (Moong),1.16,0.0,53.6,9.4,6.77,0.54,225.5,24.9,Borewell,2.5
Mayurbhanj,North Central Plateau,Red Laterite,Rabi,Mustard,3.43,11.8,17.0,41.7,5.17,0.62,185.2,25.0,Rainfed,2.5
Balasore,North Eastern Coastal Plain,Alluvial,Kharif,Paddy (Kharif),0.78,73.6,54.1,67.8,6.18,0.42,1531.3,27.7,Borewell,23.38
Cuttack,East & South Eastern Coastal Plain,Sandy Loam,Rabi,Mustard,1.06,43.5,43.2,49.9,6.9,0.36,113.6,22.3,Borewell,7.23
Cuttack,East & South Eastern Coastal Plain,Sandy Loam,Rabi,Mustard,4.38,32.7,12.7,28.1,6.14,0.65,156.3,25.4,Rainfed,4.47
Sambalpur,Western Central Table Land,Black Soil,Rabi,Green Gram (Moong),2.03,45.3,50.4,35.1,6.39,0.74,234.3,23.5,Rainfed,5.79
Sambalpur,Western Central Table Land,Red Laterite,Kharif,Maize,3.22,121.7,58.9,18.1,6.18,0.53,1485.2,29.4,Canal,13.56
Sambalpur,Western Central Table Land,Red Laterite,Rabi,Green Gram (Moong),3.53,36.3,42.9,41.4,7.31,0.43,116.0,22.6,Canal,6.09
Kalahandi,Western Undulating Zone,Black Soil,Kharif,Ragi (Mandia),0.66,60.4,11.6,47.7,6.24,0.38,1092.4,32.4,Rainfed,8.02
Sambalpur,Western Central Table Land,Red Laterite,Kharif,Paddy (Kharif),1.77,99.2,51.4,47.5,7.22,0.61,1073.6,26.0,Canal,16.95
Sundargarh,North Western Plateau,Sandy Loam,Kharif,Ragi (Mandia),3.97,22.4,16.7,56.3,5.57,0.38,1308.9,27.4,Borewell,2.5
Mayurbhanj,North Central Plateau,Red Laterite,Kharif,Maize,0.92,88.4,45.6,32.2,5.65,0.63,1354.3,26.0,Borewell,13.66
Sundargarh,North Western Plateau,Sandy Loam,Kharif,Ragi (Mandia),1.16,51.4,34.8,23.2,4.29,0.39,1500.5,26.4,Borewell,4.88
Sambalpur,Western Central Table Land,Black Soil,Rabi,Green Gram (Moong),2.8,28.4,51.0,15.7,6.04,0.49,111.9,23.5,Canal,6.56
Bargarh,Western Central Table Land,Black Soil,Kharif,Paddy (Kharif),3.28,110.1,43.9,24.1,6.17,0.36,1219.8,28.4,Canal,19.75
Bargarh,Western Central Table Land,Black Soil,Kharif,Groundnut,1.87,50.3,62.3,58.2,6.39,0.42,1212.0,27.2,Canal,10.57
Balasore,North Eastern Coastal Plain,Alluvial,Kharif,Paddy (Kharif),1.65,157.8,47.0,46.9,6.29,0.59,1360.6,29.6,Borewell,27.94
Koraput,Eastern Ghat High Land,Sandy Loam,Kharif,Ragi (Mandia),1.26,35.3,6.7,37.5,5.5,0.48,1666.0,24.9,Rainfed,4.23
Sambalpur,Western Central Table Land,Black Soil,Kharif,Paddy (Kharif),0.88,85.7,27.6,55.1,6.66,0.82,1633.2,28.5,Rainfed,19.62
Koraput,Eastern Ghat High Land,Sandy Loam,Kharif,Ragi (Mandia),0.87,45.0,21.0,37.7,5.42,0.53,1214.9,25.6,Borewell,12.33
Balasore,North Eastern Coastal Plain,Alluvial,Rabi,Paddy (Rabi),3.48,89.4,44.1,50.7,6.72,0.53,128.5,19.1,Borewell,22.57
Kalahandi,Western Undulating Zone,Black Soil,Kharif,Maize,0.37,100.1,48.4,45.9,6.23,0.61,1399.8,28.1,Rainfed,19.45
Balasore,North Eastern Coastal Plain,Sandy Loam,Kharif,Paddy (Kharif),1.49,69.1,21.4,47.7,5.62,0.4,1272.7,27.4,Rainfed,12.35
Sundargarh,North Western Plateau,Red Laterite,Rabi,Mustard,0.95,52.6,44.0,17.8,5.06,0.65,211.9,24.1,Rainfed,3.97
Kalahandi,Western Undulating Zone,Red Laterite,Kharif,Groundnut,2.3,7.8,66.4,47.0,6.37,0.18,907.4,28.9,Rainfed,3.97
Ganjam,South Eastern Coastal Plain,Red Laterite,Kharif,Ragi (Mandia),1.81,18.0,55.1,36.3,6.82,0.27,1168.1,29.2,Borewell,6.16
Cuttack,East & South Eastern Coastal Plain,Sandy Loam,Rabi,Paddy (Rabi),0.46,131.6,53.2,32.1,5.77,0.79,174.2,26.7,Borewell,24.2
Balasore,North Eastern Coastal Plain,Alluvial,Rabi,Mustard,0.25,77.5,32.8,30.9,6.43,0.51,98.2,26.0,Borewell,7.11
Bargarh,Western Central Table Land,Alluvial,Kharif,Groundnut,0.83,0.0,73.3,61.8,6.74,0.54,1456.7,29.1,Canal,3.26
Sambalpur,Western Central Table Land,Red Laterite,Kharif,Maize,0.75,118.8,68.5,23.3,6.82,0.32,958.5,27.0,Rainfed,11.96
Cuttack,East & South Eastern Coastal Plain,Sandy Loam,Rabi,Mustard,3.02,61.8,45.6,15.9,6.44,0.15,178.2,27.5,Borewell,5.85
Sambalpur,Western Central Table Land,Red Laterite,Rabi,Green Gram (Moong),0.97,23.6,37.6,4.9,6.52,0.45,117.1,24.3,Rainfed,2.5
Mayurbhanj,North Central Plateau,Sandy Loam,Kharif,Paddy (Kharif),3.22,89.7,30.1,46.9,6.11,0.32,1652.5,28.1,Borewell,19.6
Ganjam,South Eastern Coastal Plain,Red Laterite,Kharif,Paddy (Kharif),1.76,74.2,49.7,58.9,6.02,0.55,1267.4,27.9,Borewell,19.84
Mayurbhanj,North Central Plateau,Red Laterite,Kharif,Maize,0.94,96.2,44.6,46.4,5.17,0.67,1345.0,24.6,Borewell,11.22
Ganjam,South Eastern Coastal Plain,Alluvial,Kharif,Paddy (Kharif),1.78,78.1,59.2,36.5,6.53,0.63,1122.7,28.8,Borewell,27.35
Kalahandi,Western Undulating Zone,Red Laterite,Kharif,Ragi (Mandia),0.95,35.7,38.1,29.2,6.7,0.56,926.0,28.9,Rainfed,7.41
Bargarh,Western Central Table Land,Alluvial,Kharif,Groundnut,1.81,21.4,43.7,36.0,6.52,0.74,1244.3,26.8,Canal,10.1
Ganjam,South Eastern Coastal Plain,Alluvial,Kharif,Ragi (Mandia),2.02,21.1,17.9,23.2,6.53,0.71,854.4,29.2,Borewell,4.9
Kalahandi,Western Undulating Zone,Black Soil,Kharif,Groundnut,2.29,51.9,40.6,58.6,5.91,0.48,624.9,30.3,Rainfed,13.58
Puri,East & South Eastern Coastal Plain,Alluvial,Kharif,Groundnut,1.4,0.0,42.7,55.9,7.58,0.7,1620.7,25.0,Rainfed,2.5
Balasore,North Eastern Coastal Plain,Sandy Loam,Rabi,Mustard,1.68,68.0,24.7,27.4,5.88,0.59,190.4,25.5,Borewell,3.9
Cuttack,East & South Eastern Coastal Plain,Sandy Loam,Rabi,Green Gram (Moong),0.66,18.6,42.7,27.6,6.81,0.6,137.7,22.8,Rainfed,5.01
Mayurbhanj,North Central Plateau,Sandy Loam,Kharif,Paddy (Kharif),2.77,68.6,38.3,13.2,6.05,0.33,1498.1,25.7,Rainfed,8.67
Ganjam,South Eastern Coastal Plain,Red Laterite,Rabi,Green Gram (Moong),1.5,14.2,58.1,22.7,6.89,0.68,142.1,23.9,Borewell,6.29
Koraput,Eastern Ghat High Land,Sandy Loam,Kharif,Ragi (Mandia),1.92,54.1,44.3,26.1,5.51,0.35,1173.6,24.2,Borewell,8.86
Ganjam,South Eastern Coastal Plain,Alluvial,Kharif,Groundnut,1.59,14.3,32.9,35.3,7.55,0.5,1067.2,32.0,Borewell,4.58
Balasore,North Eastern Coastal Plain,Sandy Loam,Rabi,Green Gram (Moong),0.76,37.4,21.3,38.5,6.5,0.48,226.1,24.2,Rainfed,4.0
Puri,East & South Eastern Coastal Plain,Alluvial,Kharif,Groundnut,0.48,43.4,84.4,52.8,7.11,0.55,1600.2,27.6,Borewell,10.75
Bargarh,Western Central Table Land,Alluvial,Kharif,Groundnut,2.23,34.6,38.9,62.8,6.96,0.65,1438.9,30.3,Canal,12.42
Puri,East & South Eastern Coastal Plain,Coastal Saline,Kharif,Paddy (Kharif),0.9,57.8,45.7,27.0,7.08,0.84,1279.1,29.1,Borewell,6.98
Mayurbhanj,North Central Plateau,Red Laterite,Rabi,Mustard,0.76,12.8,67.3,13.3,5.84,0.49,48.7,23.7,Rainfed,2.5
Puri,East & South Eastern Coastal Plain,Alluvial,Rabi,Green Gram (Moong),3.54,28.3,46.1,31.3,6.69,0.74,175.1,24.2,Borewell,6.58
Bargarh,Western Central Table Land,Black Soil,Kharif,Paddy (Kharif),0.56,128.3,64.8,67.6,7.23,0.61,1267.9,26.9,Canal,26.0
Puri,East & South Eastern Coastal Plain,Coastal Saline,Kharif,Paddy (Kharif),2.83,57.0,54.3,45.5,6.63,0.57,1181.1,29.4,Borewell,14.64
Cuttack,East & South Eastern Coastal Plain,Sandy Loam,Rabi,Mustard,0.62,35.0,65.8,21.2,6.99,0.27,218.9,23.4,Rainfed,6.65
Ganjam,South Eastern Coastal Plain,Red Laterite,Kharif,Paddy (Kharif),0.64,82.9,55.4,17.0,6.81,0.54,1502.7,27.7,Borewell,18.79
Ganjam,South Eastern Coastal Plain,Red Laterite,Rabi,Green Gram (Moong),3.3,0.0,31.0,27.9,6.84,0.31,90.2,24.1,Rainfed,2.5
Sundargarh,North Western Plateau,Sandy Loam,Kharif,Ragi (Mandia),1.2,14.9,36.0,25.0,5.17,0.35,1348.9,26.4,Rainfed,3.93
Balasore,North Eastern Coastal Plain,Alluvial,Kharif,Groundnut,1.63,37.4,45.1,41.8,6.54,0.76,1636.7,25.4,Rainfed,6.72
Ganjam,South Eastern Coastal Plain,Red Laterite,Rabi,Green Gram (Moong),0.33,35.9,50.1,17.6,6.97,0.35,79.7,23.7,Rainfed,6.38
Mayurbhanj,North Central Plateau,Red Laterite,Kharif,Maize,2.19,89.3,65.4,54.3,5.57,0.58,1612.3,27.1,Borewell,24.83
Balasore,North Eastern Coastal Plain,Sandy Loam,Rabi,Green Gram (Moong),2.73,49.7,36.6,27.7,6.47,0.49,164.0,24.5,Borewell,6.55
Sambalpur,Western Central Table Land,Black Soil,Kharif,Paddy (Kharif),1.8,97.8,36.6,45.5,6.09,0.5,1245.0,29.3,Canal,22.8
Mayurbhanj,North Central Plateau,Red Laterite,Rabi,Mustard,1.46,54.3,26.6,49.9,5.88,0.52,140.2,24.8,Rainfed,7.24
Sambalpur,Western Central Table Land,Red Laterite,Kharif,Paddy (Kharif),0.51,106.2,49.2,50.3,6.65,0.5,1228.6,25.9,Canal,21.6
Cuttack,East & South Eastern Coastal Plain,Sandy Loam,Rabi,Paddy (Rabi),0.73,72.2,72.6,44.9,6.51,0.68,192.2,22.4,Borewell,27.61
Koraput,Eastern Ghat High Land,Red Laterite,Kharif,Maize,1.02,88.0,44.4,61.1,5.33,0.53,1763.5,22.0,Rainfed,15.92
Bargarh,Western Central Table Land,Alluvial,Rabi,Paddy (Rabi),2.77,128.5,54.8,79.3,6.87,0.47,160.0,24.8,Canal,28.56
Kalahandi,Western Undulating Zone,Black Soil,Kharif,Maize,0.96,158.1,45.8,17.7,6.71,0.33,1090.2,30.5,Borewell,11.37
Kalahandi,Western Undulating Zone,Black Soil,Kharif,Ragi (Mandia),2.51,54.3,35.2,36.5,5.96,0.15,1046.5,28.5,Rainfed,7.12
Puri,East & South Eastern Coastal Plain,Coastal Saline,Rabi,Green Gram (Moong),1.04,59.4,41.0,8.2,7.61,0.74,265.7,23.3,Rainfed,2.98
Bargarh,Western Central Table Land,Alluvial,Kharif,Groundnut,2.72,20.2,53.3,68.2,6.1,0.34,1364.5,28.9,Canal,12.38
Koraput,Eastern Ghat High Land,Sandy Loam,Kharif,Maize,0.96,91.8,43.2,41.1,5.59,0.6,1516.7,20.9,Borewell,13.2
Cuttack,East & South Eastern Coastal Plain,Sandy Loam,Rabi,Green Gram (Moong),0.94,0.0,46.1,16.5,6.74,0.73,58.5,22.0,Borewell,2.5
Mayurbhanj,North Central Plateau,Red Laterite,Kharif,Maize,0.93,79.7,61.0,71.9,5.33,0.39,1408.4,27.0,Rainfed,15.81
Mayurbhanj,North Central Plateau,Sandy Loam,Kharif,Maize,0.6,110.4,45.0,33.5,5.65,0.6,1322.5,27.8,Rainfed,14.44
Koraput,Eastern Ghat High Land,Red Laterite,Kharif,Maize,2.85,111.9,51.3,37.1,5.61,0.59,1698.9,26.9,Rainfed,16.37
Puri,East & South Eastern Coastal Plain,Coastal Saline,Kharif,Paddy (Kharif),1.22,109.0,50.5,49.3,7.72,0.56,1160.3,26.7,Rainfed,16.15
Bargarh,Western Central Table Land,Alluvial,Rabi,Paddy (Rabi),0.62,81.1,68.4,65.3,6.21,0.62,229.9,28.3,Canal,27.81
Cuttack,East & South Eastern Coastal Plain,Sandy Loam,Rabi,Paddy (Rabi),2.18,111.0,74.6,49.8,6.87,0.38,190.9,26.4,Borewell,26.0
Balasore,North Eastern Coastal Plain,Sandy Loam,Rabi,Mustard,1.27,63.0,26.7,19.8,6.17,0.55,28.2,24.2,Rainfed,7.26
Cuttack,East & South Eastern Coastal Plain,Sandy Loam,Rabi,Mustard,2.1,55.1,43.1,24.0,6.59,0.47,81.6,27.6,Rainfed,5.49
Bargarh,Western Central Table Land,Alluvial,Rabi,Paddy (Rabi),4.96,86.9,67.0,52.1,6.61,0.53,214.8,27.5,Rainfed,29.71
Puri,East & South Eastern Coastal Plain,Coastal Saline,Kharif,Paddy (Kharif),1.61,92.9,37.9,37.7,7.11,0.8,1055.0,28.3,Borewell,24.09
Cuttack,East & South Eastern Coastal Plain,Sandy Loam,Rabi,Mustard,0.77,52.4,35.0,0.0,6.67,0.75,202.6,22.1,Borewell,2.5
Sundargarh,North Western Plateau,Red Laterite,Rabi,Mustard,2.94,76.4,13.3,37.8,5.71,0.81,214.8,24.0,Rainfed,2.5
Kalahandi,Western Undulating Zone,Red Laterite,Kharif,Maize,0.31,120.9,65.6,31.2,5.73,0.63,917.7,27.5,Rainfed,17.72
Mayurbhanj,North Central Plateau,Red Laterite,Rabi,Mustard,0.86,70.8,33.4,11.4,6.23,0.5,94.8,24.6,Rainfed,3.77
Bargarh,Western Central Table Land,Black Soil,Kharif,Groundnut,1.7,28.9,29.8,73.6,6.76,0.75,1529.8,29.5,Canal,10.75
Mayurbhanj,North Central Plateau,Red Laterite,Kharif,Ragi (Mandia),2.84,30.6,0.0,6.3,5.39,0.38,1498.7,26.4,Rainfed,2.5
Cuttack,East & South Eastern Coastal Plain,Sandy Loam,Kharif,Paddy (Kharif),1.65,95.0,22.2,25.0,6.42,0.44,1702.8,25.9,Borewell,14.15
Sambalpur,Western Central Table Land,Red Laterite,Kharif,Maize,2.46,89.9,39.2,25.9,6.79,0.59,1409.5,28.7,Canal,11.73
Balasore,North Eastern Coastal Plain,Sandy Loam,Rabi,Paddy (Rabi),0.83,91.8,51.3,51.9,6.94,0.66,175.5,22.2,Borewell,25.32
Sundargarh,North Western Plateau,Sandy Loam,Kharif,Ragi (Mandia),1.45,68.3,42.5,34.2,5.29,0.47,1036.5,26.7,Rainfed,11.13
Sundargarh,North Western Plateau,Red Laterite,Kharif,Ragi (Mandia),0.85,52.9,42.8,36.4,5.43,0.32,1620.2,27.5,Rainfed,10.09
Kalahandi,Western Undulating Zone,Red Laterite,Kharif,Ragi (Mandia),1.15,5.1,41.5,0.0,6.11,0.59,1137.9,31.5,Borewell,2.5
Puri,East & South Eastern Coastal Plain,Alluvial,Kharif,Paddy (Kharif),1.43,94.1,56.7,45.9,6.88,0.54,1881.8,26.8,Borewell,23.99
Balasore,North Eastern Coastal Plain,Sandy Loam,Kharif,Paddy (Kharif),0.98,64.5,20.8,33.1,6.31,0.5,1737.2,28.3,Rainfed,8.63
Sambalpur,Western Central Table Land,Red Laterite,Rabi,Green Gram (Moong),1.02,28.6,64.1,18.5,6.51,0.36,204.1,23.2,Canal,4.51
Kalahandi,Western Undulating Zone,Black Soil,Kharif,Groundnut,0.32,8.6,68.4,61.5,6.24,0.79,797.4,28.9,Rainfed,5.41
Sambalpur,Western Central Table Land,Red Laterite,Rabi,Paddy (Rabi),1.57,96.5,58.3,66.0,5.8,0.56,175.3,26.3,Rainfed,26.54
Bargarh,Western Central Table Land,Alluvial,Rabi,Paddy (Rabi),1.04,110.2,29.8,40.2,6.99,0.28,170.9,24.6,Canal,17.37
Puri,East & South Eastern Coastal Plain,Alluvial,Kharif,Paddy (Kharif),1.83,86.6,58.2,38.3,6.93,0.45,1707.3,29.1,Rainfed,19.4
Sundargarh,North Western Plateau,Sandy Loam,Rabi,Mustard,1.55,53.9,41.3,20.9,4.88,0.51,62.4,24.4,Rainfed,3.69
Sundargarh,North Western Plateau,Sandy Loam,Rabi,Mustard,0.65,46.5,20.8,46.5,5.15,0.47,155.8,24.5,Borewell,2.5
Cuttack,East & South Eastern Coastal Plain,Sandy Loam,Rabi,Paddy (Rabi),0.66,93.0,60.6,37.1,6.8,0.47,353.4,24.3,Borewell,24.3
Puri,East & South Eastern Coastal Plain,Coastal Saline,Rabi,Paddy (Rabi),2.34,107.9,40.2,46.6,7.05,0.7,66.2,28.3,Borewell,20.1
Sundargarh,North Western Plateau,Red Laterite,Rabi,Mustard,4.56,60.6,41.9,43.0,5.05,0.68,157.8,23.8,Rainfed,6.29
Kalahandi,Western Undulating Zone,Black Soil,Kharif,Groundnut,1.3,39.5,56.0,48.4,5.81,0.29,1184.0,26.9,Rainfed,12.39
Sambalpur,Western Central Table Land,Black Soil,Rabi,Paddy (Rabi),1.79,127.0,45.1,66.3,6.44,0.66,126.2,28.8,Canal,32.02
Balasore,North Eastern Coastal Plain,Alluvial,Kharif,Paddy (Kharif),1.14,59.5,26.9,62.3,6.64,0.61,1330.1,28.4,Rainfed,10.84
Bargarh,Western Central Table Land,Alluvial,Rabi,Paddy (Rabi),0.98,124.7,65.5,48.1,6.7,0.55,101.8,27.8,Canal,25.5
Puri,East & South Eastern Coastal Plain,Alluvial,Kharif,Paddy (Kharif),1.11,128.9,50.4,60.0,6.45,0.74,1320.1,28.9,Borewell,27.35
Koraput,Eastern Ghat High Land,Red Laterite,Kharif,Ragi (Mandia),3.25,46.0,36.6,6.6,5.22,0.64,1278.4,23.4,Rainfed,4.5
Kalahandi,Western Undulating Zone,Black Soil,Kharif,Maize,7.64,132.6,60.9,42.8,6.72,0.28,1398.8,27.7,Borewell,25.62
Koraput,Eastern Ghat High Land,Red Laterite,Kharif,Ragi (Mandia),2.35,66.2,18.8,10.9,5.86,0.57,1682.7,23.3,Borewell,4.73
Kalahandi,Western Undulating Zone,Black Soil,Kharif,Ragi (Mandia),2.03,107.7,20.8,32.5,6.11,0.66,1079.7,30.3,Rainfed,10.78
Cuttack,East & South Eastern Coastal Plain,Alluvial,Kharif,Paddy (Kharif),2.23,67.2,47.4,62.2,7.08,0.54,1553.9,29.2,Rainfed,22.78
Kalahandi,Western Undulating Zone,Black Soil,Kharif,Maize,1.13,102.1,39.3,35.9,6.35,0.58,987.4,28.1,Rainfed,20.73
Balasore,North Eastern Coastal Plain,Sandy Loam,Kharif,Groundnut,1.28,59.2,49.8,43.9,6.33,0.57,1613.7,30.0,Borewell,11.42
Mayurbhanj,North Central Plateau,Red Laterite,Kharif,Paddy (Kharif),2.04,95.8,71.4,26.8,5.82,0.47,1191.5,28.1,Borewell,15.46
Sundargarh,North Western Plateau,Sandy Loam,Rabi,Mustard,0.64,51.6,44.0,61.2,5.62,0.9,135.9,24.5,Rainfed,7.05
Balasore,North Eastern Coastal Plain,Alluvial,Rabi,Mustard,3.81,13.7,38.5,8.5,6.44,0.37,265.0,24.0,Rainfed,2.5
Cuttack,East & South Eastern Coastal Plain,Sandy Loam,Rabi,Mustard,1.2,71.8,32.8,7.2,5.91,0.58,204.2,23.5,Rainfed,2.5
Balasore,North Eastern Coastal Plain,Sandy Loam,Rabi,Paddy (Rabi),1.04,140.4,45.3,42.9,6.6,0.49,187.0,21.6,Borewell,24.51
Balasore,North Eastern Coastal Plain,Sandy Loam,Rabi,Green Gram (Moong),1.45,0.0,46.0,0.0,5.85,0.67,125.0,21.5,Rainfed,2.5
Kalahandi,Western Undulating Zone,Black Soil,Kharif,Groundnut,3.89,33.4,60.9,43.0,6.69,0.55,1505.6,32.1,Rainfed,13.89
Ganjam,South Eastern Coastal Plain,Red Laterite,Kharif,Groundnut,0.98,18.2,50.6,60.8,6.4,0.51,1136.5,29.4,Borewell,6.96
Balasore,North Eastern Coastal Plain,Sandy Loam,Kharif,Paddy (Kharif),3.04,70.6,19.8,48.3,6.07,0.72,1864.4,29.9,Rainfed,7.97
Balasore,North Eastern Coastal Plain,Alluvial,Rabi,Green Gram (Moong),2.85,0.0,43.7,19.8,6.29,0.53,199.6,23.4,Borewell,2.5
Cuttack,East & South Eastern Coastal Plain,Alluvial,Rabi,Paddy (Rabi),1.91,88.8,7.7,19.2,6.88,0.53,204.9,24.0,Rainfed,5.85
Mayurbhanj,North Central Plateau,Sandy Loam,Rabi,Mustard,1.11,106.7,27.3,21.3,5.63,0.59,20.0,23.9,Rainfed,4.58
Bargarh,Western Central Table Land,Alluvial,Rabi,Paddy (Rabi),1.52,124.7,25.9,34.1,7.48,0.72,215.7,24.5,Rainfed,10.07
Bargarh,Western Central Table Land,Black Soil,Kharif,Groundnut,1.44,10.0,57.8,23.3,6.63,0.59,1241.6,29.5,Canal,5.9
Sambalpur,Western Central Table Land,Black Soil,Kharif,Paddy (Kharif),2.13,89.5,68.3,50.1,6.45,0.7,1453.4,26.8,Canal,30.53
Cuttack,East & South Eastern Coastal Plain,Sandy Loam,Kharif,Paddy (Kharif),3.27,124.1,45.4,47.0,6.52,0.46,1348.9,30.1,Borewell,23.29
Mayurbhanj,North Central Plateau,Sandy Loam,Kharif,Maize,0.44,123.2,53.4,62.0,6.02,0.7,1351.1,29.1,Rainfed,24.73
Cuttack,East & South Eastern Coastal Plain,Alluvial,Rabi,Paddy (Rabi),1.83,97.6,60.2,69.5,6.55,0.74,68.2,26.2,Rainfed,30.07
Sambalpur,Western Central Table Land,Red Laterite,Kharif,Paddy (Kharif),1.69,108.7,26.7,28.2,6.21,0.67,1076.0,29.4,Rainfed,10.93
Cuttack,East & South Eastern Coastal Plain,Sandy Loam,Rabi,Paddy (Rabi),2.58,101.3,45.0,46.5,6.83,0.43,111.9,24.7,Borewell,23.6
Koraput,Eastern Ghat High Land,Sandy Loam,Kharif,Ragi (Mandia),0.35,39.1,8.6,24.7,5.6,0.62,1950.6,21.7,Borewell,2.84
Kalahandi,Western Undulating Zone,Black Soil,Kharif,Groundnut,3.91,28.9,51.5,44.5,6.28,0.46,1140.6,26.4,Rainfed,12.71
Bargarh,Western Central Table Land,Black Soil,Rabi,Paddy (Rabi),3.51,63.5,72.8,54.5,7.53,0.36,150.7,25.6,Rainfed,18.63
